solid Boom hinge cap
facet normal 0.0 0.0 -1.0
  outer loop
    vertex 40.0 40.0 0.0
    vertex 0.0 0.0 0.0
    vertex 0.0 40.0 0.0
  endloop
endfacet
facet normal 0.0 0.0 -1.0
  outer loop
    vertex 0.0 0.0 0.0
    vertex 40.0 40.0 0.0
    vertex 40.0 0.0 0.0
  endloop
endfacet
facet normal -0.0 -0.0 1.0
  outer loop
    vertex 0.0 0.0 10.0
    vertex 8.16337338131119 15.982006683710459 10.000000000000004
    vertex 0.0 40.0 10.0
  endloop
endfacet
facet normal -0.0 -0.0 1.0
  outer loop
    vertex 8.16337338131119 15.982006683710459 10.000000000000004
    vertex 0.0 0.0 10.0
    vertex 8.451505843608928 15.216457095436358 10.000000000000004
  endloop
endfacet
facet normal -0.0 -0.0 1.0
  outer loop
    vertex 8.451505843608928 15.216457095436358 10.000000000000004
    vertex 0.0 0.0 10.0
    vertex 8.78909073084141 14.471391372262465 10.000000000000004
  endloop
endfacet
facet normal -0.0 -0.0 1.0
  outer loop
    vertex 8.78909073084141 14.471391372262465 10.000000000000004
    vertex 0.0 0.0 10.0
    vertex 9.17468245269453 13.749999999999984 10.000000000000004
  endloop
endfacet
facet normal -0.0 -0.0 1.0
  outer loop
    vertex 9.17468245269453 13.749999999999984 10.000000000000004
    vertex 0.0 0.0 10.0
    vertex 9.606629846218198 13.055372087254957 10.000000000000004
  endloop
endfacet
facet normal -0.0 -0.0 1.0
  outer loop
    vertex 9.606629846218198 13.055372087254957 10.000000000000004
    vertex 0.0 0.0 10.0
    vertex 10.083083246359575 12.390482137390979 10.000000000000004
  endloop
endfacet
facet normal -0.0 -0.0 1.0
  outer loop
    vertex 10.083083246359575 12.390482137390979 10.000000000000004
    vertex 0.0 0.0 10.0
    vertex 10.602002406512797 11.758177311249128 10.000000000000004
  endloop
endfacet
facet normal -0.0 -0.0 1.0
  outer loop
    vertex 10.602002406512797 11.758177311249128 10.000000000000004
    vertex 0.0 0.0 10.0
    vertex 11.16116523516817 11.161165235168145 10.000000000000004
  endloop
endfacet
facet normal -0.0 -0.0 1.0
  outer loop
    vertex 11.16116523516817 11.161165235168145 10.000000000000004
    vertex 0.0 0.0 10.0
    vertex 11.758177311249154 10.602002406512774 10.000000000000004
  endloop
endfacet
facet normal -0.0 -0.0 1.0
  outer loop
    vertex 11.758177311249154 10.602002406512774 10.000000000000004
    vertex 0.0 0.0 10.0
    vertex 12.390482137391006 10.083083246359553 10.000000000000004
  endloop
endfacet
facet normal -0.0 -0.0 1.0
  outer loop
    vertex 12.390482137391006 10.083083246359553 10.000000000000004
    vertex 0.0 0.0 10.0
    vertex 13.055372087254986 9.606629846218178 10.000000000000004
  endloop
endfacet
facet normal -0.0 -0.0 1.0
  outer loop
    vertex 13.055372087254986 9.606629846218178 10.000000000000004
    vertex 0.0 0.0 10.0
    vertex 13.750000000000014 9.174682452694514 10.000000000000004
  endloop
endfacet
facet normal -0.0 -0.0 1.0
  outer loop
    vertex 13.750000000000014 9.174682452694514 10.000000000000004
    vertex 0.0 0.0 10.0
    vertex 14.471391372262497 8.789090730841393 10.000000000000004
  endloop
endfacet
facet normal -0.0 -0.0 1.0
  outer loop
    vertex 14.471391372262497 8.789090730841393 10.000000000000004
    vertex 0.0 0.0 10.0
    vertex 15.21645709543639 8.451505843608913 10.000000000000004
  endloop
endfacet
facet normal -0.0 -0.0 1.0
  outer loop
    vertex 15.21645709543639 8.451505843608913 10.000000000000004
    vertex 0.0 0.0 10.0
    vertex 15.982006683710491 8.16337338131118 10.000000000000004
  endloop
endfacet
facet normal -0.0 -0.0 1.0
  outer loop
    vertex 15.982006683710491 8.16337338131118 10.000000000000004
    vertex 0.0 0.0 10.0
    vertex 40.0 0.0 10.0
  endloop
endfacet
facet normal -0.0 -0.0 1.0
  outer loop
    vertex 0.0 40.0 10.0
    vertex 8.16337338131119 15.982006683710459 10.000000000000004
    vertex 7.925927171386656 16.76476193621847 10.000000000000004
  endloop
endfacet
facet normal -0.0 -0.0 1.0
  outer loop
    vertex 0.0 40.0 10.0
    vertex 7.925927171386656 16.76476193621847 10.000000000000004
    vertex 7.7401839949596285 17.561370974798372 10.000000000000004
  endloop
endfacet
facet normal -0.0 -0.0 1.0
  outer loop
    vertex 0.0 40.0 10.0
    vertex 7.7401839949596285 17.561370974798372 10.000000000000004
    vertex 7.606939232827376 18.368422597249328 10.000000000000004
  endloop
endfacet
facet normal -0.0 -0.0 1.0
  outer loop
    vertex 0.0 40.0 10.0
    vertex 7.606939232827376 18.368422597249328 10.000000000000004
    vertex 7.526763459517461 19.182460884623186 10.000000000000004
  endloop
endfacet
facet normal -0.0 -0.0 1.0
  outer loop
    vertex 0.0 40.0 10.0
    vertex 7.526763459517461 19.182460884623186 10.000000000000004
    vertex 7.5000000000000036 19.99999999999997 10.000000000000004
  endloop
endfacet
facet normal -0.0 -0.0 1.0
  outer loop
    vertex 15.982006683710491 8.16337338131118 10.000000000000004
    vertex 40.0 0.0 10.0
    vertex 16.764761936218502 7.925927171386646 10.000000000000004
  endloop
endfacet
facet normal -0.0 -0.0 1.0
  outer loop
    vertex 16.764761936218502 7.925927171386646 10.000000000000004
    vertex 40.0 0.0 10.0
    vertex 17.561370974798407 7.740183994959621 10.000000000000004
  endloop
endfacet
facet normal -0.0 -0.0 1.0
  outer loop
    vertex 17.561370974798407 7.740183994959621 10.000000000000004
    vertex 40.0 0.0 10.0
    vertex 18.368422597249364 7.606939232827372 10.000000000000004
  endloop
endfacet
facet normal -0.0 -0.0 1.0
  outer loop
    vertex 18.368422597249364 7.606939232827372 10.000000000000004
    vertex 40.0 0.0 10.0
    vertex 19.182460884623218 7.526763459517459 10.000000000000004
  endloop
endfacet
facet normal -0.0 -0.0 1.0
  outer loop
    vertex 19.182460884623218 7.526763459517459 10.000000000000004
    vertex 40.0 0.0 10.0
    vertex 20.000000000000007 7.5000000000000036 10.000000000000004
  endloop
endfacet
facet normal -0.0 -0.0 1.0
  outer loop
    vertex 20.000000000000007 7.5000000000000036 10.000000000000004
    vertex 40.0 0.0 10.0
    vertex 20.817539115376793 7.5267634595174595 10.000000000000004
  endloop
endfacet
facet normal -0.0 -0.0 1.0
  outer loop
    vertex 20.817539115376793 7.5267634595174595 10.000000000000004
    vertex 40.0 0.0 10.0
    vertex 21.631577402750647 7.606939232827373 10.000000000000004
  endloop
endfacet
facet normal -0.0 -0.0 1.0
  outer loop
    vertex 21.631577402750647 7.606939232827373 10.000000000000004
    vertex 40.0 0.0 10.0
    vertex 22.438629025201603 7.740183994959623 10.000000000000004
  endloop
endfacet
facet normal -0.0 -0.0 1.0
  outer loop
    vertex 22.438629025201603 7.740183994959623 10.000000000000004
    vertex 40.0 0.0 10.0
    vertex 23.235238063781512 7.92592717138665 10.000000000000004
  endloop
endfacet
facet normal -0.0 -0.0 1.0
  outer loop
    vertex 23.235238063781512 7.92592717138665 10.000000000000004
    vertex 40.0 0.0 10.0
    vertex 24.01799331628952 8.163373381311184 10.000000000000004
  endloop
endfacet
facet normal -0.0 -0.0 1.0
  outer loop
    vertex 24.01799331628952 8.163373381311184 10.000000000000004
    vertex 40.0 0.0 10.0
    vertex 24.78354290456362 8.451505843608919 10.000000000000004
  endloop
endfacet
facet normal -0.0 -0.0 1.0
  outer loop
    vertex 24.78354290456362 8.451505843608919 10.000000000000004
    vertex 40.0 0.0 10.0
    vertex 25.528608627737515 8.789090730841398 10.000000000000004
  endloop
endfacet
facet normal -0.0 -0.0 1.0
  outer loop
    vertex 25.528608627737515 8.789090730841398 10.000000000000004
    vertex 40.0 0.0 10.0
    vertex 26.249999999999996 9.174682452694519 10.000000000000004
  endloop
endfacet
facet normal -0.0 -0.0 1.0
  outer loop
    vertex 26.249999999999996 9.174682452694519 10.000000000000004
    vertex 40.0 0.0 10.0
    vertex 26.944627912745027 9.606629846218185 10.000000000000004
  endloop
endfacet
facet normal -0.0 -0.0 1.0
  outer loop
    vertex 26.944627912745027 9.606629846218185 10.000000000000004
    vertex 40.0 0.0 10.0
    vertex 27.609517862609003 10.08308324635956 10.000000000000004
  endloop
endfacet
facet normal -0.0 -0.0 1.0
  outer loop
    vertex 27.609517862609003 10.08308324635956 10.000000000000004
    vertex 40.0 0.0 10.0
    vertex 28.241822688750855 10.602002406512785 10.000000000000004
  endloop
endfacet
facet normal -0.0 -0.0 1.0
  outer loop
    vertex 28.241822688750855 10.602002406512785 10.000000000000004
    vertex 40.0 0.0 10.0
    vertex 28.83883476483184 11.161165235168157 10.000000000000004
  endloop
endfacet
facet normal -0.0 -0.0 1.0
  outer loop
    vertex 28.83883476483184 11.161165235168157 10.000000000000004
    vertex 40.0 0.0 10.0
    vertex 29.39799759348721 11.75817731124914 10.000000000000004
  endloop
endfacet
facet normal -0.0 -0.0 1.0
  outer loop
    vertex 29.39799759348721 11.75817731124914 10.000000000000004
    vertex 40.0 0.0 10.0
    vertex 29.91691675364044 12.390482137390993 10.000000000000004
  endloop
endfacet
facet normal -0.0 -0.0 1.0
  outer loop
    vertex 29.91691675364044 12.390482137390993 10.000000000000004
    vertex 40.0 0.0 10.0
    vertex 30.393370153781813 13.055372087254975 10.000000000000004
  endloop
endfacet
facet normal -0.0 -0.0 1.0
  outer loop
    vertex 30.393370153781813 13.055372087254975 10.000000000000004
    vertex 40.0 0.0 10.0
    vertex 30.825317547305485 13.750000000000004 10.000000000000004
  endloop
endfacet
facet normal -0.0 -0.0 1.0
  outer loop
    vertex 30.825317547305485 13.750000000000004 10.000000000000004
    vertex 40.0 0.0 10.0
    vertex 31.210909269158602 14.471391372262485 10.000000000000004
  endloop
endfacet
facet normal -0.0 -0.0 1.0
  outer loop
    vertex 31.210909269158602 14.471391372262485 10.000000000000004
    vertex 40.0 0.0 10.0
    vertex 31.548494156391083 15.21645709543638 10.000000000000004
  endloop
endfacet
facet normal -0.0 -0.0 1.0
  outer loop
    vertex 31.548494156391083 15.21645709543638 10.000000000000004
    vertex 40.0 0.0 10.0
    vertex 31.83662661868882 15.982006683710482 10.000000000000004
  endloop
endfacet
facet normal -0.0 -0.0 1.0
  outer loop
    vertex 31.83662661868882 15.982006683710482 10.000000000000004
    vertex 40.0 0.0 10.0
    vertex 32.07407282861335 16.76476193621849 10.000000000000004
  endloop
endfacet
facet normal -0.0 -0.0 1.0
  outer loop
    vertex 32.07407282861335 16.76476193621849 10.000000000000004
    vertex 40.0 0.0 10.0
    vertex 32.25981600504037 17.561370974798397 10.000000000000004
  endloop
endfacet
facet normal -0.0 -0.0 1.0
  outer loop
    vertex 32.25981600504037 17.561370974798397 10.000000000000004
    vertex 40.0 0.0 10.0
    vertex 32.39306076717263 18.368422597249356 10.000000000000004
  endloop
endfacet
facet normal -0.0 -0.0 1.0
  outer loop
    vertex 32.39306076717263 18.368422597249356 10.000000000000004
    vertex 40.0 0.0 10.0
    vertex 32.473236540482546 19.18246088462321 10.000000000000004
  endloop
endfacet
facet normal -0.0 -0.0 1.0
  outer loop
    vertex 32.473236540482546 19.18246088462321 10.000000000000004
    vertex 40.0 0.0 10.0
    vertex 32.5 20.0 10.000000000000004
  endloop
endfacet
facet normal -0.0 -0.0 1.0
  outer loop
    vertex 0.0 40.0 10.0
    vertex 15.982006683710468 31.836626618688815 10.000000000000004
    vertex 40.0 40.0 10.0
  endloop
endfacet
facet normal -0.0 -0.0 1.0
  outer loop
    vertex 15.982006683710468 31.836626618688815 10.000000000000004
    vertex 0.0 40.0 10.0
    vertex 15.216457095436361 31.548494156391072 10.000000000000004
  endloop
endfacet
facet normal -0.0 -0.0 1.0
  outer loop
    vertex 15.216457095436361 31.548494156391072 10.000000000000004
    vertex 0.0 40.0 10.0
    vertex 14.471391372262465 31.21090926915859 10.000000000000004
  endloop
endfacet
facet normal -0.0 -0.0 1.0
  outer loop
    vertex 14.471391372262465 31.21090926915859 10.000000000000004
    vertex 0.0 40.0 10.0
    vertex 13.749999999999977 30.825317547305467 10.000000000000004
  endloop
endfacet
facet normal -0.0 -0.0 1.0
  outer loop
    vertex 13.749999999999977 30.825317547305467 10.000000000000004
    vertex 0.0 40.0 10.0
    vertex 13.055372087254947 30.393370153781795 10.000000000000004
  endloop
endfacet
facet normal -0.0 -0.0 1.0
  outer loop
    vertex 13.055372087254947 30.393370153781795 10.000000000000004
    vertex 0.0 40.0 10.0
    vertex 12.390482137390965 29.916916753640415 10.000000000000004
  endloop
endfacet
facet normal -0.0 -0.0 1.0
  outer loop
    vertex 12.390482137390965 29.916916753640415 10.000000000000004
    vertex 0.0 40.0 10.0
    vertex 11.75817731124911 29.39799759348719 10.000000000000004
  endloop
endfacet
facet normal -0.0 -0.0 1.0
  outer loop
    vertex 11.75817731124911 29.39799759348719 10.000000000000004
    vertex 0.0 40.0 10.0
    vertex 11.161165235168129 28.838834764831812 10.000000000000004
  endloop
endfacet
facet normal -0.0 -0.0 1.0
  outer loop
    vertex 11.161165235168129 28.838834764831812 10.000000000000004
    vertex 0.0 40.0 10.0
    vertex 10.602002406512758 28.241822688750826 10.000000000000004
  endloop
endfacet
facet normal -0.0 -0.0 1.0
  outer loop
    vertex 10.602002406512758 28.241822688750826 10.000000000000004
    vertex 0.0 40.0 10.0
    vertex 10.08308324635954 27.609517862608975 10.000000000000004
  endloop
endfacet
facet normal -0.0 -0.0 1.0
  outer loop
    vertex 10.08308324635954 27.609517862608975 10.000000000000004
    vertex 0.0 40.0 10.0
    vertex 9.606629846218166 26.944627912745 10.000000000000004
  endloop
endfacet
facet normal -0.0 -0.0 1.0
  outer loop
    vertex 9.606629846218166 26.944627912745 10.000000000000004
    vertex 0.0 40.0 10.0
    vertex 9.174682452694501 26.249999999999968 10.000000000000004
  endloop
endfacet
facet normal -0.0 -0.0 1.0
  outer loop
    vertex 9.174682452694501 26.249999999999968 10.000000000000004
    vertex 0.0 40.0 10.0
    vertex 8.789090730841382 25.52860862773748 10.000000000000004
  endloop
endfacet
facet normal -0.0 -0.0 1.0
  outer loop
    vertex 8.789090730841382 25.52860862773748 10.000000000000004
    vertex 0.0 40.0 10.0
    vertex 8.451505843608905 24.78354290456359 10.000000000000004
  endloop
endfacet
facet normal -0.0 -0.0 1.0
  outer loop
    vertex 8.451505843608905 24.78354290456359 10.000000000000004
    vertex 0.0 40.0 10.0
    vertex 8.163373381311171 24.017993316289488 10.000000000000004
  endloop
endfacet
facet normal -0.0 -0.0 1.0
  outer loop
    vertex 8.163373381311171 24.017993316289488 10.000000000000004
    vertex 0.0 40.0 10.0
    vertex 7.925927171386641 23.235238063781477 10.000000000000004
  endloop
endfacet
facet normal -0.0 -0.0 1.0
  outer loop
    vertex 7.925927171386641 23.235238063781477 10.000000000000004
    vertex 0.0 40.0 10.0
    vertex 7.740183994959616 22.43862902520157 10.000000000000004
  endloop
endfacet
facet normal -0.0 -0.0 1.0
  outer loop
    vertex 7.740183994959616 22.43862902520157 10.000000000000004
    vertex 0.0 40.0 10.0
    vertex 7.606939232827369 21.631577402750615 10.000000000000004
  endloop
endfacet
facet normal -0.0 -0.0 1.0
  outer loop
    vertex 7.606939232827369 21.631577402750615 10.000000000000004
    vertex 0.0 40.0 10.0
    vertex 7.526763459517457 20.81753911537676 10.000000000000004
  endloop
endfacet
facet normal -0.0 -0.0 1.0
  outer loop
    vertex 7.526763459517457 20.81753911537676 10.000000000000004
    vertex 0.0 40.0 10.0
    vertex 7.5000000000000036 19.99999999999997 10.000000000000004
  endloop
endfacet
facet normal -0.0 -0.0 1.0
  outer loop
    vertex 40.0 40.0 10.0
    vertex 15.982006683710468 31.836626618688815 10.000000000000004
    vertex 16.764761936218484 32.074072828613346 10.000000000000004
  endloop
endfacet
facet normal -0.0 -0.0 1.0
  outer loop
    vertex 40.0 40.0 10.0
    vertex 16.764761936218484 32.074072828613346 10.000000000000004
    vertex 17.561370974798393 32.25981600504037 10.000000000000004
  endloop
endfacet
facet normal -0.0 -0.0 1.0
  outer loop
    vertex 40.0 40.0 10.0
    vertex 17.561370974798393 32.25981600504037 10.000000000000004
    vertex 18.368422597249356 32.39306076717263 10.000000000000004
  endloop
endfacet
facet normal -0.0 -0.0 1.0
  outer loop
    vertex 40.0 40.0 10.0
    vertex 18.368422597249356 32.39306076717263 10.000000000000004
    vertex 19.182460884623215 32.473236540482546 10.000000000000004
  endloop
endfacet
facet normal -0.0 -0.0 1.0
  outer loop
    vertex 40.0 40.0 10.0
    vertex 19.182460884623215 32.473236540482546 10.000000000000004
    vertex 20.000000000000007 32.5 10.000000000000004
  endloop
endfacet
facet normal -0.0 -0.0 1.0
  outer loop
    vertex 40.0 40.0 10.0
    vertex 20.000000000000007 32.5 10.000000000000004
    vertex 20.8175391153768 32.473236540482546 10.000000000000004
  endloop
endfacet
facet normal -0.0 -0.0 1.0
  outer loop
    vertex 40.0 40.0 10.0
    vertex 20.8175391153768 32.473236540482546 10.000000000000004
    vertex 21.63157740275066 32.39306076717263 10.000000000000004
  endloop
endfacet
facet normal -0.0 -0.0 1.0
  outer loop
    vertex 40.0 40.0 10.0
    vertex 21.63157740275066 32.39306076717263 10.000000000000004
    vertex 22.438629025201625 32.25981600504037 10.000000000000004
  endloop
endfacet
facet normal -0.0 -0.0 1.0
  outer loop
    vertex 40.0 40.0 10.0
    vertex 22.438629025201625 32.25981600504037 10.000000000000004
    vertex 23.235238063781534 32.074072828613346 10.000000000000004
  endloop
endfacet
facet normal -0.0 -0.0 1.0
  outer loop
    vertex 40.0 40.0 10.0
    vertex 23.235238063781534 32.074072828613346 10.000000000000004
    vertex 24.017993316289548 31.836626618688808 10.000000000000004
  endloop
endfacet
facet normal -0.0 -0.0 1.0
  outer loop
    vertex 40.0 40.0 10.0
    vertex 24.017993316289548 31.836626618688808 10.000000000000004
    vertex 24.783542904563653 31.548494156391065 10.000000000000004
  endloop
endfacet
facet normal -0.0 -0.0 1.0
  outer loop
    vertex 40.0 40.0 10.0
    vertex 24.783542904563653 31.548494156391065 10.000000000000004
    vertex 25.528608627737555 31.21090926915858 10.000000000000004
  endloop
endfacet
facet normal -0.0 -0.0 1.0
  outer loop
    vertex 40.0 40.0 10.0
    vertex 25.528608627737555 31.21090926915858 10.000000000000004
    vertex 26.250000000000036 30.825317547305456 10.000000000000004
  endloop
endfacet
facet normal -0.0 -0.0 1.0
  outer loop
    vertex 40.0 40.0 10.0
    vertex 26.250000000000036 30.825317547305456 10.000000000000004
    vertex 26.944627912745066 30.393370153781785 10.000000000000004
  endloop
endfacet
facet normal -0.0 -0.0 1.0
  outer loop
    vertex 40.0 40.0 10.0
    vertex 26.944627912745066 30.393370153781785 10.000000000000004
    vertex 27.60951786260905 29.916916753640404 10.000000000000004
  endloop
endfacet
facet normal -0.0 -0.0 1.0
  outer loop
    vertex 40.0 40.0 10.0
    vertex 27.60951786260905 29.916916753640404 10.000000000000004
    vertex 28.2418226887509 29.397997593487176 10.000000000000004
  endloop
endfacet
facet normal -0.0 -0.0 1.0
  outer loop
    vertex 40.0 40.0 10.0
    vertex 28.2418226887509 29.397997593487176 10.000000000000004
    vertex 28.838834764831887 28.838834764831795 10.000000000000004
  endloop
endfacet
facet normal -0.0 -0.0 1.0
  outer loop
    vertex 40.0 40.0 10.0
    vertex 28.838834764831887 28.838834764831795 10.000000000000004
    vertex 29.39799759348726 28.241822688750805 10.000000000000004
  endloop
endfacet
facet normal -0.0 -0.0 1.0
  outer loop
    vertex 40.0 40.0 10.0
    vertex 29.39799759348726 28.241822688750805 10.000000000000004
    vertex 29.916916753640482 27.609517862608946 10.000000000000004
  endloop
endfacet
facet normal -0.0 -0.0 1.0
  outer loop
    vertex 40.0 40.0 10.0
    vertex 29.916916753640482 27.609517862608946 10.000000000000004
    vertex 30.39337015378186 26.944627912744963 10.000000000000004
  endloop
endfacet
facet normal -0.0 -0.0 1.0
  outer loop
    vertex 40.0 40.0 10.0
    vertex 30.39337015378186 26.944627912744963 10.000000000000004
    vertex 30.825317547305524 26.24999999999993 10.000000000000004
  endloop
endfacet
facet normal -0.0 -0.0 1.0
  outer loop
    vertex 40.0 40.0 10.0
    vertex 30.825317547305524 26.24999999999993 10.000000000000004
    vertex 31.210909269158638 25.528608627737437 10.000000000000004
  endloop
endfacet
facet normal -0.0 -0.0 1.0
  outer loop
    vertex 40.0 40.0 10.0
    vertex 31.210909269158638 25.528608627737437 10.000000000000004
    vertex 31.54849415639112 24.783542904563536 10.000000000000004
  endloop
endfacet
facet normal -0.0 -0.0 1.0
  outer loop
    vertex 40.0 40.0 10.0
    vertex 31.54849415639112 24.783542904563536 10.000000000000004
    vertex 31.836626618688847 24.017993316289427 10.000000000000004
  endloop
endfacet
facet normal -0.0 -0.0 1.0
  outer loop
    vertex 40.0 40.0 10.0
    vertex 31.836626618688847 24.017993316289427 10.000000000000004
    vertex 32.074072828613374 23.23523806378141 10.000000000000004
  endloop
endfacet
facet normal -0.0 -0.0 1.0
  outer loop
    vertex 40.0 40.0 10.0
    vertex 32.074072828613374 23.23523806378141 10.000000000000004
    vertex 32.2598160050404 22.4386290252015 10.000000000000004
  endloop
endfacet
facet normal -0.0 -0.0 1.0
  outer loop
    vertex 40.0 40.0 10.0
    vertex 32.2598160050404 22.4386290252015 10.000000000000004
    vertex 32.39306076717264 21.631577402750537 10.000000000000004
  endloop
endfacet
facet normal -0.0 -0.0 1.0
  outer loop
    vertex 40.0 40.0 10.0
    vertex 32.39306076717264 21.631577402750537 10.000000000000004
    vertex 32.473236540482546 20.817539115376675 10.000000000000004
  endloop
endfacet
facet normal -0.0 -0.0 1.0
  outer loop
    vertex 40.0 40.0 10.0
    vertex 32.473236540482546 20.817539115376675 10.000000000000004
    vertex 32.5 20.0 10.000000000000004
  endloop
endfacet
facet normal -0.0 -0.0 1.0
  outer loop
    vertex 40.0 40.0 10.0
    vertex 32.5 20.0 10.000000000000004
    vertex 40.0 0.0 10.0
  endloop
endfacet
facet normal -1.0 0.0 0.0
  outer loop
    vertex 0.0 40.0 10.0
    vertex 0.0 0.0 0.0
    vertex 0.0 0.0 10.0
  endloop
endfacet
facet normal -1.0 0.0 0.0
  outer loop
    vertex 0.0 0.0 0.0
    vertex 0.0 40.0 10.0
    vertex 0.0 40.0 0.0
  endloop
endfacet
facet normal -0.0 1.0 0.0
  outer loop
    vertex 0.0 40.0 10.0
    vertex 40.0 40.0 0.0
    vertex 0.0 40.0 0.0
  endloop
endfacet
facet normal -0.0 1.0 0.0
  outer loop
    vertex 40.0 40.0 0.0
    vertex 0.0 40.0 10.0
    vertex 40.0 40.0 10.0
  endloop
endfacet
facet normal 1.0 0.0 0.0
  outer loop
    vertex 40.0 40.0 0.0
    vertex 40.0 0.0 10.0
    vertex 40.0 0.0 0.0
  endloop
endfacet
facet normal 1.0 0.0 0.0
  outer loop
    vertex 40.0 0.0 10.0
    vertex 40.0 40.0 0.0
    vertex 40.0 40.0 10.0
  endloop
endfacet
facet normal -0.0 -1.0 -0.0
  outer loop
    vertex 40.0 0.0 10.0
    vertex 0.0 0.0 0.0
    vertex 40.0 0.0 0.0
  endloop
endfacet
facet normal -0.0 -1.0 -0.0
  outer loop
    vertex 0.0 0.0 0.0
    vertex 40.0 0.0 10.0
    vertex 0.0 0.0 10.0
  endloop
endfacet
facet normal 0.0 0.0 1.0
  outer loop
    vertex 7.526763459517461 19.182460884623186 5.000000000000003
    vertex 7.526763459517457 20.81753911537676 5.000000000000003
    vertex 7.5000000000000036 19.99999999999997 5.000000000000003
  endloop
endfacet
facet normal 0.0 0.0 1.0
  outer loop
    vertex 7.526763459517457 20.81753911537676 5.000000000000003
    vertex 7.526763459517461 19.182460884623186 5.000000000000003
    vertex 7.606939232827369 21.631577402750615 5.000000000000003
  endloop
endfacet
facet normal 0.0 0.0 1.0
  outer loop
    vertex 7.606939232827369 21.631577402750615 5.000000000000003
    vertex 7.526763459517461 19.182460884623186 5.000000000000003
    vertex 7.606939232827376 18.368422597249328 5.000000000000003
  endloop
endfacet
facet normal 0.0 0.0 1.0
  outer loop
    vertex 7.606939232827369 21.631577402750615 5.000000000000003
    vertex 7.606939232827376 18.368422597249328 5.000000000000003
    vertex 7.740183994959616 22.43862902520157 5.000000000000003
  endloop
endfacet
facet normal 0.0 0.0 1.0
  outer loop
    vertex 7.740183994959616 22.43862902520157 5.000000000000003
    vertex 7.606939232827376 18.368422597249328 5.000000000000003
    vertex 7.7401839949596285 17.561370974798372 5.000000000000003
  endloop
endfacet
facet normal 0.0 0.0 1.0
  outer loop
    vertex 7.740183994959616 22.43862902520157 5.000000000000003
    vertex 7.7401839949596285 17.561370974798372 5.000000000000003
    vertex 7.925927171386641 23.235238063781477 5.000000000000003
  endloop
endfacet
facet normal 0.0 0.0 1.0
  outer loop
    vertex 7.925927171386641 23.235238063781477 5.000000000000003
    vertex 7.7401839949596285 17.561370974798372 5.000000000000003
    vertex 7.925927171386656 16.76476193621847 5.000000000000003
  endloop
endfacet
facet normal 0.0 0.0 1.0
  outer loop
    vertex 7.925927171386641 23.235238063781477 5.000000000000003
    vertex 7.925927171386656 16.76476193621847 5.000000000000003
    vertex 8.163373381311171 24.017993316289488 5.000000000000003
  endloop
endfacet
facet normal 0.0 0.0 1.0
  outer loop
    vertex 8.163373381311171 24.017993316289488 5.000000000000003
    vertex 7.925927171386656 16.76476193621847 5.000000000000003
    vertex 8.16337338131119 15.982006683710459 5.000000000000003
  endloop
endfacet
facet normal 0.0 0.0 1.0
  outer loop
    vertex 8.163373381311171 24.017993316289488 5.000000000000003
    vertex 8.16337338131119 15.982006683710459 5.000000000000003
    vertex 8.451505843608905 24.78354290456359 5.000000000000003
  endloop
endfacet
facet normal 0.0 0.0 1.0
  outer loop
    vertex 8.451505843608905 24.78354290456359 5.000000000000003
    vertex 8.16337338131119 15.982006683710459 5.000000000000003
    vertex 8.451505843608928 15.216457095436358 5.000000000000003
  endloop
endfacet
facet normal 0.0 0.0 1.0
  outer loop
    vertex 8.451505843608905 24.78354290456359 5.000000000000003
    vertex 8.451505843608928 15.216457095436358 5.000000000000003
    vertex 8.789090730841382 25.52860862773748 5.000000000000003
  endloop
endfacet
facet normal 0.0 0.0 1.0
  outer loop
    vertex 8.789090730841382 25.52860862773748 5.000000000000003
    vertex 8.451505843608928 15.216457095436358 5.000000000000003
    vertex 8.78909073084141 14.471391372262465 5.000000000000003
  endloop
endfacet
facet normal 0.0 0.0 1.0
  outer loop
    vertex 8.789090730841382 25.52860862773748 5.000000000000003
    vertex 8.78909073084141 14.471391372262465 5.000000000000003
    vertex 9.174682452694501 26.249999999999968 5.000000000000003
  endloop
endfacet
facet normal 0.0 0.0 1.0
  outer loop
    vertex 9.174682452694501 26.249999999999968 5.000000000000003
    vertex 8.78909073084141 14.471391372262465 5.000000000000003
    vertex 9.17468245269453 13.749999999999984 5.000000000000003
  endloop
endfacet
facet normal 0.0 0.0 1.0
  outer loop
    vertex 9.174682452694501 26.249999999999968 5.000000000000003
    vertex 9.17468245269453 13.749999999999984 5.000000000000003
    vertex 9.606629846218166 26.944627912745 5.000000000000003
  endloop
endfacet
facet normal 0.0 0.0 1.0
  outer loop
    vertex 9.606629846218166 26.944627912745 5.000000000000003
    vertex 9.17468245269453 13.749999999999984 5.000000000000003
    vertex 9.606629846218198 13.055372087254957 5.000000000000003
  endloop
endfacet
facet normal 0.0 0.0 1.0
  outer loop
    vertex 9.606629846218166 26.944627912745 5.000000000000003
    vertex 9.606629846218198 13.055372087254957 5.000000000000003
    vertex 10.08308324635954 27.609517862608975 5.000000000000003
  endloop
endfacet
facet normal 0.0 0.0 1.0
  outer loop
    vertex 10.08308324635954 27.609517862608975 5.000000000000003
    vertex 9.606629846218198 13.055372087254957 5.000000000000003
    vertex 10.083083246359575 12.390482137390979 5.000000000000003
  endloop
endfacet
facet normal 0.0 0.0 1.0
  outer loop
    vertex 10.08308324635954 27.609517862608975 5.000000000000003
    vertex 10.083083246359575 12.390482137390979 5.000000000000003
    vertex 10.602002406512758 28.241822688750826 5.000000000000003
  endloop
endfacet
facet normal 0.0 0.0 1.0
  outer loop
    vertex 10.602002406512758 28.241822688750826 5.000000000000003
    vertex 10.083083246359575 12.390482137390979 5.000000000000003
    vertex 10.602002406512797 11.758177311249128 5.000000000000003
  endloop
endfacet
facet normal 0.0 0.0 1.0
  outer loop
    vertex 10.602002406512758 28.241822688750826 5.000000000000003
    vertex 10.602002406512797 11.758177311249128 5.000000000000003
    vertex 11.161165235168129 28.838834764831812 5.000000000000003
  endloop
endfacet
facet normal 0.0 0.0 1.0
  outer loop
    vertex 11.161165235168129 28.838834764831812 5.000000000000003
    vertex 10.602002406512797 11.758177311249128 5.000000000000003
    vertex 11.16116523516817 11.161165235168145 5.000000000000003
  endloop
endfacet
facet normal 0.0 0.0 1.0
  outer loop
    vertex 11.161165235168129 28.838834764831812 5.000000000000003
    vertex 11.16116523516817 11.161165235168145 5.000000000000003
    vertex 11.75817731124911 29.39799759348719 5.000000000000003
  endloop
endfacet
facet normal 0.0 0.0 1.0
  outer loop
    vertex 11.75817731124911 29.39799759348719 5.000000000000003
    vertex 11.16116523516817 11.161165235168145 5.000000000000003
    vertex 11.758177311249154 10.602002406512774 5.000000000000003
  endloop
endfacet
facet normal 0.0 0.0 1.0
  outer loop
    vertex 11.75817731124911 29.39799759348719 5.000000000000003
    vertex 11.758177311249154 10.602002406512774 5.000000000000003
    vertex 12.390482137390965 29.916916753640415 5.000000000000003
  endloop
endfacet
facet normal 0.0 0.0 1.0
  outer loop
    vertex 12.390482137390965 29.916916753640415 5.000000000000003
    vertex 11.758177311249154 10.602002406512774 5.000000000000003
    vertex 12.390482137391006 10.083083246359553 5.000000000000003
  endloop
endfacet
facet normal 0.0 0.0 1.0
  outer loop
    vertex 12.390482137390965 29.916916753640415 5.000000000000003
    vertex 12.390482137391006 10.083083246359553 5.000000000000003
    vertex 13.055372087254947 30.393370153781795 5.000000000000003
  endloop
endfacet
facet normal 0.0 0.0 1.0
  outer loop
    vertex 13.055372087254947 30.393370153781795 5.000000000000003
    vertex 12.390482137391006 10.083083246359553 5.000000000000003
    vertex 13.055372087254986 9.606629846218178 5.000000000000003
  endloop
endfacet
facet normal 0.0 0.0 1.0
  outer loop
    vertex 13.055372087254947 30.393370153781795 5.000000000000003
    vertex 13.055372087254986 9.606629846218178 5.000000000000003
    vertex 13.749999999999977 30.825317547305467 5.000000000000003
  endloop
endfacet
facet normal 0.0 0.0 1.0
  outer loop
    vertex 13.749999999999977 30.825317547305467 5.000000000000003
    vertex 13.055372087254986 9.606629846218178 5.000000000000003
    vertex 13.750000000000014 9.174682452694514 5.000000000000003
  endloop
endfacet
facet normal 0.0 0.0 1.0
  outer loop
    vertex 13.749999999999977 30.825317547305467 5.000000000000003
    vertex 13.750000000000014 9.174682452694514 5.000000000000003
    vertex 14.471391372262465 31.21090926915859 5.000000000000003
  endloop
endfacet
facet normal 0.0 0.0 1.0
  outer loop
    vertex 14.471391372262465 31.21090926915859 5.000000000000003
    vertex 13.750000000000014 9.174682452694514 5.000000000000003
    vertex 14.471391372262497 8.789090730841393 5.000000000000003
  endloop
endfacet
facet normal 0.0 0.0 1.0
  outer loop
    vertex 14.471391372262465 31.21090926915859 5.000000000000003
    vertex 14.471391372262497 8.789090730841393 5.000000000000003
    vertex 15.216457095436361 31.548494156391072 5.000000000000003
  endloop
endfacet
facet normal 0.0 0.0 1.0
  outer loop
    vertex 15.216457095436361 31.548494156391072 5.000000000000003
    vertex 14.471391372262497 8.789090730841393 5.000000000000003
    vertex 15.21645709543639 8.451505843608913 5.000000000000003
  endloop
endfacet
facet normal 0.0 0.0 1.0
  outer loop
    vertex 15.216457095436361 31.548494156391072 5.000000000000003
    vertex 15.21645709543639 8.451505843608913 5.000000000000003
    vertex 15.982006683710468 31.836626618688815 5.000000000000003
  endloop
endfacet
facet normal 0.0 0.0 1.0
  outer loop
    vertex 15.982006683710468 31.836626618688815 5.000000000000003
    vertex 15.21645709543639 8.451505843608913 5.000000000000003
    vertex 15.982006683710491 8.16337338131118 5.000000000000003
  endloop
endfacet
facet normal 0.0 0.0 1.0
  outer loop
    vertex 15.982006683710468 31.836626618688815 5.000000000000003
    vertex 15.982006683710491 8.16337338131118 5.000000000000003
    vertex 16.764761936218484 32.074072828613346 5.000000000000003
  endloop
endfacet
facet normal 0.0 0.0 1.0
  outer loop
    vertex 16.764761936218484 32.074072828613346 5.000000000000003
    vertex 15.982006683710491 8.16337338131118 5.000000000000003
    vertex 16.764761936218502 7.925927171386646 5.000000000000003
  endloop
endfacet
facet normal 0.0 0.0 1.0
  outer loop
    vertex 16.764761936218484 32.074072828613346 5.000000000000003
    vertex 16.764761936218502 7.925927171386646 5.000000000000003
    vertex 17.561370974798393 32.25981600504037 5.000000000000003
  endloop
endfacet
facet normal 0.0 0.0 1.0
  outer loop
    vertex 17.561370974798393 32.25981600504037 5.000000000000003
    vertex 16.764761936218502 7.925927171386646 5.000000000000003
    vertex 17.561370974798407 7.740183994959621 5.000000000000003
  endloop
endfacet
facet normal 0.0 0.0 1.0
  outer loop
    vertex 17.561370974798393 32.25981600504037 5.000000000000003
    vertex 17.561370974798407 7.740183994959621 5.000000000000003
    vertex 18.368422597249356 32.39306076717263 5.000000000000003
  endloop
endfacet
facet normal 0.0 0.0 1.0
  outer loop
    vertex 18.368422597249356 32.39306076717263 5.000000000000003
    vertex 17.561370974798407 7.740183994959621 5.000000000000003
    vertex 18.368422597249364 7.606939232827372 5.000000000000003
  endloop
endfacet
facet normal 0.0 0.0 1.0
  outer loop
    vertex 18.368422597249356 32.39306076717263 5.000000000000003
    vertex 18.368422597249364 7.606939232827372 5.000000000000003
    vertex 19.182460884623215 32.473236540482546 5.000000000000003
  endloop
endfacet
facet normal 0.0 0.0 1.0
  outer loop
    vertex 19.182460884623215 32.473236540482546 5.000000000000003
    vertex 18.368422597249364 7.606939232827372 5.000000000000003
    vertex 19.182460884623218 7.526763459517459 5.000000000000003
  endloop
endfacet
facet normal 0.0 0.0 1.0
  outer loop
    vertex 19.182460884623215 32.473236540482546 5.000000000000003
    vertex 19.182460884623218 7.526763459517459 5.000000000000003
    vertex 20.000000000000007 32.5 5.000000000000003
  endloop
endfacet
facet normal 0.0 0.0 1.0
  outer loop
    vertex 20.000000000000007 32.5 5.000000000000003
    vertex 19.182460884623218 7.526763459517459 5.000000000000003
    vertex 20.000000000000007 7.5000000000000036 5.000000000000003
  endloop
endfacet
facet normal 0.0 0.0 1.0
  outer loop
    vertex 20.000000000000007 32.5 5.000000000000003
    vertex 20.000000000000007 7.5000000000000036 5.000000000000003
    vertex 20.817539115376793 7.5267634595174595 5.000000000000003
  endloop
endfacet
facet normal 0.0 0.0 1.0
  outer loop
    vertex 20.000000000000007 32.5 5.000000000000003
    vertex 20.817539115376793 7.5267634595174595 5.000000000000003
    vertex 20.8175391153768 32.473236540482546 5.000000000000003
  endloop
endfacet
facet normal 0.0 0.0 1.0
  outer loop
    vertex 20.8175391153768 32.473236540482546 5.000000000000003
    vertex 20.817539115376793 7.5267634595174595 5.000000000000003
    vertex 21.631577402750647 7.606939232827373 5.000000000000003
  endloop
endfacet
facet normal 0.0 0.0 1.0
  outer loop
    vertex 20.8175391153768 32.473236540482546 5.000000000000003
    vertex 21.631577402750647 7.606939232827373 5.000000000000003
    vertex 21.63157740275066 32.39306076717263 5.000000000000003
  endloop
endfacet
facet normal 0.0 0.0 1.0
  outer loop
    vertex 21.63157740275066 32.39306076717263 5.000000000000003
    vertex 21.631577402750647 7.606939232827373 5.000000000000003
    vertex 22.438629025201603 7.740183994959623 5.000000000000003
  endloop
endfacet
facet normal 0.0 0.0 1.0
  outer loop
    vertex 21.63157740275066 32.39306076717263 5.000000000000003
    vertex 22.438629025201603 7.740183994959623 5.000000000000003
    vertex 22.438629025201625 32.25981600504037 5.000000000000003
  endloop
endfacet
facet normal 0.0 0.0 1.0
  outer loop
    vertex 22.438629025201625 32.25981600504037 5.000000000000003
    vertex 22.438629025201603 7.740183994959623 5.000000000000003
    vertex 23.235238063781512 7.92592717138665 5.000000000000003
  endloop
endfacet
facet normal 0.0 0.0 1.0
  outer loop
    vertex 22.438629025201625 32.25981600504037 5.000000000000003
    vertex 23.235238063781512 7.92592717138665 5.000000000000003
    vertex 23.235238063781534 32.074072828613346 5.000000000000003
  endloop
endfacet
facet normal 0.0 0.0 1.0
  outer loop
    vertex 23.235238063781534 32.074072828613346 5.000000000000003
    vertex 23.235238063781512 7.92592717138665 5.000000000000003
    vertex 24.01799331628952 8.163373381311184 5.000000000000003
  endloop
endfacet
facet normal 0.0 0.0 1.0
  outer loop
    vertex 23.235238063781534 32.074072828613346 5.000000000000003
    vertex 24.01799331628952 8.163373381311184 5.000000000000003
    vertex 24.017993316289548 31.836626618688808 5.000000000000003
  endloop
endfacet
facet normal 0.0 0.0 1.0
  outer loop
    vertex 24.017993316289548 31.836626618688808 5.000000000000003
    vertex 24.01799331628952 8.163373381311184 5.000000000000003
    vertex 24.78354290456362 8.451505843608919 5.000000000000003
  endloop
endfacet
facet normal 0.0 0.0 1.0
  outer loop
    vertex 24.017993316289548 31.836626618688808 5.000000000000003
    vertex 24.78354290456362 8.451505843608919 5.000000000000003
    vertex 24.783542904563653 31.548494156391065 5.000000000000003
  endloop
endfacet
facet normal 0.0 0.0 1.0
  outer loop
    vertex 24.783542904563653 31.548494156391065 5.000000000000003
    vertex 24.78354290456362 8.451505843608919 5.000000000000003
    vertex 25.528608627737515 8.789090730841398 5.000000000000003
  endloop
endfacet
facet normal 0.0 0.0 1.0
  outer loop
    vertex 24.783542904563653 31.548494156391065 5.000000000000003
    vertex 25.528608627737515 8.789090730841398 5.000000000000003
    vertex 25.528608627737555 31.21090926915858 5.000000000000003
  endloop
endfacet
facet normal 0.0 0.0 1.0
  outer loop
    vertex 25.528608627737555 31.21090926915858 5.000000000000003
    vertex 25.528608627737515 8.789090730841398 5.000000000000003
    vertex 26.249999999999996 9.174682452694519 5.000000000000003
  endloop
endfacet
facet normal 0.0 0.0 1.0
  outer loop
    vertex 25.528608627737555 31.21090926915858 5.000000000000003
    vertex 26.249999999999996 9.174682452694519 5.000000000000003
    vertex 26.250000000000036 30.825317547305456 5.000000000000003
  endloop
endfacet
facet normal 0.0 0.0 1.0
  outer loop
    vertex 26.250000000000036 30.825317547305456 5.000000000000003
    vertex 26.249999999999996 9.174682452694519 5.000000000000003
    vertex 26.944627912745027 9.606629846218185 5.000000000000003
  endloop
endfacet
facet normal 0.0 0.0 1.0
  outer loop
    vertex 26.250000000000036 30.825317547305456 5.000000000000003
    vertex 26.944627912745027 9.606629846218185 5.000000000000003
    vertex 26.944627912745066 30.393370153781785 5.000000000000003
  endloop
endfacet
facet normal 0.0 0.0 1.0
  outer loop
    vertex 26.944627912745066 30.393370153781785 5.000000000000003
    vertex 26.944627912745027 9.606629846218185 5.000000000000003
    vertex 27.609517862609003 10.08308324635956 5.000000000000003
  endloop
endfacet
facet normal 0.0 0.0 1.0
  outer loop
    vertex 26.944627912745066 30.393370153781785 5.000000000000003
    vertex 27.609517862609003 10.08308324635956 5.000000000000003
    vertex 27.60951786260905 29.916916753640404 5.000000000000003
  endloop
endfacet
facet normal 0.0 0.0 1.0
  outer loop
    vertex 27.60951786260905 29.916916753640404 5.000000000000003
    vertex 27.609517862609003 10.08308324635956 5.000000000000003
    vertex 28.241822688750855 10.602002406512785 5.000000000000003
  endloop
endfacet
facet normal 0.0 0.0 1.0
  outer loop
    vertex 27.60951786260905 29.916916753640404 5.000000000000003
    vertex 28.241822688750855 10.602002406512785 5.000000000000003
    vertex 28.2418226887509 29.397997593487176 5.000000000000003
  endloop
endfacet
facet normal 0.0 0.0 1.0
  outer loop
    vertex 28.2418226887509 29.397997593487176 5.000000000000003
    vertex 28.241822688750855 10.602002406512785 5.000000000000003
    vertex 28.83883476483184 11.161165235168157 5.000000000000003
  endloop
endfacet
facet normal 0.0 0.0 1.0
  outer loop
    vertex 28.2418226887509 29.397997593487176 5.000000000000003
    vertex 28.83883476483184 11.161165235168157 5.000000000000003
    vertex 28.838834764831887 28.838834764831795 5.000000000000003
  endloop
endfacet
facet normal 0.0 0.0 1.0
  outer loop
    vertex 28.838834764831887 28.838834764831795 5.000000000000003
    vertex 28.83883476483184 11.161165235168157 5.000000000000003
    vertex 29.39799759348721 11.75817731124914 5.000000000000003
  endloop
endfacet
facet normal 0.0 0.0 1.0
  outer loop
    vertex 28.838834764831887 28.838834764831795 5.000000000000003
    vertex 29.39799759348721 11.75817731124914 5.000000000000003
    vertex 29.39799759348726 28.241822688750805 5.000000000000003
  endloop
endfacet
facet normal 0.0 0.0 1.0
  outer loop
    vertex 29.39799759348726 28.241822688750805 5.000000000000003
    vertex 29.39799759348721 11.75817731124914 5.000000000000003
    vertex 29.91691675364044 12.390482137390993 5.000000000000003
  endloop
endfacet
facet normal 0.0 0.0 1.0
  outer loop
    vertex 29.39799759348726 28.241822688750805 5.000000000000003
    vertex 29.91691675364044 12.390482137390993 5.000000000000003
    vertex 29.916916753640482 27.609517862608946 5.000000000000003
  endloop
endfacet
facet normal 0.0 0.0 1.0
  outer loop
    vertex 29.916916753640482 27.609517862608946 5.000000000000003
    vertex 29.91691675364044 12.390482137390993 5.000000000000003
    vertex 30.393370153781813 13.055372087254975 5.000000000000003
  endloop
endfacet
facet normal 0.0 0.0 1.0
  outer loop
    vertex 29.916916753640482 27.609517862608946 5.000000000000003
    vertex 30.393370153781813 13.055372087254975 5.000000000000003
    vertex 30.39337015378186 26.944627912744963 5.000000000000003
  endloop
endfacet
facet normal 0.0 0.0 1.0
  outer loop
    vertex 30.39337015378186 26.944627912744963 5.000000000000003
    vertex 30.393370153781813 13.055372087254975 5.000000000000003
    vertex 30.825317547305485 13.750000000000004 5.000000000000003
  endloop
endfacet
facet normal 0.0 0.0 1.0
  outer loop
    vertex 30.39337015378186 26.944627912744963 5.000000000000003
    vertex 30.825317547305485 13.750000000000004 5.000000000000003
    vertex 30.825317547305524 26.24999999999993 5.000000000000003
  endloop
endfacet
facet normal 0.0 0.0 1.0
  outer loop
    vertex 30.825317547305524 26.24999999999993 5.000000000000003
    vertex 30.825317547305485 13.750000000000004 5.000000000000003
    vertex 31.210909269158602 14.471391372262485 5.000000000000003
  endloop
endfacet
facet normal 0.0 0.0 1.0
  outer loop
    vertex 30.825317547305524 26.24999999999993 5.000000000000003
    vertex 31.210909269158602 14.471391372262485 5.000000000000003
    vertex 31.210909269158638 25.528608627737437 5.000000000000003
  endloop
endfacet
facet normal 0.0 0.0 1.0
  outer loop
    vertex 31.210909269158638 25.528608627737437 5.000000000000003
    vertex 31.210909269158602 14.471391372262485 5.000000000000003
    vertex 31.548494156391083 15.21645709543638 5.000000000000003
  endloop
endfacet
facet normal 0.0 0.0 1.0
  outer loop
    vertex 31.210909269158638 25.528608627737437 5.000000000000003
    vertex 31.548494156391083 15.21645709543638 5.000000000000003
    vertex 31.54849415639112 24.783542904563536 5.000000000000003
  endloop
endfacet
facet normal 0.0 0.0 1.0
  outer loop
    vertex 31.54849415639112 24.783542904563536 5.000000000000003
    vertex 31.548494156391083 15.21645709543638 5.000000000000003
    vertex 31.83662661868882 15.982006683710482 5.000000000000003
  endloop
endfacet
facet normal 0.0 0.0 1.0
  outer loop
    vertex 31.54849415639112 24.783542904563536 5.000000000000003
    vertex 31.83662661868882 15.982006683710482 5.000000000000003
    vertex 31.836626618688847 24.017993316289427 5.000000000000003
  endloop
endfacet
facet normal 0.0 0.0 1.0
  outer loop
    vertex 31.836626618688847 24.017993316289427 5.000000000000003
    vertex 31.83662661868882 15.982006683710482 5.000000000000003
    vertex 32.07407282861335 16.76476193621849 5.000000000000003
  endloop
endfacet
facet normal 0.0 0.0 1.0
  outer loop
    vertex 31.836626618688847 24.017993316289427 5.000000000000003
    vertex 32.07407282861335 16.76476193621849 5.000000000000003
    vertex 32.074072828613374 23.23523806378141 5.000000000000003
  endloop
endfacet
facet normal 0.0 0.0 1.0
  outer loop
    vertex 32.074072828613374 23.23523806378141 5.000000000000003
    vertex 32.07407282861335 16.76476193621849 5.000000000000003
    vertex 32.25981600504037 17.561370974798397 5.000000000000003
  endloop
endfacet
facet normal 0.0 0.0 1.0
  outer loop
    vertex 32.074072828613374 23.23523806378141 5.000000000000003
    vertex 32.25981600504037 17.561370974798397 5.000000000000003
    vertex 32.2598160050404 22.4386290252015 5.000000000000003
  endloop
endfacet
facet normal 0.0 0.0 1.0
  outer loop
    vertex 32.2598160050404 22.4386290252015 5.000000000000003
    vertex 32.25981600504037 17.561370974798397 5.000000000000003
    vertex 32.39306076717263 18.368422597249356 5.000000000000003
  endloop
endfacet
facet normal 0.0 0.0 1.0
  outer loop
    vertex 32.2598160050404 22.4386290252015 5.000000000000003
    vertex 32.39306076717263 18.368422597249356 5.000000000000003
    vertex 32.39306076717264 21.631577402750537 5.000000000000003
  endloop
endfacet
facet normal 0.0 0.0 1.0
  outer loop
    vertex 32.39306076717264 21.631577402750537 5.000000000000003
    vertex 32.39306076717263 18.368422597249356 5.000000000000003
    vertex 32.473236540482546 19.18246088462321 5.000000000000003
  endloop
endfacet
facet normal 0.0 0.0 1.0
  outer loop
    vertex 32.39306076717264 21.631577402750537 5.000000000000003
    vertex 32.473236540482546 19.18246088462321 5.000000000000003
    vertex 32.473236540482546 20.817539115376675 5.000000000000003
  endloop
endfacet
facet normal 0.0 0.0 1.0
  outer loop
    vertex 32.473236540482546 20.817539115376675 5.000000000000003
    vertex 32.473236540482546 19.18246088462321 5.000000000000003
    vertex 32.5 20.0 5.000000000000003
  endloop
endfacet
facet normal -0.9994645874763658 -0.032719082821770724 -0.0
  outer loop
    vertex 32.473236540482546 20.817539115376675 10.000000000000004
    vertex 32.5 20.0 5.000000000000003
    vertex 32.5 20.0 10.000000000000004
  endloop
endfacet
facet normal -0.9994645874763658 -0.032719082821770724 -0.0
  outer loop
    vertex 32.5 20.0 5.000000000000003
    vertex 32.473236540482546 20.817539115376675 10.000000000000004
    vertex 32.473236540482546 20.817539115376675 5.000000000000003
  endloop
endfacet
facet normal -0.9951847266721979 -0.09801714032955137 -0.0
  outer loop
    vertex 32.39306076717264 21.631577402750537 10.000000000000004
    vertex 32.473236540482546 20.817539115376675 5.000000000000003
    vertex 32.473236540482546 20.817539115376675 10.000000000000004
  endloop
endfacet
facet normal -0.9951847266721979 -0.09801714032955137 -0.0
  outer loop
    vertex 32.473236540482546 20.817539115376675 5.000000000000003
    vertex 32.39306076717264 21.631577402750537 10.000000000000004
    vertex 32.39306076717264 21.631577402750537 5.000000000000003
  endloop
endfacet
facet normal -0.9866433320848801 -0.16289547339458293 -0.0
  outer loop
    vertex 32.2598160050404 22.4386290252015 10.000000000000004
    vertex 32.39306076717264 21.631577402750537 5.000000000000003
    vertex 32.39306076717264 21.631577402750537 10.000000000000004
  endloop
endfacet
facet normal -0.9866433320848801 -0.16289547339458293 -0.0
  outer loop
    vertex 32.39306076717264 21.631577402750537 5.000000000000003
    vertex 32.2598160050404 22.4386290252015 10.000000000000004
    vertex 32.2598160050404 22.4386290252015 5.000000000000003
  endloop
endfacet
facet normal -0.9738769792773356 -0.22707626303436554 -0.0
  outer loop
    vertex 32.074072828613374 23.23523806378141 10.000000000000004
    vertex 32.2598160050404 22.4386290252015 5.000000000000003
    vertex 32.2598160050404 22.4386290252015 10.000000000000004
  endloop
endfacet
facet normal -0.9738769792773356 -0.22707626303436554 -0.0
  outer loop
    vertex 32.2598160050404 22.4386290252015 5.000000000000003
    vertex 32.074072828613374 23.23523806378141 10.000000000000004
    vertex 32.074072828613374 23.23523806378141 5.000000000000003
  endloop
endfacet
facet normal -0.9569403357322114 -0.2902846772544546 -0.0
  outer loop
    vertex 31.836626618688847 24.017993316289427 10.000000000000004
    vertex 32.074072828613374 23.23523806378141 5.000000000000003
    vertex 32.074072828613374 23.23523806378141 10.000000000000004
  endloop
endfacet
facet normal -0.9569403357322114 -0.2902846772544546 -0.0
  outer loop
    vertex 32.074072828613374 23.23523806378141 5.000000000000003
    vertex 31.836626618688847 24.017993316289427 10.000000000000004
    vertex 31.836626618688847 24.017993316289427 5.000000000000003
  endloop
endfacet
facet normal -0.9359059267573291 -0.3522500479212245 -0.0
  outer loop
    vertex 31.54849415639112 24.783542904563536 10.000000000000004
    vertex 31.836626618688847 24.017993316289427 5.000000000000003
    vertex 31.836626618688847 24.017993316289427 10.000000000000004
  endloop
endfacet
facet normal -0.9359059267573291 -0.3522500479212245 -0.0
  outer loop
    vertex 31.836626618688847 24.017993316289427 5.000000000000003
    vertex 31.54849415639112 24.783542904563536 10.000000000000004
    vertex 31.54849415639112 24.783542904563536 5.000000000000003
  endloop
endfacet
facet normal -0.9108638249211775 -0.4127070298043916 -0.0
  outer loop
    vertex 31.210909269158638 25.528608627737437 10.000000000000004
    vertex 31.54849415639112 24.783542904563536 5.000000000000003
    vertex 31.54849415639112 24.783542904563536 10.000000000000004
  endloop
endfacet
facet normal -0.9108638249211775 -0.4127070298043916 -0.0
  outer loop
    vertex 31.54849415639112 24.783542904563536 5.000000000000003
    vertex 31.210909269158638 25.528608627737437 10.000000000000004
    vertex 31.210909269158638 25.528608627737437 5.000000000000003
  endloop
endfacet
facet normal -0.8819212643483613 -0.47139673682598626 -0.0
  outer loop
    vertex 30.825317547305524 26.24999999999993 10.000000000000004
    vertex 31.210909269158638 25.528608627737437 5.000000000000003
    vertex 31.210909269158638 25.528608627737437 10.000000000000004
  endloop
endfacet
facet normal -0.8819212643483613 -0.47139673682598626 -0.0
  outer loop
    vertex 31.210909269158638 25.528608627737437 5.000000000000003
    vertex 30.825317547305524 26.24999999999993 10.000000000000004
    vertex 30.825317547305524 26.24999999999993 5.000000000000003
  endloop
endfacet
facet normal -0.8492021815265822 -0.5280678506503627 -0.0
  outer loop
    vertex 30.39337015378186 26.944627912744963 10.000000000000004
    vertex 30.825317547305524 26.24999999999993 5.000000000000003
    vertex 30.825317547305524 26.24999999999993 10.000000000000004
  endloop
endfacet
facet normal -0.8492021815265822 -0.5280678506503627 -0.0
  outer loop
    vertex 30.825317547305524 26.24999999999993 5.000000000000003
    vertex 30.39337015378186 26.944627912744963 10.000000000000004
    vertex 30.39337015378186 26.944627912744963 5.000000000000003
  endloop
endfacet
facet normal -0.8128466845916171 -0.5824776968677995 -0.0
  outer loop
    vertex 29.916916753640482 27.609517862608946 10.000000000000004
    vertex 30.39337015378186 26.944627912744963 5.000000000000003
    vertex 30.39337015378186 26.944627912744963 10.000000000000004
  endloop
endfacet
facet normal -0.8128466845916171 -0.5824776968677995 -0.0
  outer loop
    vertex 30.39337015378186 26.944627912744963 5.000000000000003
    vertex 29.916916753640482 27.609517862608946 10.000000000000004
    vertex 29.916916753640482 27.609517862608946 5.000000000000003
  endloop
endfacet
facet normal -0.7730104533627405 -0.6343932841636413 -0.0
  outer loop
    vertex 29.39799759348726 28.241822688750805 10.000000000000004
    vertex 29.916916753640482 27.609517862608946 5.000000000000003
    vertex 29.916916753640482 27.609517862608946 10.000000000000004
  endloop
endfacet
facet normal -0.7730104533627405 -0.6343932841636413 -0.0
  outer loop
    vertex 29.916916753640482 27.609517862608946 5.000000000000003
    vertex 29.39799759348726 28.241822688750805 10.000000000000004
    vertex 29.39799759348726 28.241822688750805 5.000000000000003
  endloop
endfacet
facet normal -0.7298640726978379 -0.6835923020228689 -0.0
  outer loop
    vertex 28.838834764831887 28.838834764831795 10.000000000000004
    vertex 29.39799759348726 28.241822688750805 5.000000000000003
    vertex 29.39799759348726 28.241822688750805 10.000000000000004
  endloop
endfacet
facet normal -0.7298640726978379 -0.6835923020228689 -0.0
  outer loop
    vertex 29.39799759348726 28.241822688750805 5.000000000000003
    vertex 28.838834764831887 28.838834764831795 10.000000000000004
    vertex 28.838834764831887 28.838834764831795 5.000000000000003
  endloop
endfacet
facet normal -0.683592302022876 -0.7298640726978313 -0.0
  outer loop
    vertex 28.838834764831887 28.838834764831795 10.000000000000004
    vertex 28.2418226887509 29.397997593487176 5.000000000000003
    vertex 28.838834764831887 28.838834764831795 5.000000000000003
  endloop
endfacet
facet normal -0.683592302022876 -0.7298640726978313 -0.0
  outer loop
    vertex 28.2418226887509 29.397997593487176 5.000000000000003
    vertex 28.838834764831887 28.838834764831795 10.000000000000004
    vertex 28.2418226887509 29.397997593487176 10.000000000000004
  endloop
endfacet
facet normal -0.6343932841636488 -0.7730104533627344 -0.0
  outer loop
    vertex 28.2418226887509 29.397997593487176 10.000000000000004
    vertex 27.60951786260905 29.916916753640404 5.000000000000003
    vertex 28.2418226887509 29.397997593487176 5.000000000000003
  endloop
endfacet
facet normal -0.6343932841636488 -0.7730104533627344 -0.0
  outer loop
    vertex 27.60951786260905 29.916916753640404 5.000000000000003
    vertex 28.2418226887509 29.397997593487176 10.000000000000004
    vertex 27.60951786260905 29.916916753640404 10.000000000000004
  endloop
endfacet
facet normal -0.582477696867804 -0.8128466845916139 -0.0
  outer loop
    vertex 27.60951786260905 29.916916753640404 10.000000000000004
    vertex 26.944627912745066 30.393370153781785 5.000000000000003
    vertex 27.60951786260905 29.916916753640404 5.000000000000003
  endloop
endfacet
facet normal -0.582477696867804 -0.8128466845916139 -0.0
  outer loop
    vertex 26.944627912745066 30.393370153781785 5.000000000000003
    vertex 27.60951786260905 29.916916753640404 10.000000000000004
    vertex 26.944627912745066 30.393370153781785 10.000000000000004
  endloop
endfacet
facet normal -0.5280678506503708 -0.8492021815265773 -0.0
  outer loop
    vertex 26.944627912745066 30.393370153781785 10.000000000000004
    vertex 26.250000000000036 30.825317547305456 5.000000000000003
    vertex 26.944627912745066 30.393370153781785 5.000000000000003
  endloop
endfacet
facet normal -0.5280678506503708 -0.8492021815265773 -0.0
  outer loop
    vertex 26.250000000000036 30.825317547305456 5.000000000000003
    vertex 26.944627912745066 30.393370153781785 10.000000000000004
    vertex 26.250000000000036 30.825317547305456 10.000000000000004
  endloop
endfacet
facet normal -0.4713967368260027 -0.8819212643483525 -0.0
  outer loop
    vertex 26.250000000000036 30.825317547305456 10.000000000000004
    vertex 25.528608627737555 31.21090926915858 5.000000000000003
    vertex 26.250000000000036 30.825317547305456 5.000000000000003
  endloop
endfacet
facet normal -0.4713967368260027 -0.8819212643483525 -0.0
  outer loop
    vertex 25.528608627737555 31.21090926915858 5.000000000000003
    vertex 26.250000000000036 30.825317547305456 10.000000000000004
    vertex 25.528608627737555 31.21090926915858 10.000000000000004
  endloop
endfacet
facet normal -0.412707029804396 -0.9108638249211753 -0.0
  outer loop
    vertex 25.528608627737555 31.21090926915858 10.000000000000004
    vertex 24.783542904563653 31.548494156391065 5.000000000000003
    vertex 25.528608627737555 31.21090926915858 5.000000000000003
  endloop
endfacet
facet normal -0.412707029804396 -0.9108638249211753 -0.0
  outer loop
    vertex 24.783542904563653 31.548494156391065 5.000000000000003
    vertex 25.528608627737555 31.21090926915858 10.000000000000004
    vertex 24.783542904563653 31.548494156391065 10.000000000000004
  endloop
endfacet
facet normal -0.3522500479212389 -0.9359059267573239 -0.0
  outer loop
    vertex 24.783542904563653 31.548494156391065 10.000000000000004
    vertex 24.017993316289548 31.836626618688808 5.000000000000003
    vertex 24.783542904563653 31.548494156391065 5.000000000000003
  endloop
endfacet
facet normal -0.3522500479212389 -0.9359059267573239 -0.0
  outer loop
    vertex 24.017993316289548 31.836626618688808 5.000000000000003
    vertex 24.783542904563653 31.548494156391065 10.000000000000004
    vertex 24.017993316289548 31.836626618688808 10.000000000000004
  endloop
endfacet
facet normal -0.29028467725446816 -0.9569403357322072 -0.0
  outer loop
    vertex 24.017993316289548 31.836626618688808 10.000000000000004
    vertex 23.235238063781534 32.074072828613346 5.000000000000003
    vertex 24.017993316289548 31.836626618688808 5.000000000000003
  endloop
endfacet
facet normal -0.29028467725446816 -0.9569403357322072 -0.0
  outer loop
    vertex 23.235238063781534 32.074072828613346 5.000000000000003
    vertex 24.017993316289548 31.836626618688808 10.000000000000004
    vertex 23.235238063781534 32.074072828613346 10.000000000000004
  endloop
endfacet
facet normal -0.22707626303437206 -0.973876979277334 -0.0
  outer loop
    vertex 23.235238063781534 32.074072828613346 10.000000000000004
    vertex 22.438629025201625 32.25981600504037 5.000000000000003
    vertex 23.235238063781534 32.074072828613346 5.000000000000003
  endloop
endfacet
facet normal -0.22707626303437206 -0.973876979277334 -0.0
  outer loop
    vertex 22.438629025201625 32.25981600504037 5.000000000000003
    vertex 23.235238063781534 32.074072828613346 10.000000000000004
    vertex 22.438629025201625 32.25981600504037 10.000000000000004
  endloop
endfacet
facet normal -0.1628954733945902 -0.9866433320848788 -0.0
  outer loop
    vertex 22.438629025201625 32.25981600504037 10.000000000000004
    vertex 21.63157740275066 32.39306076717263 5.000000000000003
    vertex 22.438629025201625 32.25981600504037 5.000000000000003
  endloop
endfacet
facet normal -0.1628954733945902 -0.9866433320848788 -0.0
  outer loop
    vertex 21.63157740275066 32.39306076717263 5.000000000000003
    vertex 22.438629025201625 32.25981600504037 10.000000000000004
    vertex 21.63157740275066 32.39306076717263 10.000000000000004
  endloop
endfacet
facet normal -0.09801714032956506 -0.9951847266721966 -0.0
  outer loop
    vertex 21.63157740275066 32.39306076717263 10.000000000000004
    vertex 20.8175391153768 32.473236540482546 5.000000000000003
    vertex 21.63157740275066 32.39306076717263 5.000000000000003
  endloop
endfacet
facet normal -0.09801714032956506 -0.9951847266721966 -0.0
  outer loop
    vertex 20.8175391153768 32.473236540482546 5.000000000000003
    vertex 21.63157740275066 32.39306076717263 10.000000000000004
    vertex 20.8175391153768 32.473236540482546 10.000000000000004
  endloop
endfacet
facet normal -0.03271908282177288 -0.9994645874763659 -0.0
  outer loop
    vertex 20.8175391153768 32.473236540482546 10.000000000000004
    vertex 20.000000000000007 32.5 5.000000000000003
    vertex 20.8175391153768 32.473236540482546 5.000000000000003
  endloop
endfacet
facet normal -0.03271908282177288 -0.9994645874763659 -0.0
  outer loop
    vertex 20.000000000000007 32.5 5.000000000000003
    vertex 20.8175391153768 32.473236540482546 10.000000000000004
    vertex 20.000000000000007 32.5 10.000000000000004
  endloop
endfacet
facet normal 0.03271908282177288 -0.9994645874763659 -0.0
  outer loop
    vertex 20.000000000000007 32.5 10.000000000000004
    vertex 19.182460884623215 32.473236540482546 5.000000000000003
    vertex 20.000000000000007 32.5 5.000000000000003
  endloop
endfacet
facet normal 0.03271908282177288 -0.9994645874763659 -0.0
  outer loop
    vertex 19.182460884623215 32.473236540482546 5.000000000000003
    vertex 20.000000000000007 32.5 10.000000000000004
    vertex 19.182460884623215 32.473236540482546 10.000000000000004
  endloop
endfacet
facet normal 0.09801714032956506 -0.9951847266721966 -0.0
  outer loop
    vertex 19.182460884623215 32.473236540482546 10.000000000000004
    vertex 18.368422597249356 32.39306076717263 5.000000000000003
    vertex 19.182460884623215 32.473236540482546 5.000000000000003
  endloop
endfacet
facet normal 0.09801714032956506 -0.9951847266721966 -0.0
  outer loop
    vertex 18.368422597249356 32.39306076717263 5.000000000000003
    vertex 19.182460884623215 32.473236540482546 10.000000000000004
    vertex 18.368422597249356 32.39306076717263 10.000000000000004
  endloop
endfacet
facet normal 0.1628954733945902 -0.9866433320848788 -0.0
  outer loop
    vertex 18.368422597249356 32.39306076717263 10.000000000000004
    vertex 17.561370974798393 32.25981600504037 5.000000000000003
    vertex 18.368422597249356 32.39306076717263 5.000000000000003
  endloop
endfacet
facet normal 0.1628954733945902 -0.9866433320848788 -0.0
  outer loop
    vertex 17.561370974798393 32.25981600504037 5.000000000000003
    vertex 18.368422597249356 32.39306076717263 10.000000000000004
    vertex 17.561370974798393 32.25981600504037 10.000000000000004
  endloop
endfacet
facet normal 0.22707626303437206 -0.973876979277334 -0.0
  outer loop
    vertex 17.561370974798393 32.25981600504037 10.000000000000004
    vertex 16.764761936218484 32.074072828613346 5.000000000000003
    vertex 17.561370974798393 32.25981600504037 5.000000000000003
  endloop
endfacet
facet normal 0.22707626303437206 -0.973876979277334 -0.0
  outer loop
    vertex 16.764761936218484 32.074072828613346 5.000000000000003
    vertex 17.561370974798393 32.25981600504037 10.000000000000004
    vertex 16.764761936218484 32.074072828613346 10.000000000000004
  endloop
endfacet
facet normal 0.29028467725446183 -0.956940335732209 -0.0
  outer loop
    vertex 16.764761936218484 32.074072828613346 10.000000000000004
    vertex 15.982006683710468 31.836626618688815 5.000000000000003
    vertex 16.764761936218484 32.074072828613346 5.000000000000003
  endloop
endfacet
facet normal 0.29028467725446183 -0.956940335732209 -0.0
  outer loop
    vertex 15.982006683710468 31.836626618688815 5.000000000000003
    vertex 16.764761936218484 32.074072828613346 10.000000000000004
    vertex 15.982006683710468 31.836626618688815 10.000000000000004
  endloop
endfacet
facet normal 0.3522500479212377 -0.9359059267573243 -0.0
  outer loop
    vertex 15.982006683710468 31.836626618688815 10.000000000000004
    vertex 15.216457095436361 31.548494156391072 5.000000000000003
    vertex 15.982006683710468 31.836626618688815 5.000000000000003
  endloop
endfacet
facet normal 0.3522500479212377 -0.9359059267573243 -0.0
  outer loop
    vertex 15.216457095436361 31.548494156391072 5.000000000000003
    vertex 15.982006683710468 31.836626618688815 10.000000000000004
    vertex 15.216457095436361 31.548494156391072 10.000000000000004
  endloop
endfacet
facet normal 0.41270702980439283 -0.9108638249211768 -0.0
  outer loop
    vertex 15.216457095436361 31.548494156391072 10.000000000000004
    vertex 14.471391372262465 31.21090926915859 5.000000000000003
    vertex 15.216457095436361 31.548494156391072 5.000000000000003
  endloop
endfacet
facet normal 0.41270702980439283 -0.9108638249211768 -0.0
  outer loop
    vertex 14.471391372262465 31.21090926915859 5.000000000000003
    vertex 15.216457095436361 31.548494156391072 10.000000000000004
    vertex 14.471391372262465 31.21090926915859 10.000000000000004
  endloop
endfacet
facet normal 0.4713967368259997 -0.8819212643483538 -0.0
  outer loop
    vertex 14.471391372262465 31.21090926915859 10.000000000000004
    vertex 13.749999999999977 30.825317547305467 5.000000000000003
    vertex 14.471391372262465 31.21090926915859 5.000000000000003
  endloop
endfacet
facet normal 0.4713967368259997 -0.8819212643483538 -0.0
  outer loop
    vertex 13.749999999999977 30.825317547305467 5.000000000000003
    vertex 14.471391372262465 31.21090926915859 10.000000000000004
    vertex 13.749999999999977 30.825317547305467 10.000000000000004
  endloop
endfacet
facet normal 0.5280678506503692 -0.8492021815265783 -0.0
  outer loop
    vertex 13.749999999999977 30.825317547305467 10.000000000000004
    vertex 13.055372087254947 30.393370153781795 5.000000000000003
    vertex 13.749999999999977 30.825317547305467 5.000000000000003
  endloop
endfacet
facet normal 0.5280678506503692 -0.8492021815265783 -0.0
  outer loop
    vertex 13.055372087254947 30.393370153781795 5.000000000000003
    vertex 13.749999999999977 30.825317547305467 10.000000000000004
    vertex 13.055372087254947 30.393370153781795 10.000000000000004
  endloop
endfacet
facet normal 0.5824776968678049 -0.8128466845916134 -0.0
  outer loop
    vertex 13.055372087254947 30.393370153781795 10.000000000000004
    vertex 12.390482137390965 29.916916753640415 5.000000000000003
    vertex 13.055372087254947 30.393370153781795 5.000000000000003
  endloop
endfacet
facet normal 0.5824776968678049 -0.8128466845916134 -0.0
  outer loop
    vertex 12.390482137390965 29.916916753640415 5.000000000000003
    vertex 13.055372087254947 30.393370153781795 10.000000000000004
    vertex 12.390482137390965 29.916916753640415 10.000000000000004
  endloop
endfacet
facet normal 0.6343932841636479 -0.7730104533627352 -0.0
  outer loop
    vertex 12.390482137390965 29.916916753640415 10.000000000000004
    vertex 11.75817731124911 29.39799759348719 5.000000000000003
    vertex 12.390482137390965 29.916916753640415 5.000000000000003
  endloop
endfacet
facet normal 0.6343932841636479 -0.7730104533627352 -0.0
  outer loop
    vertex 11.75817731124911 29.39799759348719 5.000000000000003
    vertex 12.390482137390965 29.916916753640415 10.000000000000004
    vertex 11.75817731124911 29.39799759348719 10.000000000000004
  endloop
endfacet
facet normal 0.6835923020228741 -0.7298640726978332 -0.0
  outer loop
    vertex 11.75817731124911 29.39799759348719 10.000000000000004
    vertex 11.161165235168129 28.838834764831812 5.000000000000003
    vertex 11.75817731124911 29.39799759348719 5.000000000000003
  endloop
endfacet
facet normal 0.6835923020228741 -0.7298640726978332 -0.0
  outer loop
    vertex 11.161165235168129 28.838834764831812 5.000000000000003
    vertex 11.75817731124911 29.39799759348719 10.000000000000004
    vertex 11.161165235168129 28.838834764831812 10.000000000000004
  endloop
endfacet
facet normal 0.729864072697839 -0.6835923020228678 -0.0
  outer loop
    vertex 11.161165235168129 28.838834764831812 5.000000000000003
    vertex 10.602002406512758 28.241822688750826 10.000000000000004
    vertex 10.602002406512758 28.241822688750826 5.000000000000003
  endloop
endfacet
facet normal 0.729864072697839 -0.6835923020228678 -0.0
  outer loop
    vertex 10.602002406512758 28.241822688750826 10.000000000000004
    vertex 11.161165235168129 28.838834764831812 5.000000000000003
    vertex 11.161165235168129 28.838834764831812 10.000000000000004
  endloop
endfacet
facet normal 0.7730104533627385 -0.6343932841636436 -0.0
  outer loop
    vertex 10.602002406512758 28.241822688750826 5.000000000000003
    vertex 10.08308324635954 27.609517862608975 10.000000000000004
    vertex 10.08308324635954 27.609517862608975 5.000000000000003
  endloop
endfacet
facet normal 0.7730104533627385 -0.6343932841636436 -0.0
  outer loop
    vertex 10.08308324635954 27.609517862608975 10.000000000000004
    vertex 10.602002406512758 28.241822688750826 5.000000000000003
    vertex 10.602002406512758 28.241822688750826 10.000000000000004
  endloop
endfacet
facet normal 0.8128466845916158 -0.5824776968678017 -0.0
  outer loop
    vertex 10.08308324635954 27.609517862608975 5.000000000000003
    vertex 9.606629846218166 26.944627912745 10.000000000000004
    vertex 9.606629846218166 26.944627912745 5.000000000000003
  endloop
endfacet
facet normal 0.8128466845916158 -0.5824776968678017 -0.0
  outer loop
    vertex 9.606629846218166 26.944627912745 10.000000000000004
    vertex 10.08308324635954 27.609517862608975 5.000000000000003
    vertex 10.08308324635954 27.609517862608975 10.000000000000004
  endloop
endfacet
facet normal 0.8492021815265804 -0.5280678506503659 -0.0
  outer loop
    vertex 9.606629846218166 26.944627912745 5.000000000000003
    vertex 9.174682452694501 26.249999999999968 10.000000000000004
    vertex 9.174682452694501 26.249999999999968 5.000000000000003
  endloop
endfacet
facet normal 0.8492021815265804 -0.5280678506503659 -0.0
  outer loop
    vertex 9.174682452694501 26.249999999999968 10.000000000000004
    vertex 9.606629846218166 26.944627912745 5.000000000000003
    vertex 9.606629846218166 26.944627912745 10.000000000000004
  endloop
endfacet
facet normal 0.8819212643483576 -0.47139673682599315 -0.0
  outer loop
    vertex 9.174682452694501 26.249999999999968 5.000000000000003
    vertex 8.789090730841382 25.52860862773748 10.000000000000004
    vertex 8.789090730841382 25.52860862773748 5.000000000000003
  endloop
endfacet
facet normal 0.8819212643483576 -0.47139673682599315 -0.0
  outer loop
    vertex 8.789090730841382 25.52860862773748 10.000000000000004
    vertex 9.174682452694501 26.249999999999968 5.000000000000003
    vertex 9.174682452694501 26.249999999999968 10.000000000000004
  endloop
endfacet
facet normal 0.9108638249211768 -0.4127070298043927 -0.0
  outer loop
    vertex 8.789090730841382 25.52860862773748 5.000000000000003
    vertex 8.451505843608905 24.78354290456359 10.000000000000004
    vertex 8.451505843608905 24.78354290456359 5.000000000000003
  endloop
endfacet
facet normal 0.9108638249211768 -0.4127070298043927 -0.0
  outer loop
    vertex 8.451505843608905 24.78354290456359 10.000000000000004
    vertex 8.789090730841382 25.52860862773748 5.000000000000003
    vertex 8.789090730841382 25.52860862773748 10.000000000000004
  endloop
endfacet
facet normal 0.9359059267573269 -0.35225004792123094 -0.0
  outer loop
    vertex 8.451505843608905 24.78354290456359 5.000000000000003
    vertex 8.163373381311171 24.017993316289488 10.000000000000004
    vertex 8.163373381311171 24.017993316289488 5.000000000000003
  endloop
endfacet
facet normal 0.9359059267573269 -0.35225004792123094 -0.0
  outer loop
    vertex 8.163373381311171 24.017993316289488 10.000000000000004
    vertex 8.451505843608905 24.78354290456359 5.000000000000003
    vertex 8.451505843608905 24.78354290456359 10.000000000000004
  endloop
endfacet
facet normal 0.9569403357322098 -0.29028467725445967 -0.0
  outer loop
    vertex 8.163373381311171 24.017993316289488 5.000000000000003
    vertex 7.925927171386641 23.235238063781477 10.000000000000004
    vertex 7.925927171386641 23.235238063781477 5.000000000000003
  endloop
endfacet
facet normal 0.9569403357322098 -0.29028467725445967 -0.0
  outer loop
    vertex 7.925927171386641 23.235238063781477 10.000000000000004
    vertex 8.163373381311171 24.017993316289488 5.000000000000003
    vertex 8.163373381311171 24.017993316289488 10.000000000000004
  endloop
endfacet
facet normal 0.9738769792773343 -0.22707626303437026 -0.0
  outer loop
    vertex 7.925927171386641 23.235238063781477 5.000000000000003
    vertex 7.740183994959616 22.43862902520157 10.000000000000004
    vertex 7.740183994959616 22.43862902520157 5.000000000000003
  endloop
endfacet
facet normal 0.9738769792773343 -0.22707626303437026 -0.0
  outer loop
    vertex 7.740183994959616 22.43862902520157 10.000000000000004
    vertex 7.925927171386641 23.235238063781477 5.000000000000003
    vertex 7.925927171386641 23.235238063781477 10.000000000000004
  endloop
endfacet
facet normal 0.9866433320848794 -0.16289547339458627 -0.0
  outer loop
    vertex 7.740183994959616 22.43862902520157 5.000000000000003
    vertex 7.606939232827369 21.631577402750615 10.000000000000004
    vertex 7.606939232827369 21.631577402750615 5.000000000000003
  endloop
endfacet
facet normal 0.9866433320848794 -0.16289547339458627 -0.0
  outer loop
    vertex 7.606939232827369 21.631577402750615 10.000000000000004
    vertex 7.740183994959616 22.43862902520157 5.000000000000003
    vertex 7.740183994959616 22.43862902520157 10.000000000000004
  endloop
endfacet
facet normal 0.995184726672197 -0.09801714032955887 -0.0
  outer loop
    vertex 7.606939232827369 21.631577402750615 5.000000000000003
    vertex 7.526763459517457 20.81753911537676 10.000000000000004
    vertex 7.526763459517457 20.81753911537676 5.000000000000003
  endloop
endfacet
facet normal 0.995184726672197 -0.09801714032955887 -0.0
  outer loop
    vertex 7.526763459517457 20.81753911537676 10.000000000000004
    vertex 7.606939232827369 21.631577402750615 5.000000000000003
    vertex 7.606939232827369 21.631577402750615 10.000000000000004
  endloop
endfacet
facet normal 0.9994645874763659 -0.03271908282177311 -0.0
  outer loop
    vertex 7.526763459517457 20.81753911537676 5.000000000000003
    vertex 7.5000000000000036 19.99999999999997 10.000000000000004
    vertex 7.5000000000000036 19.99999999999997 5.000000000000003
  endloop
endfacet
facet normal 0.9994645874763659 -0.03271908282177311 -0.0
  outer loop
    vertex 7.5000000000000036 19.99999999999997 10.000000000000004
    vertex 7.526763459517457 20.81753911537676 5.000000000000003
    vertex 7.526763459517457 20.81753911537676 10.000000000000004
  endloop
endfacet
facet normal 0.9994645874763657 0.032719082821778274 0.0
  outer loop
    vertex 7.5000000000000036 19.99999999999997 5.000000000000003
    vertex 7.526763459517461 19.182460884623186 10.000000000000004
    vertex 7.526763459517461 19.182460884623186 5.000000000000003
  endloop
endfacet
facet normal 0.9994645874763657 0.032719082821778274 0.0
  outer loop
    vertex 7.526763459517461 19.182460884623186 10.000000000000004
    vertex 7.5000000000000036 19.99999999999997 5.000000000000003
    vertex 7.5000000000000036 19.99999999999997 10.000000000000004
  endloop
endfacet
facet normal 0.9951847266721968 0.0980171403295623 0.0
  outer loop
    vertex 7.526763459517461 19.182460884623186 5.000000000000003
    vertex 7.606939232827376 18.368422597249328 10.000000000000004
    vertex 7.606939232827376 18.368422597249328 5.000000000000003
  endloop
endfacet
facet normal 0.9951847266721968 0.0980171403295623 0.0
  outer loop
    vertex 7.606939232827376 18.368422597249328 10.000000000000004
    vertex 7.526763459517461 19.182460884623186 5.000000000000003
    vertex 7.526763459517461 19.182460884623186 10.000000000000004
  endloop
endfacet
facet normal 0.9866433320848784 0.162895473394593 0.0
  outer loop
    vertex 7.606939232827376 18.368422597249328 5.000000000000003
    vertex 7.7401839949596285 17.561370974798372 10.000000000000004
    vertex 7.7401839949596285 17.561370974798372 5.000000000000003
  endloop
endfacet
facet normal 0.9866433320848784 0.162895473394593 0.0
  outer loop
    vertex 7.7401839949596285 17.561370974798372 10.000000000000004
    vertex 7.606939232827376 18.368422597249328 5.000000000000003
    vertex 7.606939232827376 18.368422597249328 10.000000000000004
  endloop
endfacet
facet normal 0.9738769792773336 0.2270762630343736 0.0
  outer loop
    vertex 7.7401839949596285 17.561370974798372 5.000000000000003
    vertex 7.925927171386656 16.76476193621847 10.000000000000004
    vertex 7.925927171386656 16.76476193621847 5.000000000000003
  endloop
endfacet
facet normal 0.9738769792773336 0.2270762630343736 0.0
  outer loop
    vertex 7.925927171386656 16.76476193621847 10.000000000000004
    vertex 7.7401839949596285 17.561370974798372 5.000000000000003
    vertex 7.7401839949596285 17.561370974798372 10.000000000000004
  endloop
endfacet
facet normal 0.956940335732208 0.29028467725446533 0.0
  outer loop
    vertex 7.925927171386656 16.76476193621847 5.000000000000003
    vertex 8.16337338131119 15.982006683710459 10.000000000000004
    vertex 8.16337338131119 15.982006683710459 5.000000000000003
  endloop
endfacet
facet normal 0.956940335732208 0.29028467725446533 0.0
  outer loop
    vertex 8.16337338131119 15.982006683710459 10.000000000000004
    vertex 7.925927171386656 16.76476193621847 5.000000000000003
    vertex 7.925927171386656 16.76476193621847 10.000000000000004
  endloop
endfacet
facet normal 0.9359059267573256 0.35225004792123393 0.0
  outer loop
    vertex 8.16337338131119 15.982006683710459 5.000000000000003
    vertex 8.451505843608928 15.216457095436358 10.000000000000004
    vertex 8.451505843608928 15.216457095436358 5.000000000000003
  endloop
endfacet
facet normal 0.9359059267573256 0.35225004792123393 0.0
  outer loop
    vertex 8.451505843608928 15.216457095436358 10.000000000000004
    vertex 8.16337338131119 15.982006683710459 5.000000000000003
    vertex 8.16337338131119 15.982006683710459 10.000000000000004
  endloop
endfacet
facet normal 0.9108638249211749 0.412707029804397 0.0
  outer loop
    vertex 8.451505843608928 15.216457095436358 5.000000000000003
    vertex 8.78909073084141 14.471391372262465 10.000000000000004
    vertex 8.78909073084141 14.471391372262465 5.000000000000003
  endloop
endfacet
facet normal 0.9108638249211749 0.412707029804397 0.0
  outer loop
    vertex 8.78909073084141 14.471391372262465 10.000000000000004
    vertex 8.451505843608928 15.216457095436358 5.000000000000003
    vertex 8.451505843608928 15.216457095436358 10.000000000000004
  endloop
endfacet
facet normal 0.8819212643483545 0.4713967368259986 0.0
  outer loop
    vertex 8.78909073084141 14.471391372262465 5.000000000000003
    vertex 9.17468245269453 13.749999999999984 10.000000000000004
    vertex 9.17468245269453 13.749999999999984 5.000000000000003
  endloop
endfacet
facet normal 0.8819212643483545 0.4713967368259986 0.0
  outer loop
    vertex 9.17468245269453 13.749999999999984 10.000000000000004
    vertex 8.78909073084141 14.471391372262465 5.000000000000003
    vertex 8.78909073084141 14.471391372262465 10.000000000000004
  endloop
endfacet
facet normal 0.8492021815265778 0.5280678506503698 0.0
  outer loop
    vertex 9.17468245269453 13.749999999999984 5.000000000000003
    vertex 9.606629846218198 13.055372087254957 10.000000000000004
    vertex 9.606629846218198 13.055372087254957 5.000000000000003
  endloop
endfacet
facet normal 0.8492021815265778 0.5280678506503698 0.0
  outer loop
    vertex 9.606629846218198 13.055372087254957 10.000000000000004
    vertex 9.17468245269453 13.749999999999984 5.000000000000003
    vertex 9.17468245269453 13.749999999999984 10.000000000000004
  endloop
endfacet
facet normal 0.8128466845916147 0.5824776968678032 0.0
  outer loop
    vertex 9.606629846218198 13.055372087254957 5.000000000000003
    vertex 10.083083246359575 12.390482137390979 10.000000000000004
    vertex 10.083083246359575 12.390482137390979 5.000000000000003
  endloop
endfacet
facet normal 0.8128466845916147 0.5824776968678032 0.0
  outer loop
    vertex 10.083083246359575 12.390482137390979 10.000000000000004
    vertex 9.606629846218198 13.055372087254957 5.000000000000003
    vertex 9.606629846218198 13.055372087254957 10.000000000000004
  endloop
endfacet
facet normal 0.7730104533627362 0.6343932841636465 0.0
  outer loop
    vertex 10.083083246359575 12.390482137390979 5.000000000000003
    vertex 10.602002406512797 11.758177311249128 10.000000000000004
    vertex 10.602002406512797 11.758177311249128 5.000000000000003
  endloop
endfacet
facet normal 0.7730104533627362 0.6343932841636465 0.0
  outer loop
    vertex 10.602002406512797 11.758177311249128 10.000000000000004
    vertex 10.083083246359575 12.390482137390979 5.000000000000003
    vertex 10.083083246359575 12.390482137390979 10.000000000000004
  endloop
endfacet
facet normal 0.7298640726978348 0.6835923020228722 0.0
  outer loop
    vertex 10.602002406512797 11.758177311249128 5.000000000000003
    vertex 11.16116523516817 11.161165235168145 10.000000000000004
    vertex 11.16116523516817 11.161165235168145 5.000000000000003
  endloop
endfacet
facet normal 0.7298640726978348 0.6835923020228722 0.0
  outer loop
    vertex 11.16116523516817 11.161165235168145 10.000000000000004
    vertex 10.602002406512797 11.758177311249128 5.000000000000003
    vertex 10.602002406512797 11.758177311249128 10.000000000000004
  endloop
endfacet
facet normal 0.6835923020228696 0.7298640726978374 0.0
  outer loop
    vertex 11.16116523516817 11.161165235168145 10.000000000000004
    vertex 11.758177311249154 10.602002406512774 5.000000000000003
    vertex 11.16116523516817 11.161165235168145 5.000000000000003
  endloop
endfacet
facet normal 0.6835923020228696 0.7298640726978374 0.0
  outer loop
    vertex 11.758177311249154 10.602002406512774 5.000000000000003
    vertex 11.16116523516817 11.161165235168145 10.000000000000004
    vertex 11.758177311249154 10.602002406512774 10.000000000000004
  endloop
endfacet
facet normal 0.6343932841636446 0.7730104533627378 0.0
  outer loop
    vertex 11.758177311249154 10.602002406512774 10.000000000000004
    vertex 12.390482137391006 10.083083246359553 5.000000000000003
    vertex 11.758177311249154 10.602002406512774 5.000000000000003
  endloop
endfacet
facet normal 0.6343932841636446 0.7730104533627378 0.0
  outer loop
    vertex 12.390482137391006 10.083083246359553 5.000000000000003
    vertex 11.758177311249154 10.602002406512774 10.000000000000004
    vertex 12.390482137391006 10.083083246359553 10.000000000000004
  endloop
endfacet
facet normal 0.5824776968678019 0.8128466845916154 0.0
  outer loop
    vertex 12.390482137391006 10.083083246359553 10.000000000000004
    vertex 13.055372087254986 9.606629846218178 5.000000000000003
    vertex 12.390482137391006 10.083083246359553 5.000000000000003
  endloop
endfacet
facet normal 0.5824776968678019 0.8128466845916154 0.0
  outer loop
    vertex 13.055372087254986 9.606629846218178 5.000000000000003
    vertex 12.390482137391006 10.083083246359553 10.000000000000004
    vertex 13.055372087254986 9.606629846218178 10.000000000000004
  endloop
endfacet
facet normal 0.5280678506503659 0.8492021815265804 0.0
  outer loop
    vertex 13.055372087254986 9.606629846218178 10.000000000000004
    vertex 13.750000000000014 9.174682452694514 5.000000000000003
    vertex 13.055372087254986 9.606629846218178 5.000000000000003
  endloop
endfacet
facet normal 0.5280678506503659 0.8492021815265804 0.0
  outer loop
    vertex 13.750000000000014 9.174682452694514 5.000000000000003
    vertex 13.055372087254986 9.606629846218178 10.000000000000004
    vertex 13.750000000000014 9.174682452694514 10.000000000000004
  endloop
endfacet
facet normal 0.4713967368259986 0.8819212643483545 0.0
  outer loop
    vertex 13.750000000000014 9.174682452694514 10.000000000000004
    vertex 14.471391372262497 8.789090730841393 5.000000000000003
    vertex 13.750000000000014 9.174682452694514 5.000000000000003
  endloop
endfacet
facet normal 0.4713967368259986 0.8819212643483545 0.0
  outer loop
    vertex 14.471391372262497 8.789090730841393 5.000000000000003
    vertex 13.750000000000014 9.174682452694514 10.000000000000004
    vertex 14.471391372262497 8.789090730841393 10.000000000000004
  endloop
endfacet
facet normal 0.41270702980439417 0.9108638249211762 0.0
  outer loop
    vertex 14.471391372262497 8.789090730841393 10.000000000000004
    vertex 15.21645709543639 8.451505843608913 5.000000000000003
    vertex 14.471391372262497 8.789090730841393 5.000000000000003
  endloop
endfacet
facet normal 0.41270702980439417 0.9108638249211762 0.0
  outer loop
    vertex 15.21645709543639 8.451505843608913 5.000000000000003
    vertex 14.471391372262497 8.789090730841393 10.000000000000004
    vertex 15.21645709543639 8.451505843608913 10.000000000000004
  endloop
endfacet
facet normal 0.35225004792123094 0.9359059267573269 0.0
  outer loop
    vertex 15.21645709543639 8.451505843608913 10.000000000000004
    vertex 15.982006683710491 8.16337338131118 5.000000000000003
    vertex 15.21645709543639 8.451505843608913 5.000000000000003
  endloop
endfacet
facet normal 0.35225004792123094 0.9359059267573269 0.0
  outer loop
    vertex 15.982006683710491 8.16337338131118 5.000000000000003
    vertex 15.21645709543639 8.451505843608913 10.000000000000004
    vertex 15.982006683710491 8.16337338131118 10.000000000000004
  endloop
endfacet
facet normal 0.29028467725446283 0.9569403357322088 0.0
  outer loop
    vertex 15.982006683710491 8.16337338131118 10.000000000000004
    vertex 16.764761936218502 7.925927171386646 5.000000000000003
    vertex 15.982006683710491 8.16337338131118 5.000000000000003
  endloop
endfacet
facet normal 0.29028467725446283 0.9569403357322088 0.0
  outer loop
    vertex 16.764761936218502 7.925927171386646 5.000000000000003
    vertex 15.982006683710491 8.16337338131118 10.000000000000004
    vertex 16.764761936218502 7.925927171386646 10.000000000000004
  endloop
endfacet
facet normal 0.22707626303437026 0.9738769792773343 0.0
  outer loop
    vertex 16.764761936218502 7.925927171386646 10.000000000000004
    vertex 17.561370974798407 7.740183994959621 5.000000000000003
    vertex 16.764761936218502 7.925927171386646 5.000000000000003
  endloop
endfacet
facet normal 0.22707626303437026 0.9738769792773343 0.0
  outer loop
    vertex 17.561370974798407 7.740183994959621 5.000000000000003
    vertex 16.764761936218502 7.925927171386646 10.000000000000004
    vertex 17.561370974798407 7.740183994959621 10.000000000000004
  endloop
endfacet
facet normal 0.16289547339458962 0.9866433320848789 0.0
  outer loop
    vertex 17.561370974798407 7.740183994959621 10.000000000000004
    vertex 18.368422597249364 7.606939232827372 5.000000000000003
    vertex 17.561370974798407 7.740183994959621 5.000000000000003
  endloop
endfacet
facet normal 0.16289547339458962 0.9866433320848789 0.0
  outer loop
    vertex 18.368422597249364 7.606939232827372 5.000000000000003
    vertex 17.561370974798407 7.740183994959621 10.000000000000004
    vertex 18.368422597249364 7.606939232827372 10.000000000000004
  endloop
endfacet
facet normal 0.09801714032956059 0.995184726672197 0.0
  outer loop
    vertex 18.368422597249364 7.606939232827372 10.000000000000004
    vertex 19.182460884623218 7.526763459517459 5.000000000000003
    vertex 18.368422597249364 7.606939232827372 5.000000000000003
  endloop
endfacet
facet normal 0.09801714032956059 0.995184726672197 0.0
  outer loop
    vertex 19.182460884623218 7.526763459517459 5.000000000000003
    vertex 18.368422597249364 7.606939232827372 10.000000000000004
    vertex 19.182460884623218 7.526763459517459 10.000000000000004
  endloop
endfacet
facet normal 0.032719082821774825 0.9994645874763657 0.0
  outer loop
    vertex 19.182460884623218 7.526763459517459 10.000000000000004
    vertex 20.000000000000007 7.5000000000000036 5.000000000000003
    vertex 19.182460884623218 7.526763459517459 5.000000000000003
  endloop
endfacet
facet normal 0.032719082821774825 0.9994645874763657 0.0
  outer loop
    vertex 20.000000000000007 7.5000000000000036 5.000000000000003
    vertex 19.182460884623218 7.526763459517459 10.000000000000004
    vertex 20.000000000000007 7.5000000000000036 10.000000000000004
  endloop
endfacet
facet normal -0.03271908282177655 0.9994645874763657 -0.0
  outer loop
    vertex 20.000000000000007 7.5000000000000036 10.000000000000004
    vertex 20.817539115376793 7.5267634595174595 5.000000000000003
    vertex 20.000000000000007 7.5000000000000036 5.000000000000003
  endloop
endfacet
facet normal -0.03271908282177655 0.9994645874763657 -0.0
  outer loop
    vertex 20.817539115376793 7.5267634595174595 5.000000000000003
    vertex 20.000000000000007 7.5000000000000036 10.000000000000004
    vertex 20.817539115376793 7.5267634595174595 10.000000000000004
  endloop
endfacet
facet normal -0.09801714032956059 0.995184726672197 -0.0
  outer loop
    vertex 20.817539115376793 7.5267634595174595 10.000000000000004
    vertex 21.631577402750647 7.606939232827373 5.000000000000003
    vertex 20.817539115376793 7.5267634595174595 5.000000000000003
  endloop
endfacet
facet normal -0.09801714032956059 0.995184726672197 -0.0
  outer loop
    vertex 21.631577402750647 7.606939232827373 5.000000000000003
    vertex 20.817539115376793 7.5267634595174595 10.000000000000004
    vertex 21.631577402750647 7.606939232827373 10.000000000000004
  endloop
endfacet
facet normal -0.16289547339458962 0.9866433320848789 -0.0
  outer loop
    vertex 21.631577402750647 7.606939232827373 10.000000000000004
    vertex 22.438629025201603 7.740183994959623 5.000000000000003
    vertex 21.631577402750647 7.606939232827373 5.000000000000003
  endloop
endfacet
facet normal -0.16289547339458962 0.9866433320848789 -0.0
  outer loop
    vertex 22.438629025201603 7.740183994959623 5.000000000000003
    vertex 21.631577402750647 7.606939232827373 10.000000000000004
    vertex 22.438629025201603 7.740183994959623 10.000000000000004
  endloop
endfacet
facet normal -0.22707626303437284 0.9738769792773339 -0.0
  outer loop
    vertex 22.438629025201603 7.740183994959623 10.000000000000004
    vertex 23.235238063781512 7.92592717138665 5.000000000000003
    vertex 22.438629025201603 7.740183994959623 5.000000000000003
  endloop
endfacet
facet normal -0.22707626303437284 0.9738769792773339 -0.0
  outer loop
    vertex 23.235238063781512 7.92592717138665 5.000000000000003
    vertex 22.438629025201603 7.740183994959623 10.000000000000004
    vertex 23.235238063781512 7.92592717138665 10.000000000000004
  endloop
endfacet
facet normal -0.2902846772544638 0.9569403357322085 -0.0
  outer loop
    vertex 23.235238063781512 7.92592717138665 10.000000000000004
    vertex 24.01799331628952 8.163373381311184 5.000000000000003
    vertex 23.235238063781512 7.92592717138665 5.000000000000003
  endloop
endfacet
facet normal -0.2902846772544638 0.9569403357322085 -0.0
  outer loop
    vertex 24.01799331628952 8.163373381311184 5.000000000000003
    vertex 23.235238063781512 7.92592717138665 10.000000000000004
    vertex 24.01799331628952 8.163373381311184 10.000000000000004
  endloop
endfacet
facet normal -0.3522500479212324 0.9359059267573261 -0.0
  outer loop
    vertex 24.01799331628952 8.163373381311184 10.000000000000004
    vertex 24.78354290456362 8.451505843608919 5.000000000000003
    vertex 24.01799331628952 8.163373381311184 5.000000000000003
  endloop
endfacet
facet normal -0.3522500479212324 0.9359059267573261 -0.0
  outer loop
    vertex 24.78354290456362 8.451505843608919 5.000000000000003
    vertex 24.01799331628952 8.163373381311184 10.000000000000004
    vertex 24.78354290456362 8.451505843608919 10.000000000000004
  endloop
endfacet
facet normal -0.41270702980439417 0.9108638249211762 -0.0
  outer loop
    vertex 24.78354290456362 8.451505843608919 10.000000000000004
    vertex 25.528608627737515 8.789090730841398 5.000000000000003
    vertex 24.78354290456362 8.451505843608919 5.000000000000003
  endloop
endfacet
facet normal -0.41270702980439417 0.9108638249211762 -0.0
  outer loop
    vertex 25.528608627737515 8.789090730841398 5.000000000000003
    vertex 24.78354290456362 8.451505843608919 10.000000000000004
    vertex 25.528608627737515 8.789090730841398 10.000000000000004
  endloop
endfacet
facet normal -0.4713967368259986 0.8819212643483545 -0.0
  outer loop
    vertex 25.528608627737515 8.789090730841398 10.000000000000004
    vertex 26.249999999999996 9.174682452694519 5.000000000000003
    vertex 25.528608627737515 8.789090730841398 5.000000000000003
  endloop
endfacet
facet normal -0.4713967368259986 0.8819212643483545 -0.0
  outer loop
    vertex 26.249999999999996 9.174682452694519 5.000000000000003
    vertex 25.528608627737515 8.789090730841398 10.000000000000004
    vertex 26.249999999999996 9.174682452694519 10.000000000000004
  endloop
endfacet
facet normal -0.528067850650367 0.8492021815265796 -0.0
  outer loop
    vertex 26.249999999999996 9.174682452694519 10.000000000000004
    vertex 26.944627912745027 9.606629846218185 5.000000000000003
    vertex 26.249999999999996 9.174682452694519 5.000000000000003
  endloop
endfacet
facet normal -0.528067850650367 0.8492021815265796 -0.0
  outer loop
    vertex 26.944627912745027 9.606629846218185 5.000000000000003
    vertex 26.249999999999996 9.174682452694519 10.000000000000004
    vertex 26.944627912745027 9.606629846218185 10.000000000000004
  endloop
endfacet
facet normal -0.5824776968678028 0.8128466845916148 -0.0
  outer loop
    vertex 26.944627912745027 9.606629846218185 10.000000000000004
    vertex 27.609517862609003 10.08308324635956 5.000000000000003
    vertex 26.944627912745027 9.606629846218185 5.000000000000003
  endloop
endfacet
facet normal -0.5824776968678028 0.8128466845916148 -0.0
  outer loop
    vertex 27.609517862609003 10.08308324635956 5.000000000000003
    vertex 26.944627912745027 9.606629846218185 10.000000000000004
    vertex 27.609517862609003 10.08308324635956 10.000000000000004
  endloop
endfacet
facet normal -0.6343932841636467 0.7730104533627361 -0.0
  outer loop
    vertex 27.609517862609003 10.08308324635956 10.000000000000004
    vertex 28.241822688750855 10.602002406512785 5.000000000000003
    vertex 27.609517862609003 10.08308324635956 5.000000000000003
  endloop
endfacet
facet normal -0.6343932841636467 0.7730104533627361 -0.0
  outer loop
    vertex 28.241822688750855 10.602002406512785 5.000000000000003
    vertex 27.609517862609003 10.08308324635956 10.000000000000004
    vertex 28.241822688750855 10.602002406512785 10.000000000000004
  endloop
endfacet
facet normal -0.6835923020228705 0.7298640726978364 -0.0
  outer loop
    vertex 28.241822688750855 10.602002406512785 10.000000000000004
    vertex 28.83883476483184 11.161165235168157 5.000000000000003
    vertex 28.241822688750855 10.602002406512785 5.000000000000003
  endloop
endfacet
facet normal -0.6835923020228705 0.7298640726978364 -0.0
  outer loop
    vertex 28.83883476483184 11.161165235168157 5.000000000000003
    vertex 28.241822688750855 10.602002406512785 10.000000000000004
    vertex 28.83883476483184 11.161165235168157 10.000000000000004
  endloop
endfacet
facet normal -0.7298640726978365 0.6835923020228704 -0.0
  outer loop
    vertex 29.39799759348721 11.75817731124914 10.000000000000004
    vertex 28.83883476483184 11.161165235168157 5.000000000000003
    vertex 28.83883476483184 11.161165235168157 10.000000000000004
  endloop
endfacet
facet normal -0.7298640726978365 0.6835923020228704 -0.0
  outer loop
    vertex 28.83883476483184 11.161165235168157 5.000000000000003
    vertex 29.39799759348721 11.75817731124914 10.000000000000004
    vertex 29.39799759348721 11.75817731124914 5.000000000000003
  endloop
endfacet
facet normal -0.7730104533627352 0.6343932841636479 -0.0
  outer loop
    vertex 29.91691675364044 12.390482137390993 10.000000000000004
    vertex 29.39799759348721 11.75817731124914 5.000000000000003
    vertex 29.39799759348721 11.75817731124914 10.000000000000004
  endloop
endfacet
facet normal -0.7730104533627352 0.6343932841636479 -0.0
  outer loop
    vertex 29.39799759348721 11.75817731124914 5.000000000000003
    vertex 29.91691675364044 12.390482137390993 10.000000000000004
    vertex 29.91691675364044 12.390482137390993 5.000000000000003
  endloop
endfacet
facet normal -0.812846684591616 0.5824776968678012 -0.0
  outer loop
    vertex 30.393370153781813 13.055372087254975 10.000000000000004
    vertex 29.91691675364044 12.390482137390993 5.000000000000003
    vertex 29.91691675364044 12.390482137390993 10.000000000000004
  endloop
endfacet
facet normal -0.812846684591616 0.5824776968678012 -0.0
  outer loop
    vertex 29.91691675364044 12.390482137390993 5.000000000000003
    vertex 30.393370153781813 13.055372087254975 10.000000000000004
    vertex 30.393370153781813 13.055372087254975 5.000000000000003
  endloop
endfacet
facet normal -0.8492021815265773 0.5280678506503708 -0.0
  outer loop
    vertex 30.825317547305485 13.750000000000004 10.000000000000004
    vertex 30.393370153781813 13.055372087254975 5.000000000000003
    vertex 30.393370153781813 13.055372087254975 10.000000000000004
  endloop
endfacet
facet normal -0.8492021815265773 0.5280678506503708 -0.0
  outer loop
    vertex 30.393370153781813 13.055372087254975 5.000000000000003
    vertex 30.825317547305485 13.750000000000004 10.000000000000004
    vertex 30.825317547305485 13.750000000000004 5.000000000000003
  endloop
endfacet
facet normal -0.8819212643483553 0.4713967368259973 -0.0
  outer loop
    vertex 31.210909269158602 14.471391372262485 10.000000000000004
    vertex 30.825317547305485 13.750000000000004 5.000000000000003
    vertex 30.825317547305485 13.750000000000004 10.000000000000004
  endloop
endfacet
facet normal -0.8819212643483553 0.4713967368259973 -0.0
  outer loop
    vertex 30.825317547305485 13.750000000000004 5.000000000000003
    vertex 31.210909269158602 14.471391372262485 10.000000000000004
    vertex 31.210909269158602 14.471391372262485 5.000000000000003
  endloop
endfacet
facet normal -0.9108638249211768 0.41270702980439283 -0.0
  outer loop
    vertex 31.548494156391083 15.21645709543638 10.000000000000004
    vertex 31.210909269158602 14.471391372262485 5.000000000000003
    vertex 31.210909269158602 14.471391372262485 10.000000000000004
  endloop
endfacet
facet normal -0.9108638249211768 0.41270702980439283 -0.0
  outer loop
    vertex 31.210909269158602 14.471391372262485 5.000000000000003
    vertex 31.548494156391083 15.21645709543638 10.000000000000004
    vertex 31.548494156391083 15.21645709543638 5.000000000000003
  endloop
endfacet
facet normal -0.9359059267573256 0.35225004792123393 -0.0
  outer loop
    vertex 31.83662661868882 15.982006683710482 10.000000000000004
    vertex 31.548494156391083 15.21645709543638 5.000000000000003
    vertex 31.548494156391083 15.21645709543638 10.000000000000004
  endloop
endfacet
facet normal -0.9359059267573256 0.35225004792123393 -0.0
  outer loop
    vertex 31.548494156391083 15.21645709543638 5.000000000000003
    vertex 31.83662661868882 15.982006683710482 10.000000000000004
    vertex 31.83662661868882 15.982006683710482 5.000000000000003
  endloop
endfacet
facet normal -0.9569403357322085 0.2902846772544638 -0.0
  outer loop
    vertex 32.07407282861335 16.76476193621849 10.000000000000004
    vertex 31.83662661868882 15.982006683710482 5.000000000000003
    vertex 31.83662661868882 15.982006683710482 10.000000000000004
  endloop
endfacet
facet normal -0.9569403357322085 0.2902846772544638 -0.0
  outer loop
    vertex 31.83662661868882 15.982006683710482 5.000000000000003
    vertex 32.07407282861335 16.76476193621849 10.000000000000004
    vertex 32.07407282861335 16.76476193621849 5.000000000000003
  endloop
endfacet
facet normal -0.9738769792773354 0.2270762630343663 -0.0
  outer loop
    vertex 32.25981600504037 17.561370974798397 10.000000000000004
    vertex 32.07407282861335 16.76476193621849 5.000000000000003
    vertex 32.07407282861335 16.76476193621849 10.000000000000004
  endloop
endfacet
facet normal -0.9738769792773354 0.2270762630343663 -0.0
  outer loop
    vertex 32.07407282861335 16.76476193621849 5.000000000000003
    vertex 32.25981600504037 17.561370974798397 10.000000000000004
    vertex 32.25981600504037 17.561370974798397 5.000000000000003
  endloop
endfacet
facet normal -0.9866433320848786 0.16289547339459132 -0.0
  outer loop
    vertex 32.39306076717263 18.368422597249356 10.000000000000004
    vertex 32.25981600504037 17.561370974798397 5.000000000000003
    vertex 32.25981600504037 17.561370974798397 10.000000000000004
  endloop
endfacet
facet normal -0.9866433320848786 0.16289547339459132 -0.0
  outer loop
    vertex 32.25981600504037 17.561370974798397 5.000000000000003
    vertex 32.39306076717263 18.368422597249356 10.000000000000004
    vertex 32.39306076717263 18.368422597249356 5.000000000000003
  endloop
endfacet
facet normal -0.9951847266721966 0.09801714032956539 -0.0
  outer loop
    vertex 32.473236540482546 19.18246088462321 10.000000000000004
    vertex 32.39306076717263 18.368422597249356 5.000000000000003
    vertex 32.39306076717263 18.368422597249356 10.000000000000004
  endloop
endfacet
facet normal -0.9951847266721966 0.09801714032956539 -0.0
  outer loop
    vertex 32.39306076717263 18.368422597249356 5.000000000000003
    vertex 32.473236540482546 19.18246088462321 10.000000000000004
    vertex 32.473236540482546 19.18246088462321 5.000000000000003
  endloop
endfacet
facet normal -0.9994645874763659 0.03271908282177311 -0.0
  outer loop
    vertex 32.5 20.0 10.000000000000004
    vertex 32.473236540482546 19.18246088462321 5.000000000000003
    vertex 32.473236540482546 19.18246088462321 10.000000000000004
  endloop
endfacet
facet normal -0.9994645874763659 0.03271908282177311 -0.0
  outer loop
    vertex 32.473236540482546 19.18246088462321 5.000000000000003
    vertex 32.5 20.0 10.000000000000004
    vertex 32.5 20.0 5.000000000000003
  endloop
endfacet
endsolid Boom hinge cap
