# Alias OBJ Model File
# Exported from SketchUp, (c) 2000-2012 Trimble Navigation Limited
# File units = millimeters

mtllib Shroud connector.mtl

g Mesh1 Sqare_end1 Model

usemtl FrontColor
v 103 20 -58
vt 1.88976 0.787402
vn 3.98134e-16 1.62816e-18 -1
v 151 20 -58
vt 1.416e-14 0.787402
v 151 0 -58
vt 1.416e-14 2.22051e-18
v 103 1.12799e-14 -58
vt 1.88976 4.4631e-16
f 1/1/1 2/2/1 3/3/1 4/4/1 

v 151 40 -92.641
vt -3.08149e-33 0.787402
vn 1.71335e-16 -0.866025 -0.5
vt 1.42356e-14 -0.787402
vt 1.88976 -0.787402
v 103 18.2679 -55
vt 1.88976 -0.923784
v 68 18.2679 -55
vt 3.26772 -0.923784
v 68 20 -58
vt 3.26772 -0.787402
v -3.41061e-13 20 -58
vt 5.94488 -0.787402
v 2.84217e-14 40 -92.641
vt 5.94488 0.787402
v 18.875 40 -92.641
vt 5.20177 0.787402
v 37.75 40 -92.641
vt 4.45866 0.787402
v 56.625 40 -92.641
vt 3.71555 0.787402
v 75.5 40 -92.641
vt 2.97244 0.787402
v 94.375 40 -92.641
vt 2.22933 0.787402
v 113.25 40 -92.641
vt 1.48622 0.787402
v 132.125 40 -92.641
vt 0.74311 0.787402
f 5/5/2 2/6/2 1/7/2 6/8/2 7/9/2 8/10/2 9/11/2 10/12/2 11/13/2 12/14/2 13/15/2 14/16/2 15/17/2 16/18/2 17/19/2 

vt -1.36382 0
vn 1 0 3.60822e-16
vt -1.36382 0.787402
vt 0 1.5748
v 151 51.3137 -85.4265
vt -0.284035 2.02022
v 151 62.6274 -78.212
vt -0.56807 2.46565
v 151 73.9411 -70.9975
vt -0.852106 2.91107
v 151 85.2548 -63.783
vt -1.13614 3.35649
v 151 96.5685 -56.5685
vt -1.42018 3.80191
v 151 40 7.10543e-14
vt -3.64728 1.5748
v 151 0 7.10543e-14
vt -3.64728 0
f 3/20/3 2/21/3 5/22/3 18/23/3 19/24/3 20/25/3 21/26/3 22/27/3 23/28/3 24/29/3 

vt 3.4499e-33 1.32781
vn 2.65708e-16 0.537664 -0.843159
v 148 42.5319 -91.0265
vt 0.11811 1.44604
vt 9.01156e-16 1.85609
f 5/30/4 25/31/4 18/32/4

v 4.80846 42.5319 -91.0265
vt 5.75557 1.44604
f 25/31/4 5/30/4 26/33/4

vt 0.74311 1.32781
f 17/34/4 26/33/4 5/30/4

vt 1.48622 1.32781
f 16/35/4 26/33/4 17/34/4

vt 2.22933 1.32781
f 15/36/4 26/33/4 16/35/4

vt 2.97244 1.32781
f 14/37/4 26/33/4 15/36/4

vt 3.71555 1.32781
f 13/38/4 26/33/4 14/37/4

vt 4.45866 1.32781
f 12/39/4 26/33/4 13/38/4

vt 5.20177 1.32781
f 11/40/4 26/33/4 12/39/4

vt 5.94488 1.32781
f 10/41/4 26/33/4 11/40/4

v 6.2 51.3137 -85.4265
vt 5.70079 1.85609
f 26/33/4 10/41/4 27/42/4

vt 1.33212e-16 -1.47594
vn -0.876953 0.480577 -3.36075e-16
v 0 40 1.42109e-14
vt 3.64728 -1.47594
v 31 96.5685 -56.5685
vt 1.42018 1.06365
v 24.8 85.2548 -63.783
vt 1.13614 0.555734
v 18.6 73.9411 -70.9975
vt 0.852106 0.0478146
v 12.4 62.6274 -78.212
vt 0.56807 -0.460105
vt 0.284035 -0.968025
f 10/43/5 28/44/5 29/45/5 30/46/5 31/47/5 32/48/5 27/49/5 

v 0 0 1.42109e-14
vt 3.64728 0
vn -1 0 -3.60822e-16
vt 3.64728 1.5748
vt 1.36382 0.787402
v -3.41061e-13 0 -58
vt 1.36382 0
f 33/50/6 28/51/6 10/22/6 9/52/6 34/53/6 

v 135.659 7.58819 7.10543e-14
vt -0.603966 0.298748
vn -4.05354e-16 -5.34108e-17 1
v 136 5 7.10543e-14
vt -0.590551 0.19685
v 136 -3.52496e-15 9.9476e-14
vt -0.590551 5.60266e-17
vt 1.6242e-16 1.94804e-16
vt 1.6242e-16 1.5748
vt -5.94488 1.5748
vt -5.94488 1.94804e-16
v 15 3.05636e-15 4.26326e-14
vt -5.35433 3.15134e-16
v 15 5 4.26326e-14
vt -5.35433 0.19685
v 15.3407 7.58819 4.26326e-14
vt -5.34092 0.298748
v 16.3397 10 1.42109e-14
vt -5.30158 0.393701
v 17.9289 12.0711 1.42109e-14
vt -5.23902 0.475239
v 20 13.6603 1.42109e-14
vt -5.15748 0.537805
v 22.4118 14.6593 1.42109e-14
vt -5.06253 0.577136
v 25 15 1.42109e-14
vt -4.96063 0.590551
v 27.5882 14.6593 1.42109e-14
vt -4.85873 0.577136
v 30 13.6603 1.42109e-14
vt -4.76378 0.537805
v 32.0711 12.0711 1.42109e-14
vt -4.68224 0.475239
v 33.6603 10 1.42109e-14
vt -4.61968 0.393701
v 34.6593 7.58819 1.42109e-14
vt -4.58034 0.298748
v 35 5 1.42109e-14
vt -4.56693 0.19685
v 35 1.6226e-16 1.42109e-14
vt -4.56693 2.01193e-16
v 116 -3.49496e-15 4.26326e-14
vt -1.37795 5.72076e-17
v 116 5 4.26326e-14
vt -1.37795 0.19685
v 116.341 7.58819 4.26326e-14
vt -1.36454 0.298748
v 117.34 10 4.26326e-14
vt -1.32521 0.393701
v 118.929 12.0711 4.26326e-14
vt -1.26264 0.475239
v 121 13.6603 4.26326e-14
vt -1.1811 0.537805
v 123.412 14.6593 4.26326e-14
vt -1.08615 0.577136
v 126 15 4.26326e-14
vt -0.984252 0.590551
v 128.588 14.6593 4.26326e-14
vt -0.882355 0.577136
v 131 13.6603 4.26326e-14
vt -0.787402 0.537805
v 133.071 12.0711 5.68434e-14
vt -0.705863 0.475239
v 134.66 10 5.68434e-14
vt -0.643297 0.393701
f 35/54/7 36/55/7 37/56/7 24/57/7 23/58/7 28/59/7 33/60/7 38/61/7 39/62/7 40/63/7 41/64/7 42/65/7 43/66/7 44/67/7 45/68/7 46/69/7 47/70/7 48/71/7 49/72/7 50/73/7 51/74/7 52/75/7 53/76/7 54/77/7 55/78/7 56/79/7 57/80/7 58/81/7 59/82/7 60/83/7 61/84/7 62/85/7 63/86/7 64/87/7 

vt -3.64728 0.272249
vn 0.991445 0.130526 4.48672e-16
vt -3.64728 0.375025
vn 0.965926 0.258819 4.2162e-16
v 135.659 7.58819 3
vt -3.76539 0.375025
v 136 5 3
vt -3.76539 0.272249
f 36/88/8 35/89/9 65/90/9 66/91/8 

vt -3.64728 0.507135
vt -3.64728 0.609911
vn 0.866025 0.5 3.46461e-16
v 134.66 10 3
vt -3.76539 0.609911
vt -3.76539 0.507135
f 35/92/9 64/93/10 67/94/10 65/95/9 

vt -3.64728 0.703958
vt -3.64728 0.806735
vn 0.707107 0.707107 2.4769e-16
v 133.071 12.0711 3
vt -3.76539 0.806735
vt -3.76539 0.703958
f 64/96/10 63/97/11 68/98/11 67/99/10 

vt -3.64728 0.849306
vt -3.64728 0.952083
vn 0.5 0.866025 1.32041e-16
v 131 13.6603 3
vt -3.76539 0.952083
vt -3.76539 0.849306
f 63/100/11 62/101/12 69/102/12 68/103/11 

vt -3.64728 0.933273
vt -3.64728 1.03605
vn 0.258819 0.965926 7.39247e-18
v 128.588 14.6593 3
vt -3.76539 1.03605
vt -3.76539 0.933273
f 62/104/12 61/105/13 70/106/13 69/107/12 

vt -3.64728 0.950137
vt -3.64728 1.05291
vn 4.24903e-32 1 -1.17759e-16
v 126 15 3
vt -3.76539 1.05291
vt -3.76539 0.950137
f 61/108/13 60/109/14 71/110/14 70/111/13 

vt 3.64728 -0.898749
vt 3.64728 -1.00153
vn -0.258819 0.965926 -2.34886e-16
v 123.412 14.6593 3
vt 3.76539 -1.00153
vt 3.76539 -0.898749
f 60/112/14 59/113/15 72/114/15 71/115/14 

vt 3.64728 -0.782611
vt 3.64728 -0.885387
vn -0.5 0.866025 -3.36006e-16
v 121 13.6603 3
vt 3.76539 -0.885387
vt 3.76539 -0.782611
f 59/116/15 58/117/16 73/118/16 72/119/15 

vt 3.64728 -0.609636
vt 3.64728 -0.712413
vn -0.707107 0.707107 -4.14228e-16
v 118.929 12.0711 3
vt 3.76539 -0.712413
vt 3.76539 -0.609636
f 58/120/16 57/121/17 74/122/17 73/123/16 

vt 3.64728 -0.391614
vt 3.64728 -0.494391
vn -0.866025 0.5 -4.6422e-16
v 117.34 10 3
vt 3.76539 -0.494391
vt 3.76539 -0.391614
f 57/124/17 56/125/18 75/126/18 74/127/17 

vt 3.64728 -0.143403
vt 3.64728 -0.246179
vn -0.965926 0.258819 -4.82577e-16
v 116.341 7.58819 3
vt 3.76539 -0.246179
vt 3.76539 -0.143403
f 56/128/18 55/129/19 76/130/19 75/131/18 

vt 3.64728 0.118084
vt 3.64728 0.0153074
vn -0.991445 0.130526 -4.79413e-16
v 116 5 3
vt 3.76539 0.0153074
vt 3.76539 0.118084
f 55/132/19 54/133/20 77/134/20 76/135/19 

vt 3.64728 0.19685
vn -1 3.69543e-32 -4.68047e-16
vt 3.64728 -1.37597e-16
v 116 -3.14168e-15 3
vt 3.76539 -1.23688e-16
vt 3.76539 0.19685
f 54/136/21 53/137/21 78/138/21 77/139/21 

v 30 3.58305e-16 -3
vt -4.76378 3.52917
vn 1.48239e-16 -1 -8.12837e-16
v 121 2.3933e-14 -2.98487
vt -1.1811 3.52977
v 121 2.34617e-14 3
vt -1.1811 3.76539
vt -1.37795 3.76539
vt -1.37795 3.64728
vt -4.56693 3.64728
v 35 7.93773e-16 3
vt -4.56693 3.76539
v 30 9.70021e-16 3
vt -4.76378 3.76539
f 79/140/22 80/141/22 81/142/22 78/143/22 53/144/22 52/145/22 82/146/22 83/147/22 

v 3 0 -3
vt 5.82657 -0.000436534
vn 5.73032e-05 -0.000123681 -1
v 3 38.7574 -3
vt 5.82657 1.52544
v 148 38.7574 -3
vt 0.117908 1.52544
v 148 0 -3
vt 0.117908 -0.000436494
v 131 -3.40539e-15 -2.98487
vt 0.787199 -0.000436572
v 131 5 -2.98487
vt 0.787199 0.196414
v 130.83 6.2941 -2.98487
vt 0.793907 0.247362
v 130.33 7.5 -2.98487
vt 0.813572 0.294839
v 129.536 8.53553 -2.98487
vt 0.844855 0.335608
v 128.5 9.33013 -2.98487
vt 0.885625 0.366891
v 127.294 9.82963 -2.98487
vt 0.933101 0.386557
v 126 10 -2.98487
vt 0.98405 0.393264
v 124.706 9.82963 -2.98487
vt 1.035 0.386557
v 123.5 9.33013 -2.98487
vt 1.08247 0.366891
v 122.464 8.53553 -2.98487
vt 1.12324 0.335608
v 121.67 7.5 -2.98487
vt 1.15453 0.294839
v 121.17 6.2941 -2.98487
vt 1.17419 0.247362
v 121 5 -2.98487
vt 1.1809 0.196414
vt 1.1809 -0.000436575
vt 4.76358 -0.000436527
v 30 5 -3
vt 4.76358 0.196414
v 29.8296 6.2941 -3
vt 4.77028 0.247362
v 29.3301 7.5 -3
vt 4.78995 0.294839
v 28.5355 8.53553 -3
vt 4.82123 0.335608
v 27.5 9.33013 -3
vt 4.862 0.366891
v 26.2941 9.82963 -3
vt 4.90948 0.386557
v 25 10 -3
vt 4.96043 0.393264
v 23.7059 9.82963 -3
vt 5.01138 0.386557
v 22.5 9.33013 -3
vt 5.05885 0.366891
v 21.4645 8.53553 -3
vt 5.09962 0.335608
v 20.6699 7.5 -3
vt 5.13091 0.294839
v 20.1704 6.2941 -3
vt 5.15057 0.247362
v 20 5 -3
vt 5.15728 0.196414
v 20 -3.50516e-15 -3
vt 5.15728 -0.000436529
f 84/148/23 85/149/23 86/150/23 87/151/23 88/152/23 89/153/23 90/154/23 91/155/23 92/156/23 93/157/23 94/158/23 95/159/23 96/160/23 97/161/23 98/162/23 99/163/23 100/164/23 101/165/23 80/166/23 79/167/23 102/168/23 103/169/23 104/170/23 105/171/23 106/172/23 107/173/23 108/174/23 109/175/23 110/176/23 111/177/23 112/178/23 113/179/23 114/180/23 115/181/23 

v 3 39.2319 -85.3106
vt -0.2886 1.54456
v 3 39.2319 -3.47452
vt -3.51049 1.54456
vt -3.52917 1.52588
vt -3.52917 0
v 3 0 -55
vt -1.48193 0
v 3 21.7321 -55
vt -1.48193 0.855593
f 116/182/3 117/183/3 85/184/3 84/185/3 118/186/3 119/187/3 

v 33.0012 93.9779 -58.2205
vt -1.35514 1.01207
vn 0.876953 -0.480577 3.07166e-16
vt -3.51049 -1.4457
vt -0.2886 -1.4457
vt -0.0635653 -1.29755
f 120/188/24 117/189/24 116/190/24 26/191/24 

vt 5.82677 -1.39012
vn 1.16046e-16 -0.707107 -0.707107
vt 4.64562 1.65801
v 148 93.9779 -58.2205
vt 0.11811 1.65801
vt 0.11811 -1.41654
vt 5.82677 -1.41654
f 117/192/25 120/193/25 121/194/25 86/195/25 85/196/25 

vt 4.64562 3.84823
vt 4.72441 3.96919
vt 0.11811 3.84823
f 120/197/4 29/198/4 121/199/4

vt 4.9685 3.44092
f 120/197/4 30/200/4 29/198/4

vt 5.2126 2.91264
f 120/197/4 31/201/4 30/200/4

vt 5.45669 2.38436
f 120/197/4 32/202/4 31/201/4

f 120/197/4 27/42/4 32/202/4

f 26/33/4 27/42/4 120/197/4

vt 1.42757e-14 3.96919
f 22/203/4 121/199/4 29/198/4

vt 6.26916e-15 3.44092
f 21/204/4 121/199/4 22/203/4

vt 4.47982e-15 2.91264
f 20/205/4 121/199/4 21/204/4

vt 3.57867e-15 2.38436
f 19/206/4 121/199/4 20/205/4

f 18/32/4 121/199/4 19/206/4

f 18/32/4 25/31/4 121/199/4

vt 3.52917 1.52588
vn -1 -3.62675e-17 -3.61539e-16
vt 1.35514 3.69992
vt 0.0635653 1.67449
v 148 21.7321 -55
vt 1.48193 0.855593
v 148 0 -55
vt 1.48193 4.28356e-18
vt 3.52917 4.28356e-18
f 86/207/26 121/208/26 25/209/26 122/210/26 123/211/26 87/212/26 

vt -5.75557 0.782194
vn -1.73558e-16 0.866025 0.5
vt -5.82677 0.522347
vt -5.82677 -0.855593
vt -0.11811 -0.855593
vt -0.11811 0.782194
f 26/213/27 116/214/27 119/215/27 122/216/27 25/217/27 

vt -3.26772 0.719211
vn -3.43343e-16 -1.17707e-16 1
vt -1.88976 0.719211
v 103 1.12799e-14 -55
vt -1.88976 6.18522e-16
vt -0.11811 1.74433e-16
vt -0.11811 0.855593
vt -5.82677 0.855593
vt -5.82677 1.74433e-16
v 68 1.12799e-14 -55
vt -3.26772 6.18522e-16
f 7/218/28 6/219/28 124/220/28 123/221/28 122/222/28 119/223/28 118/224/28 125/225/28 

vt 1.48193 4.44089e-16
vt 1.48193 0.719211
vt 1.36382 4.44089e-16
f 124/226/6 6/227/6 1/52/6 4/228/6 

v 131 -3.87667e-15 3
vt -0.787402 3.76539
vn -1.87755e-16 -1 -7.49852e-17
vt -0.787402 3.52977
vt -0.11811 3.52917
vt -0.11811 1.48193
vt -1.88976 1.48193
vt -1.88976 1.36382
vt -1.42109e-14 1.36382
vt 0 3.64728
vt -0.590551 3.64728
v 136 -3.17168e-15 3
vt -0.590551 3.76539
f 126/229/29 88/230/29 87/231/29 123/232/29 124/233/29 4/234/29 3/235/29 24/236/29 37/237/29 127/238/29 

vt 3.52977 -1.3407e-16
vn -1 0 -0
vt 3.76539 -1.52625e-16
v 131 5 3
vt 3.52977 0.19685
f 88/239/30 126/240/30 128/139/30 89/241/30 

vn -4.68047e-16 1.17759e-16 1
vt -1.37795 -5.67099e-16
vt -1.1811 4.80279e-16
v 121 5 3
vt -1.1811 0.19685
v 121.17 6.2941 3
vt -1.17439 0.247799
v 121.67 7.5 3
vt -1.15473 0.295276
v 122.464 8.53553 3
vt -1.12345 0.336045
v 123.5 9.33013 3
vt -1.08268 0.367328
v 124.706 9.82963 3
vt -1.0352 0.386993
v 126 10 3
vt -0.984252 0.393701
v 127.294 9.82963 3
vt -0.933303 0.386993
v 128.5 9.33013 3
vt -0.885827 0.367328
v 129.536 8.53553 3
vt -0.845058 0.336045
v 130.33 7.5 3
vt -0.813775 0.295276
v 130.83 6.2941 3
vt -0.794109 0.247799
vt -0.787402 0.19685
vt -0.787402 -5.96036e-16
vt -0.590551 -5.6828e-16
f 77/77/31 78/242/31 81/243/31 129/244/31 130/245/31 131/246/31 132/247/31 133/248/31 134/249/31 135/250/31 136/251/31 137/252/31 138/253/31 139/254/31 140/255/31 128/256/31 126/257/31 127/258/31 66/55/31 65/54/31 67/87/31 68/86/31 69/85/31 70/84/31 71/83/31 72/82/31 73/81/31 74/80/31 75/79/31 76/78/31 

vt -3.52977 0.19685
vn 1 0 -0
vt -3.76539 0.19685
vt -3.76539 9.2369e-16
vt -3.52977 9.42245e-16
f 101/259/32 129/260/32 81/261/32 80/262/32 

vt -3.52977 0.0923898
vn 0.965926 -0.258819 -7.14575e-17
vt -3.76539 0.0923898
vt -3.76539 0.0410015
vn 0.991445 -0.130526 -3.60161e-17
vt -3.52977 0.0410015
f 100/263/33 130/264/33 129/265/34 101/266/34 

vt -3.52977 -0.169097
vn 0.866025 -0.5 -1.38087e-16
vt -3.76539 -0.169097
vt -3.76539 -0.220485
vt -3.52977 -0.220485
f 99/267/35 131/268/35 130/269/33 100/270/33 

vt -3.52977 -0.417309
vn 0.707107 -0.707107 -1.95306e-16
vt -3.76539 -0.417309
vt -3.76539 -0.468697
vt -3.52977 -0.468697
f 98/271/36 132/272/36 131/273/35 99/274/35 

vt -3.52977 -0.635331
vn 0.5 -0.866025 -2.39215e-16
vt -3.76539 -0.635331
vt -3.76539 -0.686719
vt -3.52977 -0.686719
f 97/275/37 133/276/37 132/277/36 98/278/36 

vt -3.52977 -0.808305
vn 0.258819 -0.965926 -2.66823e-16
vt -3.76539 -0.808305
vt -3.76539 -0.859693
vt -3.52977 -0.859693
f 96/279/38 134/280/38 133/281/37 97/282/37 

vt -3.52977 -0.924443
vn 9.96759e-32 -1 -2.76246e-16
vt -3.76539 -0.924443
vt -3.76539 -0.975832
vt -3.52977 -0.975832
f 95/283/39 135/284/39 134/285/38 96/286/38 

vt 3.52977 0.975832
vn -0.258819 -0.965926 -2.66844e-16
vt 3.76539 0.975832
vt 3.76539 1.02722
vt 3.52977 1.02722
f 94/287/40 136/288/40 135/289/39 95/290/39 

vt 3.52977 0.958968
vn -0.5 -0.866025 -2.39257e-16
vt 3.76539 0.958968
vt 3.76539 1.01036
vt 3.52977 1.01036
f 93/291/41 137/292/41 136/293/40 94/294/40 

vt 3.52977 0.875
vn -0.707107 -0.707107 -1.95365e-16
vt 3.76539 0.875
vt 3.76539 0.926389
vt 3.52977 0.926389
f 92/295/42 138/296/42 137/297/41 93/298/41 

vt 3.52977 0.729652
vn -0.866025 -0.5 -1.38159e-16
vt 3.76539 0.729652
vt 3.76539 0.781041
vt 3.52977 0.781041
f 91/299/43 139/300/43 138/301/42 92/302/42 

vt 3.52977 0.532829
vn -0.965926 -0.258819 -7.15381e-17
vt 3.76539 0.532829
vt 3.76539 0.584217
vt 3.52977 0.584217
f 90/303/44 140/304/44 139/305/43 91/306/43 

vt 3.52977 0.297943
vn -0.991445 -0.130526 -3.60987e-17
vt 3.76539 0.297943
vt 3.76539 0.349331
vt 3.52977 0.349331
f 89/307/45 128/308/45 140/309/44 90/310/44 

vt -3.64728 -2.80331e-15
vn 1 -4.51195e-15 4.68047e-16
vt -3.64728 0.19685
vt -3.76539 -2.7894e-15
f 37/311/46 36/312/46 66/260/46 127/313/46 

vt -5.82677 3.52917
vn 1.47091e-16 -1 -5.38913e-17
vt -5.15748 3.52917
v 20 -2.89344e-15 3
vt -5.15748 3.76539
v 15 3.68788e-15 3
vt -5.35433 3.76539
vt -5.35433 3.64728
vt -5.94488 3.64728
vt -5.94488 1.36382
v 68 1.12799e-14 -58
vt -3.26772 1.36382
vt -3.26772 1.48193
vt -5.82677 1.48193
f 84/314/47 115/315/47 141/316/47 142/317/47 38/318/47 33/319/47 34/320/47 143/321/47 125/322/47 118/323/47 

vt -3.52917 0.19685
v 20 5 3
vt -3.76539 -1.13915e-16
vt -3.52917 -1.37998e-16
f 114/324/32 144/260/32 141/325/32 115/326/32 

vt -3.52917 -0.426632
vn 0.965926 -0.258819 2.49916e-16
v 20.1704 6.2941 3
vt -3.76539 -0.426632
vt -3.76539 -0.47802
vn 0.991445 -0.130526 2.5741e-16
vt -3.52917 -0.47802
f 113/327/48 145/328/48 144/329/49 114/330/49 

vt -3.52917 -1.69079
vn 0.866025 -0.5 2.223e-16
v 20.6699 7.5 3
vt -3.76539 -1.69079
vt -3.76539 -1.74218
vt -3.52917 -1.74218
f 112/331/50 146/332/50 145/333/48 113/334/48 

vt -3.52917 -2.83797
vn 0.707107 -0.707107 1.79535e-16
v 21.4645 8.53553 3
vt -3.76539 -2.83797
vt -3.76539 -2.88936
vt -3.52917 -2.88936
f 111/335/51 147/336/51 146/337/50 112/338/50 

vt -3.52917 -3.79
vn 0.5 -0.866025 1.24535e-16
v 22.5 9.33013 3
vt -3.76539 -3.79
vt -3.76539 -3.84139
vt -3.52917 -3.84139
f 110/339/52 148/340/52 147/341/51 111/342/51 

vt -3.52917 -4.482
vn 0.258819 -0.965926 6.10483e-17
v 23.7059 9.82963 3
vt -3.76539 -4.482
vt -3.76539 -4.53339
vt -3.52917 -4.53339
f 109/343/53 149/344/53 148/345/52 110/346/52 

vt -3.52917 -4.8668
vn 3.77934e-16 -1 -6.59901e-18
v 25 10 3
vt -3.76539 -4.8668
vt -3.76539 -4.91819
vt -3.52917 -4.91819
f 108/347/54 150/348/54 149/349/53 109/350/53 

vt 3.52917 4.91819
vn -0.258819 -0.965926 -7.37966e-17
v 26.2941 9.82963 3
vt 3.76539 4.91819
vt 3.76539 4.96958
vt 3.52917 4.96958
f 107/351/55 151/352/55 150/353/54 108/354/54 

vt 3.52917 4.63266
vn -0.5 -0.866025 -1.35965e-16
v 27.5 9.33013 3
vt 3.76539 4.63266
vt 3.76539 4.68405
vt 3.52917 4.68405
f 106/355/56 152/356/56 151/357/55 107/358/55 

vt 3.52917 4.02967
vn -0.707107 -0.707107 -1.88868e-16
v 28.5355 8.53553 3
vt 3.76539 4.02967
vt 3.76539 4.08106
vt 3.52917 4.08106
f 105/359/57 153/360/57 152/361/56 106/362/56 

vt 3.52917 3.15032
vn -0.866025 -0.5 -2.28899e-16
v 29.3301 7.5 3
vt 3.76539 3.15032
vt 3.76539 3.20171
vt 3.52917 3.20171
f 104/363/58 154/364/58 153/365/57 105/366/57 

vt 3.52917 2.05452
vn -0.965926 -0.258819 -2.53332e-16
v 29.8296 6.2941 3
vt 3.76539 2.05452
vt 3.76539 2.10591
vt 3.52917 2.10591
f 103/367/59 155/368/59 154/369/58 104/370/58 

vt 3.52917 0.816964
vn -0.991445 -0.130526 -2.59133e-16
v 30 5 3
vt 3.76539 0.816964
vt 3.76539 0.868353
vt 3.52917 0.868353
f 102/371/60 156/372/60 155/373/59 103/374/59 

vt 3.52917 -1.61063e-14
vn -1 3.38396e-15 -0
vt 3.76539 -1.60822e-14
vt 3.52917 0.19685
f 79/375/61 83/376/61 156/139/61 102/377/61 

vt -4.76378 -7.54442e-16
vn -4.11037e-16 2.10504e-16 1
vt -4.56693 -7.61381e-16
v 35 5 3
v 34.6593 7.58819 3
v 33.6603 10 3
v 32.0711 12.0711 3
v 30 13.6603 3
v 27.5882 14.6593 3
v 25 15 3
v 22.4118 14.6593 3
v 20 13.6603 3
v 17.9289 12.0711 3
v 16.3397 10 3
v 15.3407 7.58819 3
v 15 5 3
vt -5.35433 -6.4744e-16
vt -5.15748 -9.06547e-16
vt -5.15748 0.19685
vt -5.15077 0.247799
vt -5.13111 0.295276
vt -5.09982 0.336045
vt -5.05906 0.367328
vt -5.01158 0.386993
vt -4.96063 0.393701
vt -4.90968 0.386993
vt -4.8622 0.367328
vt -4.82144 0.336045
vt -4.79015 0.295276
vt -4.77049 0.247799
vt -4.76378 0.19685
f 83/378/62 82/379/62 157/74/62 158/73/62 159/72/62 160/71/62 161/70/62 162/69/62 163/68/62 164/67/62 165/66/62 166/65/62 167/64/62 168/63/62 169/62/62 142/380/62 141/381/62 144/382/62 145/383/62 146/384/62 147/385/62 148/386/62 149/387/62 150/388/62 151/389/62 152/390/62 153/391/62 154/392/62 155/393/62 156/394/62 

vt -3.64728 6.38819e-18
vn 1 -4.76264e-31 4.11037e-16
vt -3.76539 3.12509e-17
f 52/395/63 51/312/63 157/260/63 82/396/63 

vt -3.64728 0.79127
vn 0.991445 0.130526 3.80044e-16
vt -3.64728 0.894047
vn 0.965926 0.258819 3.42549e-16
vt -3.76539 0.894047
vt -3.76539 0.79127
f 51/397/64 50/398/65 158/399/65 157/400/64 

vt -3.64728 2.02883
vt -3.64728 2.13161
vn 0.866025 0.5 2.50716e-16
vt -3.76539 2.13161
vt -3.76539 2.02883
f 50/401/65 49/402/66 159/403/66 158/404/65 

vt -3.64728 3.12462
vt -3.64728 3.2274
vn 0.707107 0.707107 1.41798e-16
vt -3.76539 3.2274
vt -3.76539 3.12462
f 49/405/66 48/406/67 160/407/67 159/408/66 

vt -3.64728 4.00398
vt -3.64728 4.10676
vn 0.5 0.866025 2.32163e-17
vt -3.76539 4.10676
vt -3.76539 4.00398
f 48/409/67 47/410/68 161/411/68 160/412/67 

vt -3.64728 4.60697
vt -3.64728 4.70974
vn 0.258819 0.965926 -9.69474e-17
vt -3.76539 4.70974
vt -3.76539 4.60697
f 47/413/68 46/414/69 162/415/69 161/416/68 

vt -3.64728 4.8925
vt -3.64728 4.99527
vn -2.09963e-16 1 -2.10504e-16
vt -3.76539 4.99527
vt -3.76539 4.8925
f 46/417/69 45/418/70 163/419/70 162/420/69 

vt 3.64728 -4.84111
vt 3.64728 -4.94389
vn -0.258819 0.965926 -3.09716e-16
vt 3.76539 -4.94389
vt 3.76539 -4.84111
f 45/421/70 44/422/71 164/423/71 163/424/70 

vt 3.64728 -4.4563
vt 3.64728 -4.55908
vn -0.5 0.866025 -3.87821e-16
vt 3.76539 -4.55908
vt 3.76539 -4.4563
f 44/425/71 43/426/72 165/427/72 164/428/71 

vt 3.64728 -3.76431
vt 3.64728 -3.86709
vn -0.707107 0.707107 -4.39496e-16
vt 3.76539 -3.86709
vt 3.76539 -3.76431
f 43/429/72 42/430/73 166/431/73 165/432/72 

vt 3.64728 -2.81228
vt 3.64728 -2.91506
vn -0.866025 0.5 -4.61221e-16
vt 3.76539 -2.91506
vt 3.76539 -2.81228
f 42/433/73 41/434/74 167/435/74 166/436/73 

vt 3.64728 -1.6651
vt 3.64728 -1.76787
vn -0.965926 0.258819 -4.51514e-16
vt 3.76539 -1.76787
vt 3.76539 -1.6651
f 41/437/74 40/438/75 168/439/75 167/440/74 

vt 3.64728 -0.400938
vt 3.64728 -0.503714
vn -0.991445 0.130526 -4.34997e-16
vt 3.76539 -0.503714
vt 3.76539 -0.400938
f 40/441/75 39/442/76 169/443/76 168/444/75 

vn -1 1.12799e-15 -4.11037e-16
vt 3.64728 -5.91928e-15
vt 3.76539 -5.89442e-15
f 39/136/77 38/445/77 142/446/77 169/139/77 

vt 5.94488 7.39952e-17
vn 4.03294e-16 5.42559e-17 -1
vt 3.26772 0.787402
vt 3.26772 5.18084e-16
f 34/447/78 9/12/78 8/448/78 143/449/78 

vt -1.36382 4.44089e-16
vt -1.48193 0.719211
vt -1.48193 4.44089e-16
f 143/450/3 8/21/3 7/451/3 125/452/3 

v 51 96.5685 -56.5685
vt 3.93701 3.96919
f 22/203/4 29/198/4 170/453/4

vt -9.27923e-17 -1.46547
vn -2.3715e-16 0.707107 0.707107
vt -1.4247e-14 1.68414
v 131 96.5685 -56.5685
vt -0.787402 1.68414
v 111 96.5685 -56.5685
vt -1.5748 1.68414
v 91 96.5685 -56.5685
vt -2.3622 1.68414
v 71 96.5685 -56.5685
vt -3.14961 1.68414
vt -3.93701 1.68414
vt -4.72441 1.68414
vt -5.94488 -1.46547
f 23/454/79 22/455/79 171/456/79 172/457/79 173/458/79 174/459/79 170/460/79 29/461/79 28/462/79 

vt 1.5748 3.96919
vt 0.787402 3.96919
f 22/203/4 172/463/4 171/464/4

vt 2.3622 3.96919
f 22/203/4 173/465/4 172/463/4

vt 3.14961 3.96919
f 22/203/4 174/466/4 173/465/4

f 22/203/4 170/453/4 174/466/4

g Mesh2 Round_end1 Model

v 108.187 55.8174 -168.599
vt 2.22545 -1.12128
vn -0.173648 -0.529495 0.83035
v 95.3325 57.036 -170.51
vt 1.71156 -1.12128
v 101.76 56.066 -169.785
vt 1.9685 -1.13812
f 175/467/80 176/468/80 177/469/80

v 114.504 56.2943 -166.974
vt 2.47799 -1.07104
f 176/468/80 175/467/80 178/470/80

vt -1.60209 2.35659
vn 0.254887 -0.838594 -0.481449
vt -1.35586 2.28126
vn 0.128543 -0.848133 -0.513953
v 116.869 82.2921 -210.117
vt -0.77997 4.16364
v 123.186 82.7691 -208.491
vt -1.0262 4.23897
f 178/471/81 175/472/82 179/473/82 180/474/81 

vt -1.95404 1.99457
vt -1.69789 1.96829
vn 2.36538e-16 -0.843159 -0.537664
v 110.442 82.5408 -211.302
vt -1.49704 3.92653
vt -1.75319 3.9528
f 175/475/82 177/476/83 181/477/83 179/478/82 

vt -2.21019 1.56746
vt -1.95404 1.59374
vn -0.128543 -0.82376 -0.552175
v 104.015 83.5108 -212.028
vt -2.15488 3.55197
vt -2.41103 3.5257
f 177/479/83 176/480/84 182/481/84 181/482/83 

vt -2.33656 1.1516
v 89.0153 58.7107 -170.763
vt -2.09033 1.22693
vn -0.254887 -0.790265 -0.557238
v 97.6977 85.1855 -212.281
vt -2.66622 3.10931
vt -2.91245 3.03398
f 176/483/84 183/484/85 184/485/85 182/486/84 

vt 1.45902 -1.07104
f 176/468/80 178/470/80 183/487/80

v 120.603 57.4887 -164.937
vt 2.72182 -0.988275
f 183/487/80 178/470/80 185/488/80

vt -1.21446 2.6109
vn 0.37687 -0.814707 -0.440707
vt -0.984525 2.495
vt -0.0984529 4.2528
v 129.286 83.9634 -206.454
vt -0.328385 4.36871
f 185/489/86 178/490/81 180/491/81 186/492/86 

vt -2.47799 -1.07104
vn 0.173648 0.529495 -0.83035
vt -1.45902 -1.07104
vt -2.72182 -0.988275
f 180/493/87 184/494/87 186/495/87

vt -2.22545 -1.12128
f 179/496/87 184/494/87 180/493/87

vt -1.71156 -1.12128
f 179/496/87 182/497/87 184/494/87

vt -1.9685 -1.13812
f 182/497/87 179/496/87 181/498/87

v 110.442 85.0703 -209.689
vt -1.9685 -1.02001
f 186/495/87 184/494/87 187/499/87

v 91.5985 87.5363 -212.057
vt -1.21519 -0.988275
f 188/500/87 187/499/87 184/494/87

v 104.4 85.9821 -210.371
vt -1.72698 -1.00418
f 187/499/87 188/500/87 189/501/87

v 98.4623 87.5563 -210.609
vt -1.48959 -0.956958
f 189/501/87 188/500/87 190/502/87

v 85.8218 90.523 -211.361
vt -0.984252 -0.874389
f 190/502/87 188/500/87 191/503/87

v 82.9161 61.0616 -170.54
vt -2.2719 0.596297
vn -0.37687 -0.743249 -0.552766
v 77.1394 64.0482 -169.843
vt -2.06032 0.743048
vn -0.492404 -0.683515 -0.538837
vt -3.18222 2.36056
vt -3.3938 2.21381
f 192/504/88 193/505/89 191/506/89 188/507/88 

vt 1.21519 -0.988275
v 89.7799 61.0815 -169.092
vt 1.48959 -0.956958
vt 0.984252 -0.874389
f 192/508/80 194/509/80 193/510/80

v 95.7181 59.5073 -168.854
vt 1.72698 -1.00418
f 192/508/80 195/511/80 194/509/80

v 101.76 58.5955 -168.172
vt 1.9685 -1.02001
f 192/508/80 196/512/80 195/511/80

f 196/512/80 192/508/80 183/487/80

vt -2.34451 0.8169
vt -2.11458 0.932804
vt -3.00065 2.69061
vt -3.23059 2.57471
f 183/513/85 192/514/88 188/515/88 184/516/85 

f 183/487/80 185/488/80 196/512/80

v 107.801 58.3618 -167.057
vt 2.21003 -1.00418
f 196/512/80 185/488/80 197/517/80

v 113.739 58.8101 -165.529
vt 2.44742 -0.956958
f 197/517/80 185/488/80 198/518/80

v 126.38 59.38 -162.523
vt 2.95276 -0.874389
f 198/518/80 185/488/80 199/519/80

vt -0.841087 2.75545
vn 0.492404 -0.77688 -0.392424
vt -0.629506 2.6087
vt 0.492392 4.22621
v 135.062 85.8548 -204.04
vt 0.28081 4.37296
f 199/520/90 185/521/86 186/522/86 200/523/90 

v 122.422 85.2848 -207.047
vt -2.44742 -0.956958
vt -2.95276 -0.874389
f 186/495/87 201/524/87 200/525/87

v 116.484 84.8365 -208.575
vt -2.21003 -1.00418
f 186/495/87 202/526/87 201/524/87

f 186/495/87 187/499/87 202/526/87

vt 1.70557 1.96908
vn -1.05128e-16 0.843159 0.537664
vt 1.94635 1.99378
vn -0.128543 0.848133 0.513953
vt 1.74551 3.95201
vt 1.50473 3.92731
f 196/527/91 197/528/92 202/529/92 187/530/91 

vt 1.36325 2.28352
vt 1.5947 2.35433
vn -0.254887 0.838594 0.481449
vt 1.01881 4.23671
vt 0.787356 4.1659
f 197/531/92 198/532/93 201/533/93 202/534/92 

vt 0.991423 2.49848
v 119.472 59.9328 -163.615
vt 1.20756 2.60742
vn -0.37687 0.814707 0.440707
v 128.155 86.4075 -205.132
vt 0.321487 4.36523
vt 0.105351 4.25628
f 198/535/93 203/536/94 204/537/94 201/538/93 

vt 2.67662 -0.879156
f 198/518/80 199/519/80 203/539/80

v 124.903 61.7106 -161.345
vt 2.8937 -0.772103
f 203/539/80 199/519/80 205/540/80

v 131.735 61.936 -159.773
vt 3.16685 -0.731334
f 205/540/80 199/519/80 206/541/80

vt -0.506565 2.8085
vn 0.599513 -0.72576 -0.337427
vt -0.312421 2.63935
vt 0.980685 4.12356
v 140.418 88.4108 -201.29
vt 0.78654 4.29271
f 206/542/95 199/543/90 200/544/90 207/545/95 

v 133.585 88.1854 -202.863
vt -2.8937 -0.772103
vt -3.16685 -0.731334
f 200/525/87 208/546/87 207/547/87

vt -2.67662 -0.879156
f 200/525/87 204/548/87 208/546/87

f 200/525/87 201/524/87 204/548/87

vt 0.635853 2.6131
vt 0.834739 2.75104
vn -0.492404 0.77688 0.392424
vt -0.287158 4.36856
vt -0.486044 4.23061
f 203/549/94 205/550/96 208/551/96 204/552/94 

vt 0.318245 2.64442
v 129.937 64.1133 -158.76
vt 0.500741 2.80342
vn -0.599513 0.72576 0.337427
v 138.619 90.588 -200.278
vt -0.792365 4.28763
vt -0.97486 4.12864
f 205/553/96 209/554/97 210/555/97 208/556/96 

vt 3.09495 -0.637631
f 205/540/80 206/541/80 209/557/80

v 136.578 65.1129 -156.734
vt 3.36045 -0.561557
f 209/557/80 206/541/80 211/558/80

vt -0.216082 2.79074
vn 0.696364 -0.662222 -0.276656
vt -0.0370738 2.60565
vt 1.37793 3.97414
v 145.26 91.5876 -198.252
vt 1.19892 4.15924
f 211/559/98 206/560/95 207/561/95 212/562/98 

vt -3.09495 -0.637631
vt -3.36045 -0.561557
f 207/547/87 210/563/87 212/564/87

f 207/547/87 208/546/87 210/563/87

v 143.171 93.5743 -197.422
vt -3.27693 -0.478041
f 212/564/87 210/563/87 213/565/87

vt 0.042444 2.6112
v 134.489 67.0995 -155.904
vt 0.210712 2.78519
vn -0.696364 0.662222 0.276656
vt -1.20429 4.15368
vt -1.37256 3.9797
f 209/566/97 214/567/99 213/568/99 210/569/97 

vt 3.27693 -0.478041
f 209/557/80 211/558/80 214/570/80

v 140.825 68.8563 -153.459
vt 3.53022 -0.367964
f 214/570/80 211/558/80 215/571/80

vt 0.0344945 2.71861
vn 0.781301 -0.587354 -0.211152
vt 0.201049 2.52224
vt 1.70229 3.79553
v 149.507 95.3311 -194.976
vt 1.53574 3.9919
f 215/572/100 211/573/98 212/574/98 216/575/100 

vt -3.53022 -0.367964
f 212/564/87 213/565/87 216/576/87

v 147.163 97.0931 -194.343
vt -3.43652 -0.296063
f 216/576/87 213/565/87 217/577/87

vt -0.196052 2.52813
v 138.481 70.6184 -152.825
vt -0.0394912 2.71272
vn -0.781301 0.587354 0.211152
vt -1.54074 3.98601
vt -1.6973 3.80142
f 214/578/99 218/579/101 217/580/101 213/581/99 

vt 3.43652 -0.296063
f 214/570/80 215/571/80 218/582/80

v 144.403 73.1022 -150.003
vt 3.67328 -0.153867
f 218/582/80 215/571/80 219/583/80

vt 0.252165 2.604
vn 0.852869 -0.502436 -0.142034
vt 0.408866 2.39967
vt 1.97089 3.59763
v 153.085 99.577 -191.521
vt 1.81419 3.80195
f 219/584/102 215/585/100 216/586/100 220/587/102 

vt -3.67328 -0.153867
f 216/576/87 217/577/87 220/588/87

v 150.527 101.084 -191.094
vt -3.57099 -0.0948116
f 220/588/87 217/577/87 221/589/87

vt -0.404165 2.4058
v 141.844 74.6095 -149.577
vt -0.256866 2.59787
vn -0.852869 0.502436 0.142034
vt -1.81889 3.79582
vt -1.96618 3.60376
f 218/590/101 222/591/103 221/592/103 217/593/101 

vt 3.57099 -0.0948116
f 218/582/80 219/583/80 222/594/80

v 147.252 77.778 -146.426
vt 3.78716 0.0770714
f 222/594/80 219/583/80 223/595/80

vt 0.44393 2.45569
vn 0.909844 -0.408921 -0.0704869
vt 0.593138 2.24584
vt 2.19746 3.38651
v 155.934 104.253 -187.943
vt 2.04826 3.59637
f 223/596/104 219/597/102 220/598/102 224/599/104 

vt -3.78716 0.0770714
f 220/588/87 221/589/87 224/600/87

v 153.205 105.479 -187.732
vt -3.67804 0.12227
f 224/600/87 221/589/87 225/601/87

vt -0.588661 2.25213
v 144.522 79.0047 -146.214
vt -0.448406 2.4494
vn -0.909844 0.408921 0.0704869
vt -2.05273 3.59008
vt -2.19299 3.39281
f 222/602/103 226/603/105 225/604/105 221/605/103 

vt 3.67804 0.12227
f 222/594/80 223/595/80 226/606/80

v 149.322 82.8036 -142.788
vt 3.86993 0.320899
f 226/606/80 223/595/80 227/607/80

vt 0.615842 2.28078
vn 0.951251 -0.308409 0.00226661
vt 0.75967 2.0672
vt 2.39246 3.16674
v 158.005 109.278 -184.306
vt 2.24863 3.38032
f 227/608/106 223/609/104 224/610/104 228/611/106 

vt -3.86993 0.320899
f 224/600/87 225/601/87 228/612/87

v 155.151 110.204 -184.312
vt -3.75585 0.351468
f 228/612/87 225/601/87 229/613/87

vt -0.755355 2.07361
v 146.468 83.7288 -142.795
vt -0.620157 2.27437
vn -0.951251 0.308409 -0.00226661
vt -2.25295 3.37392
vt -2.38815 3.17315
f 226/614/105 230/615/107 229/616/107 225/617/105 

vt 3.75585 0.351468
f 226/606/80 227/607/80 230/618/80

v 150.579 88.093 -139.152
vt 3.92017 0.573444
f 230/618/80 227/607/80 231/619/80

vt 0.77288 2.08557
vn 0.976383 -0.20262 0.0749813
vt 0.913236 1.8697
vt 2.56359 2.94271
v 159.261 114.568 -180.67
vt 2.42323 3.15858
f 231/620/108 227/621/106 228/622/106 232/623/108 

vt -3.92017 0.573444
f 228/612/87 229/613/87 232/624/87

v 156.332 115.176 -180.895
vt -3.80307 0.58886
f 232/624/87 229/613/87 233/625/87

vt -0.909025 1.87617
v 147.65 88.7009 -139.377
vt -0.77709 2.0791
vn -0.976383 0.20262 -0.0749813
vt -2.42744 3.15211
vt -2.55938 2.94918
f 230/626/107 234/627/109 233/628/109 229/629/107 

vt 3.80307 0.58886
f 230/618/80 231/619/80 234/630/80

v 151 93.5558 -135.581
vt 3.93701 0.830385
f 234/630/80 231/619/80 235/631/80

vt 0.919081 1.87627
vn 0.984808 -0.0933643 0.146413
vt 1.05774 1.65929
vt 2.71647 2.7193
v 159.682 120.031 -177.098
vt 2.57781 2.93627
f 235/632/110 231/633/108 232/634/108 236/635/110 

vt -3.93701 0.830385
f 232/624/87 233/625/87 236/636/87

v 156.728 120.311 -177.537
vt -3.8189 0.830385
f 236/636/87 233/625/87 237/637/87

vt -1.05358 1.6658
v 148.046 93.8359 -136.02
vt -0.923241 1.86976
vn -0.984808 0.0933643 -0.146413
vt -2.58197 2.92976
vt -2.71231 2.72581
f 234/638/109 238/639/111 237/640/111 233/641/109 

vt 3.8189 0.830385
f 234/630/80 235/631/80 238/642/80

v 150.579 99.0984 -132.134
vt 3.92017 1.08733
f 238/642/80 235/631/80 239/643/80

vn 0.976383 0.0174888 0.21534
vt 1.19639 1.44232
vt 2.85512 2.50233
v 159.261 125.573 -173.652
f 239/633/112 235/644/110 236/645/110 240/634/112 

vt -3.92017 1.08733
f 236/636/87 237/637/87 240/646/87

v 156.332 125.521 -174.298
vt -3.80307 1.07191
f 240/646/87 237/637/87 241/647/87

vt -1.19223 1.44883
v 147.65 99.046 -132.78
vt -1.0619 1.65278
vn -0.976383 -0.0174888 -0.21534
vt -2.72063 2.71279
vt -2.85097 2.50884
f 238/648/111 242/649/113 241/650/113 237/651/111 

vt 3.80307 1.07191
f 238/642/80 239/643/80 242/652/80

v 146.468 104.242 -129.714
vt 3.75585 1.3093
f 242/652/80 239/643/80 243/653/80

v 149.322 104.626 -128.872
vt 3.86993 1.33987
f 243/653/80 239/643/80 244/654/80

vt 1.19155 1.44164
vn 0.951251 0.128043 0.280582
vt 1.3319 1.22576
vt 2.98225 2.29877
v 158.005 131.101 -170.39
vt 2.8419 2.51465
f 244/655/114 239/656/112 240/657/112 245/658/114 

v 155.151 130.717 -171.232
vt -3.75585 1.3093
vt -3.86993 1.33987
f 240/646/87 246/659/87 245/660/87

f 240/646/87 241/647/87 246/659/87

vt -1.32769 1.23224
vt -1.19576 1.43516
vn -0.951251 -0.128043 -0.280582
vt -2.84611 2.50817
vt -2.97804 2.30525
f 242/661/113 243/662/115 246/663/115 241/664/113 

vt -1.46223 1.02392
v 144.522 109.335 -126.873
vt -1.32703 1.22468
vn -0.909844 -0.236406 -0.341023
v 153.205 135.81 -168.391
vt -2.95982 2.32423
vt -3.09502 2.12347
f 243/665/115 247/666/116 248/667/116 246/668/115 

vt 3.67804 1.5385
f 243/653/80 244/654/80 247/669/80

v 147.252 110.044 -125.85
vt 3.78716 1.5837
f 247/669/80 244/654/80 249/670/80

vt 1.32272 1.23109
vn 0.909844 0.236406 0.341023
vt 1.46654 1.01751
vt 3.09934 2.11706
v 155.934 136.519 -167.368
vt 2.95551 2.33064
f 249/671/117 244/672/114 245/673/114 250/674/117 

vt -3.67804 1.5385
vt -3.78716 1.5837
f 245/660/87 248/675/87 250/676/87

f 245/660/87 246/659/87 248/675/87

v 150.527 140.713 -165.824
vt -3.57099 1.75558
f 250/676/87 248/675/87 251/677/87

vt -1.59768 0.832982
v 141.844 114.238 -124.307
vt -1.45742 1.03025
vn -0.852869 -0.340724 -0.395629
vt -3.06175 2.17092
vt -3.20201 1.97366
f 247/678/116 252/679/118 251/680/118 248/681/116 

vt 3.57099 1.75558
f 247/669/80 249/670/80 252/682/80

v 144.403 115.26 -123.12
vt 3.67328 1.81464
f 252/682/80 249/670/80 253/683/80

vt 1.45295 1.03654
vn 0.852869 0.340724 0.395629
vt 1.60215 0.826687
vt 3.20648 1.96736
v 153.085 141.735 -164.637
vt 3.05727 2.17722
f 253/684/119 249/685/117 250/686/117 254/687/119 

vt -3.67328 1.81464
f 250/676/87 251/677/87 254/688/87

v 147.163 145.342 -163.576
vt -3.43652 1.95683
f 254/688/87 251/677/87 255/689/87

vt -1.73526 0.67018
v 138.481 118.867 -122.058
vt -1.58796 0.862242
vn -0.781301 -0.439212 -0.443466
vt -3.14999 2.0602
vt -3.29728 1.86814
f 252/690/118 256/691/120 255/692/120 251/693/118 

vt 3.43652 1.95683
f 252/682/80 253/683/80 256/694/80

v 140.825 120.185 -120.728
vt 3.53022 2.02873
f 256/694/80 253/683/80 257/695/80

vt 1.58326 0.868372
vn 0.781301 0.439212 0.443466
vt 1.73996 0.66405
vt 3.30198 1.86201
v 149.507 146.659 -162.246
vt 3.14528 2.06633
f 257/696/121 253/697/119 254/698/119 258/699/121 

vt -3.53022 2.02873
f 254/688/87 255/689/87 258/700/87

v 143.171 149.617 -161.684
vt -3.27693 2.13881
f 258/700/87 255/689/87 259/701/87

vt -1.87513 0.548446
v 134.489 123.143 -120.167
vt -1.71857 0.733036
vn -0.696364 -0.530185 -0.483715
vt -3.21981 2.00633
vt -3.37638 1.82174
f 256/702/120 260/703/122 259/704/122 255/705/120 

vt 3.27693 2.13881
f 256/694/80 257/695/80 260/706/80

v 136.578 124.733 -118.716
vt 3.36045 2.22233
f 260/706/80 257/695/80 261/707/80

vt 1.71357 0.738928
vn 0.696364 0.530185 0.483715
vt 1.88013 0.542555
vt 3.38137 1.81585
v 145.26 151.208 -160.233
vt 3.21482 2.01222
f 261/708/123 257/709/121 258/710/121 262/711/123 

vt -3.36045 2.22233
f 258/700/87 259/701/87 262/712/87

v 138.619 153.467 -160.182
vt -3.09495 2.2984
f 262/712/87 259/701/87 263/713/87

vt -2.01534 0.483495
v 129.937 126.992 -118.664
vt -1.84707 0.65748
vn -0.599513 -0.612087 -0.515688
vt -3.26207 2.02598
vt -3.43034 1.85199
f 260/714/122 264/715/124 263/716/124 259/717/122 

vt 3.09495 2.2984
f 260/706/80 261/707/80 264/718/80

v 131.735 128.828 -117.117
vt 3.16685 2.3921
f 264/718/80 261/707/80 265/719/80

vt 1.8417 0.663033
vn 0.599513 0.612087 0.515688
vt 2.02071 0.477942
vt 3.43571 1.84644
v 140.418 155.303 -158.634
vt 3.2567 2.03153
f 265/720/125 261/721/123 262/722/123 266/723/125 

vt -3.16685 2.3921
f 262/712/87 263/713/87 266/724/87

v 133.585 156.824 -159.094
vt -2.8937 2.43287
f 266/724/87 263/713/87 267/725/87

vt -2.14991 0.494069
v 124.903 130.349 -117.576
vt -1.96741 0.653066
vt -3.26052 2.13728
vt -3.44301 1.97828
f 264/726/124 268/727/89 267/728/89 263/729/124 

vt 2.8937 2.43287
f 264/718/80 265/719/80 268/730/80

v 126.38 132.4 -115.96
vt 2.95276 2.53516
f 268/730/80 265/719/80 269/731/80

vt 1.96159 0.658141
vn 0.492404 0.683515 0.538837
vt 2.15573 0.488994
vt 3.44884 1.97321
v 135.062 158.875 -157.477
vt 3.25469 2.14235
f 269/732/126 265/733/125 266/734/125 270/735/126 

vt -2.95276 2.53516
f 266/724/87 267/725/87 270/736/87

v 128.155 159.631 -158.439
vt -2.67662 2.53993
f 270/736/87 267/725/87 271/737/87

vt -2.26556 0.600699
v 119.472 133.157 -116.921
vt -2.06667 0.738646
vt -3.18857 2.35616
vt -3.38745 2.21821
f 268/738/89 272/739/88 271/740/88 267/741/89 

vt 2.67662 2.53993
f 268/730/80 269/731/80 272/742/80

v 120.603 135.386 -115.263
vt 2.72182 2.64905
f 272/742/80 269/731/80 273/743/80

vt 2.06032 0.743048
vn 0.37687 0.743249 0.552766
vt 2.2719 0.596297
vt 3.3938 2.21381
v 129.286 161.861 -156.781
vt 3.18222 2.36056
f 273/744/127 269/745/126 270/746/126 274/747/127 

vt -2.72182 2.64905
f 270/736/87 271/737/87 274/748/87

v 122.422 161.841 -158.229
vt -2.44742 2.61773
f 274/748/87 271/737/87 275/749/87

vt -2.33762 0.820377
v 113.739 135.366 -116.711
vt -2.12148 0.929327
vt -3.00755 2.68713
vt -3.22369 2.57818
f 272/750/88 276/751/85 275/752/85 271/753/88 

vt 2.44742 2.61773
f 272/742/80 273/743/80 276/754/80

v 107.801 136.941 -116.949
vt 2.21003 2.66495
f 276/754/80 273/743/80 277/755/80

v 114.504 137.737 -115.039
vt 2.47799 2.73181
f 277/755/80 273/743/80 278/756/80

vt 2.11458 0.932804
vn 0.254887 0.790265 0.557238
vt 2.34451 0.8169
vt 3.23059 2.57471
v 123.186 164.212 -156.557
vt 3.00065 2.69061
f 278/757/128 273/758/127 274/759/127 279/760/128 

v 116.484 163.415 -158.467
vt -2.21003 2.66495
vt -2.47799 2.73181
f 274/748/87 280/761/87 279/762/87

f 274/748/87 275/749/87 280/761/87

vt -2.32917 1.15386
vt -2.09772 1.22467
vt -2.67361 3.10705
vt -2.90506 3.03624
f 276/763/85 277/764/84 280/765/84 275/766/85 

vt -2.2025 1.56825
v 101.76 137.852 -117.631
vt -1.96172 1.59295
vn -2.28654e-15 -0.843159 -0.537664
v 110.442 164.327 -159.149
vt -2.16257 3.55118
vt -2.40335 3.52648
f 277/767/84 281/768/129 282/769/129 280/770/84 

vt 1.9685 2.68078
f 277/755/80 278/756/80 281/771/80

v 89.0153 140.154 -118.829
vt 1.45902 2.73181
f 283/772/80 281/771/80 278/756/80

v 95.7181 138.086 -118.746
vt 1.72698 2.66495
f 283/772/80 284/773/80 281/771/80

v 82.9161 138.959 -120.866
vt 1.21519 2.64905
f 285/774/80 284/773/80 283/772/80

v 89.7799 137.638 -120.273
vt 1.48959 2.61773
f 285/774/80 286/775/80 284/773/80

v 84.0467 136.515 -122.188
vt 1.26039 2.53993
f 285/774/80 287/776/80 286/775/80

v 77.1394 137.068 -123.28
vt 0.984252 2.53516
f 288/777/80 287/776/80 285/774/80

v 78.6166 134.737 -124.457
vt 1.04331 2.43287
f 288/777/80 289/778/80 287/776/80

v 71.784 134.512 -126.03
vt 0.770155 2.3921
f 290/779/80 289/778/80 288/777/80

v 73.5825 132.335 -127.042
vt 0.842056 2.2984
f 290/779/80 291/780/80 289/778/80

v 66.9414 131.335 -129.069
vt 0.576561 2.22233
f 292/781/80 291/780/80 290/779/80

v 69.0305 129.348 -129.899
vt 0.660078 2.13881
f 292/781/80 293/782/80 291/780/80

v 62.6946 127.592 -132.344
vt 0.406785 2.02873
f 294/783/80 293/782/80 292/781/80

v 65.0385 125.83 -132.977
vt 0.500488 1.95683
f 294/783/80 295/784/80 293/782/80

v 59.1162 123.346 -135.8
vt 0.26373 1.81464
f 296/785/80 295/784/80 294/783/80

v 61.6748 121.838 -136.226
vt 0.366016 1.75558
f 296/785/80 297/786/80 295/784/80

v 56.2674 118.67 -139.377
vt 0.149843 1.5837
f 298/787/80 297/786/80 296/785/80

v 58.997 117.443 -139.588
vt 0.258963 1.5385
f 298/787/80 299/788/80 297/786/80

v 54.1971 113.644 -143.015
vt 0.0670751 1.33987
f 300/789/80 299/788/80 298/787/80

v 57.0508 112.719 -143.008
vt 0.181161 1.3093
f 300/789/80 301/790/80 299/788/80

v 52.9405 108.355 -146.65
vt 0.0168408 1.08733
f 302/791/80 301/790/80 300/789/80

v 55.8696 107.747 -146.425
vt 0.133941 1.07191
f 302/791/80 303/792/80 301/790/80

v 52.5192 102.892 -150.222
vt -1.43302e-15 0.830385
f 304/793/80 303/792/80 302/791/80

v 55.4736 102.612 -149.783
vt 0.11811 0.830385
f 304/793/80 305/794/80 303/792/80

v 55.8696 97.402 -153.022
vt 0.133941 0.58886
f 304/793/80 306/795/80 305/794/80

v 52.9405 97.3496 -153.668
vt 0.0168408 0.573444
f 307/796/80 306/795/80 304/793/80

v 57.0508 92.206 -156.089
vt 0.181161 0.351468
f 307/796/80 308/797/80 306/795/80

v 54.1971 91.8219 -156.93
vt 0.0670751 0.320899
f 309/798/80 308/797/80 307/796/80

v 58.997 87.1129 -158.929
vt 0.258963 0.12227
f 309/798/80 310/799/80 308/797/80

v 56.2674 86.4037 -159.953
vt 0.149843 0.0770714
f 311/800/80 310/799/80 309/798/80

v 61.6748 82.21 -161.496
vt 0.366016 -0.0948116
f 311/800/80 312/801/80 310/799/80

v 59.1162 81.1878 -162.683
vt 0.26373 -0.153867
f 313/802/80 312/801/80 311/800/80

v 65.0385 77.581 -163.744
vt 0.500488 -0.296063
f 313/802/80 314/803/80 312/801/80

v 62.6946 76.2634 -165.075
vt 0.406785 -0.367964
f 315/804/80 314/803/80 313/802/80

v 69.0305 73.3053 -165.636
vt 0.660078 -0.478041
f 315/804/80 316/805/80 314/803/80

v 66.9414 71.7147 -167.087
vt 0.576561 -0.561557
f 317/806/80 316/805/80 315/804/80

v 73.5825 69.4559 -167.139
vt 0.842056 -0.637631
f 317/806/80 318/807/80 316/805/80

v 71.784 67.6197 -168.686
vt 0.770155 -0.731334
f 319/808/80 318/807/80 317/806/80

v 78.6166 66.0988 -168.227
vt 1.04331 -0.772103
f 319/808/80 320/809/80 318/807/80

f 193/510/80 320/809/80 319/808/80

v 84.0467 63.2913 -168.881
vt 1.26039 -0.879156
f 193/510/80 321/810/80 320/809/80

f 193/510/80 194/509/80 321/810/80

vt 2.12148 0.929327
vt 2.33762 0.820377
vt 3.22369 2.57818
v 92.7291 89.7661 -210.399
vt 3.00755 2.68713
f 321/811/127 194/812/128 190/813/128 322/814/127 

vt 2.09772 1.22467
vt 2.32917 1.15386
vn 0.128543 0.82376 0.552175
vt 2.90506 3.03624
vt 2.67361 3.10705
f 194/815/128 195/816/130 189/817/130 190/818/128 

vt 1.96172 1.59295
vt 2.2025 1.56825
vt 2.40335 3.52648
vt 2.16257 3.55118
f 195/819/130 196/820/91 187/821/91 189/822/130 

vt -1.26039 -0.879156
f 190/502/87 191/503/87 322/823/87

v 87.299 92.5735 -209.744
vt -1.04331 -0.772103
f 322/823/87 191/503/87 323/824/87

v 80.4664 94.0944 -210.203
vt -0.770155 -0.731334
f 323/824/87 191/503/87 324/825/87

vt -2.15573 0.488994
vt -1.96159 0.658141
vt -3.25469 2.14235
vt -3.44884 1.97321
f 193/826/89 319/827/124 324/828/124 191/829/89 

vt -2.02071 0.477942
vt -1.8417 0.663033
v 75.6238 98.1895 -208.605
vt -3.2567 2.03153
vt -3.43571 1.84644
f 319/830/124 317/831/122 325/832/122 324/833/124 

vt -1.88013 0.542555
vt -1.71357 0.738928
v 71.377 102.738 -206.592
vt -3.21482 2.01222
vt -3.38137 1.81585
f 317/834/122 315/835/120 326/836/120 325/837/122 

vt -1.73996 0.66405
vt -1.58326 0.868372
v 67.7986 107.663 -204.2
vt -3.14528 2.06633
vt -3.30198 1.86201
f 315/838/120 313/839/118 327/840/118 326/841/120 

vt -1.60215 0.826687
vt -1.45295 1.03654
v 64.9498 112.878 -201.47
vt -3.05727 2.17722
vt -3.20648 1.96736
f 313/842/118 311/843/116 328/844/116 327/845/118 

vt -1.46654 1.01751
vt -1.32272 1.23109
v 62.8795 118.297 -198.448
vt -2.95551 2.33064
vt -3.09934 2.11706
f 311/846/116 309/847/115 329/848/115 328/849/116 

vt -1.3319 1.22576
vt -1.19155 1.44164
v 61.6229 123.824 -195.186
vt -2.8419 2.51465
vt -2.98225 2.29877
f 309/850/115 307/851/113 330/852/113 329/853/115 

vt -1.19639 1.44232
vt -1.05774 1.65929
v 61.2016 129.367 -191.74
vt -2.71647 2.7193
vt -2.85512 2.50233
f 307/854/113 304/855/111 331/856/111 330/857/113 

vt -0.919081 1.87627
v 61.6229 134.83 -188.168
vt -2.57781 2.93627
f 304/855/111 302/858/109 332/859/109 331/856/111 

vt -0.913236 1.8697
vt -0.77288 2.08557
v 62.8795 140.119 -184.532
vt -2.42323 3.15858
vt -2.56359 2.94271
f 302/860/109 300/861/107 333/862/107 332/863/109 

vt -0.75967 2.0672
vt -0.615842 2.28078
v 64.9498 145.145 -180.895
vt -2.24863 3.38032
vt -2.39246 3.16674
f 300/864/107 298/865/105 334/866/105 333/867/107 

vt -0.593138 2.24584
vt -0.44393 2.45569
v 67.7986 149.821 -177.317
vt -2.04826 3.59637
vt -2.19746 3.38651
f 298/868/105 296/869/103 335/870/103 334/871/105 

vt -0.408866 2.39967
vt -0.252165 2.604
v 71.377 154.066 -173.861
vt -1.81419 3.80195
vt -1.97089 3.59763
f 296/872/103 294/873/101 336/874/101 335/875/103 

vt -0.201049 2.52224
vt -0.0344945 2.71861
v 75.6238 157.81 -170.586
vt -1.53574 3.9919
vt -1.70229 3.79553
f 294/876/101 292/877/99 337/878/99 336/879/101 

vt 0.0370738 2.60565
vt 0.216082 2.79074
v 80.4664 160.987 -167.548
vt -1.19892 4.15924
vt -1.37793 3.97414
f 292/880/99 290/881/97 338/882/97 337/883/99 

vt 0.312421 2.63935
vt 0.506565 2.8085
v 85.8218 163.543 -164.798
vt -0.78654 4.29271
vt -0.980685 4.12356
f 290/884/97 288/885/96 339/886/96 338/887/97 

vt 0.629506 2.6087
vt 0.841087 2.75545
v 91.5985 165.434 -162.384
vt -0.28081 4.37296
vt -0.492392 4.22621
f 288/888/96 285/889/94 340/890/94 339/891/96 

vt 0.984525 2.495
vt 1.21446 2.6109
v 97.6977 166.628 -160.346
vt 0.328385 4.36871
vt 0.0984529 4.2528
f 285/892/94 283/893/93 341/894/93 340/895/94 

vt 1.35586 2.28126
v 95.3325 140.631 -117.204
vt 1.60209 2.35659
v 104.015 167.105 -158.721
vt 1.0262 4.23897
vt 0.77997 4.16364
f 283/896/93 342/897/92 343/898/92 341/899/93 

v 108.187 139.412 -115.293
vt 2.22545 2.78205
vt 1.71156 2.78205
f 283/772/80 344/900/80 342/901/80

f 283/772/80 278/756/80 344/900/80

vt 2.09033 1.22693
vt 2.33656 1.1516
vt 2.91245 3.03398
v 116.869 165.887 -156.81
vt 2.66622 3.10931
f 344/902/130 278/903/128 279/904/128 345/905/130 

vt -1.45902 2.73181
vt -2.22545 2.78205
f 279/762/87 341/906/87 345/907/87

vt -1.9685 2.68078
f 282/908/87 341/906/87 279/762/87

v 104.4 164.561 -160.263
vt -1.72698 2.66495
f 346/909/87 341/906/87 282/908/87

vt -1.21519 2.64905
f 346/909/87 340/910/87 341/906/87

v 98.4623 164.113 -161.791
vt -1.48959 2.61773
f 347/911/87 340/910/87 346/909/87

v 92.7291 162.99 -163.706
vt -1.26039 2.53993
f 348/912/87 340/910/87 347/911/87

vt -0.984252 2.53516
f 348/912/87 339/913/87 340/910/87

v 87.299 161.212 -165.975
vt -1.04331 2.43287
f 349/914/87 339/913/87 348/912/87

vt -0.770155 2.3921
f 349/914/87 338/915/87 339/913/87

v 82.2649 158.809 -168.56
vt -0.842056 2.2984
f 350/916/87 338/915/87 349/914/87

vt -0.576561 2.22233
f 350/916/87 337/917/87 338/915/87

v 77.7129 155.823 -171.416
vt -0.660078 2.13881
f 351/918/87 337/917/87 350/916/87

vt -0.406785 2.02873
f 351/918/87 336/919/87 337/917/87

v 73.7209 152.304 -174.495
vt -0.500488 1.95683
f 352/920/87 336/919/87 351/918/87

vt -0.26373 1.81464
f 352/920/87 335/921/87 336/919/87

v 70.3572 148.313 -177.743
vt -0.366016 1.75558
f 353/922/87 335/921/87 352/920/87

vt -0.149843 1.5837
f 353/922/87 334/923/87 335/921/87

v 67.6794 143.918 -181.106
vt -0.258963 1.5385
f 354/924/87 334/923/87 353/922/87

vt -0.0670751 1.33987
f 354/924/87 333/925/87 334/923/87

v 65.7332 139.194 -184.525
vt -0.181161 1.3093
f 355/926/87 333/925/87 354/924/87

vt -0.0168408 1.08733
f 355/926/87 332/927/87 333/925/87

v 64.552 134.222 -187.943
vt -0.133941 1.07191
f 356/928/87 332/927/87 355/926/87

vt 2.17139e-15 0.830385
f 356/928/87 331/929/87 332/927/87

v 64.1561 129.087 -191.3
vt -0.11811 0.830385
f 357/930/87 331/929/87 356/928/87

v 64.552 123.877 -194.54
vt -0.133941 0.58886
f 358/931/87 331/929/87 357/930/87

vt -0.0168408 0.573444
f 358/931/87 330/932/87 331/929/87

v 65.7332 118.681 -197.606
vt -0.181161 0.351468
f 359/933/87 330/932/87 358/931/87

vt -0.0670751 0.320899
f 359/933/87 329/934/87 330/932/87

v 67.6794 113.588 -200.447
vt -0.258963 0.12227
f 360/935/87 329/934/87 359/933/87

vt -0.149843 0.0770714
f 360/935/87 328/936/87 329/934/87

v 70.3572 108.685 -203.013
vt -0.366016 -0.0948116
f 361/937/87 328/936/87 360/935/87

vt -0.26373 -0.153867
f 361/937/87 327/938/87 328/936/87

v 73.7209 104.056 -205.262
vt -0.500488 -0.296063
f 362/939/87 327/938/87 361/937/87

vt -0.406785 -0.367964
f 362/939/87 326/940/87 327/938/87

v 77.7129 99.7801 -207.153
vt -0.660078 -0.478041
f 363/941/87 326/940/87 362/939/87

vt -0.576561 -0.561557
f 363/941/87 325/942/87 326/940/87

v 82.2649 95.9307 -208.656
vt -0.842056 -0.637631
f 364/943/87 325/942/87 363/941/87

f 364/943/87 324/825/87 325/942/87

f 323/824/87 324/825/87 364/943/87

vt 1.96741 0.653066
vt 2.14991 0.494069
vt 3.44301 1.97828
vt 3.26052 2.13728
f 318/944/125 320/945/126 323/946/126 364/947/125 

vt 2.06667 0.738646
vt 2.26556 0.600699
vt 3.38745 2.21821
vt 3.18857 2.35616
f 320/948/126 321/949/127 322/950/127 323/951/126 

vt 1.84707 0.65748
vt 2.01534 0.483495
vt 3.43034 1.85199
vt 3.26207 2.02598
f 316/952/123 318/953/125 364/954/125 363/955/123 

vt 1.71857 0.733036
vt 1.87513 0.548446
vt 3.37638 1.82174
vt 3.21981 2.00633
f 314/956/121 316/957/123 363/958/123 362/959/121 

vt 1.58796 0.862242
vt 1.73526 0.67018
vt 3.29728 1.86814
vt 3.14999 2.0602
f 312/960/119 314/961/121 362/962/121 361/963/119 

vt 1.45742 1.03025
vt 1.59768 0.832982
vt 3.20201 1.97366
vt 3.06175 2.17092
f 310/964/117 312/965/119 361/966/119 360/967/117 

vt 1.32703 1.22468
vt 1.46223 1.02392
vt 3.09502 2.12347
vt 2.95982 2.32423
f 308/968/114 310/969/117 360/970/117 359/971/114 

vt 1.19576 1.43516
vt 1.32769 1.23224
vt 2.97804 2.30525
vt 2.84611 2.50817
f 306/972/112 308/973/114 359/974/114 358/975/112 

vt 1.0619 1.65278
vt 1.19223 1.44883
vt 2.85097 2.50884
vt 2.72063 2.71279
f 305/976/110 306/977/112 358/978/112 357/979/110 

vt 0.923241 1.86976
vt 1.05358 1.6658
vt 2.71231 2.72581
vt 2.58197 2.92976
f 303/980/108 305/981/110 357/982/110 356/983/108 

vt 0.77709 2.0791
vt 0.909025 1.87617
vt 2.55938 2.94918
vt 2.42744 3.15211
f 301/984/106 303/985/108 356/986/108 355/987/106 

vt 0.620157 2.27437
vt 0.755355 2.07361
vt 2.38815 3.17315
vt 2.25295 3.37392
f 299/988/104 301/989/106 355/990/106 354/991/104 

vt 0.448406 2.4494
vt 0.588661 2.25213
vt 2.19299 3.39281
vt 2.05273 3.59008
f 297/992/102 299/993/104 354/994/104 353/995/102 

vt 0.256866 2.59787
vt 0.404165 2.4058
vt 1.96618 3.60376
vt 1.81889 3.79582
f 295/996/100 297/997/102 353/998/102 352/999/100 

vt 0.0394912 2.71272
vt 0.196052 2.52813
vt 1.6973 3.80142
vt 1.54074 3.98601
f 293/1000/98 295/1001/100 352/1002/100 351/1003/98 

vt -0.210712 2.78519
vt -0.042444 2.6112
vt 1.37256 3.9797
vt 1.20429 4.15368
f 291/1004/95 293/1005/98 351/1006/98 350/1007/95 

vt -0.500741 2.80342
vt -0.318245 2.64442
vt 0.97486 4.12864
vt 0.792365 4.28763
f 289/1008/90 291/1009/95 350/1010/95 349/1011/90 

vt -0.834739 2.75104
vt -0.635853 2.6131
vt 0.486044 4.23061
vt 0.287158 4.36856
f 287/1012/86 289/1013/90 349/1014/90 348/1015/86 

vt -1.20756 2.60742
vt -0.991423 2.49848
vt -0.105351 4.25628
vt -0.321487 4.36523
f 286/1016/81 287/1017/86 348/1018/86 347/1019/81 

vt -1.5947 2.35433
vt -1.36325 2.28352
vt -0.787356 4.1659
vt -1.01881 4.23671
f 284/1020/82 286/1021/81 347/1022/81 346/1023/82 

vt -1.94635 1.99378
vt -1.70557 1.96908
vt -1.50473 3.92731
vt -1.74551 3.95201
f 281/1024/129 284/1025/82 346/1026/82 282/1027/129 

f 279/762/87 280/761/87 282/908/87

vt -1.71156 2.78205
f 345/907/87 341/906/87 343/1028/87

v 110.442 166.857 -157.536
vt -1.9685 2.79889
f 345/907/87 343/1028/87 365/1029/87

vt 1.69789 1.96829
v 101.76 140.382 -116.018
vt 1.95404 1.99457
vn 2.01495e-15 0.843159 0.537664
vt 1.75319 3.9528
vt 1.49704 3.92653
f 342/1030/92 366/1031/131 365/1032/131 343/1033/92 

vt 1.9685 2.79889
f 342/901/80 344/900/80 366/1034/80

vt 1.95404 1.59374
vt 2.21019 1.56746
vt 2.41103 3.5257
vt 2.15488 3.55197
f 366/1035/131 344/1036/130 345/1037/130 365/1038/131 

g Mesh3 Transition1 Model

v 61.7509 93.9779 -58.2205
vt 2.43114 1.75684
vn -3.08304e-16 -0.537664 0.843159
v 42.5845 93.9779 -58.2205
vt 1.67655 1.75684
v 52.1677 93.9779 -58.2205
vt 2.05385 1.75684
f 367/1039/132 368/1040/132 369/1041/132

v 33.0012 93.9779 -58.2205
vt 1.29926 1.75684
f 368/1040/132 367/1039/132 370/1042/132

v 31 96.5685 -56.5685
vt 1.22047 1.87781
f 371/1043/132 370/1042/132 367/1039/132

v 27.9 90.9117 -60.1758
vt 1.09843 1.61367
f 372/1044/132 370/1042/132 371/1043/132

v 30.182 88.8333 -61.5011
vt 1.18827 1.51662
f 372/1044/132 373/1045/132 370/1042/132

vt 0.976378 1.34953
f 30/1046/132 373/1045/132 372/1044/132

v 27.3627 83.6887 -64.7817
vt 1.07727 1.2764
f 30/1046/132 374/1047/132 373/1045/132

v 21.7 79.598 -67.3903
vt 0.854331 1.08539
f 375/1048/132 374/1047/132 30/1046/132

v 24.5434 78.5441 -68.0623
vt 0.966276 1.03618
f 375/1048/132 376/1049/132 374/1047/132

v 18.6 73.9411 -70.9975
vt 0.732283 0.821253
f 377/1050/132 376/1049/132 375/1048/132

v 21.7241 73.3995 -71.3429
vt 0.855281 0.795964
f 377/1050/132 378/1051/132 376/1049/132

v 15.5 68.2843 -74.6048
vt 0.610236 0.557115
f 379/1052/132 378/1051/132 377/1050/132

v 18.9049 68.2549 -74.6235
vt 0.744285 0.555744
f 379/1052/132 380/1053/132 378/1051/132

v 16.0856 63.1103 -77.9041
vt 0.63329 0.315525
f 379/1052/132 381/1054/132 380/1053/132

v 12.4 62.6274 -78.212
vt 0.488189 0.292977
f 382/1055/132 381/1054/132 379/1052/132

v 13.2663 57.9657 -81.1847
vt 0.522295 0.0753058
f 382/1055/132 383/1056/132 381/1054/132

v 9.3 56.9706 -81.8193
vt 0.366142 0.0288382
f 384/1057/132 383/1056/132 382/1055/132

v 10.447 52.8211 -84.4653
vt 0.4113 -0.164913
f 384/1057/132 385/1058/132 383/1056/132

v 6.2 51.3137 -85.4265
vt 0.244094 -0.2353
f 386/1059/132 385/1058/132 384/1057/132

v 7.62774 47.6765 -87.7459
vt 0.300305 -0.405133
f 386/1059/132 387/1060/132 385/1058/132

v 3.1 45.6569 -89.0338
vt 0.122047 -0.499439
f 388/1061/132 387/1060/132 386/1059/132

v 4.80846 42.5319 -91.0265
vt 0.189309 -0.645352
f 388/1061/132 389/1062/132 387/1060/132

v 2.25597e-14 40 -92.641
vt -5.19292e-16 -0.763577
f 390/1063/132 389/1062/132 388/1061/132

vt 5.82677 -0.645352
f 389/1062/132 390/1063/132 25/1064/132

v 9.4375 40 -92.641
vt 0.371555 -0.763577
f 391/1065/132 25/1064/132 390/1063/132

v 18.875 40 -92.641
vt 0.74311 -0.763577
f 392/1066/132 25/1064/132 391/1065/132

v 28.3125 40 -92.641
vt 1.11467 -0.763577
f 393/1067/132 25/1064/132 392/1066/132

v 37.75 40 -92.641
vt 1.48622 -0.763577
f 394/1068/132 25/1064/132 393/1067/132

v 47.1875 40 -92.641
vt 1.85778 -0.763577
f 395/1069/132 25/1064/132 394/1068/132

v 56.625 40 -92.641
vt 2.22933 -0.763577
f 396/1070/132 25/1064/132 395/1069/132

v 66.0625 40 -92.641
vt 2.60089 -0.763577
f 397/1071/132 25/1064/132 396/1070/132

v 75.5 40 -92.641
vt 2.97244 -0.763577
f 398/1072/132 25/1064/132 397/1071/132

v 84.9375 40 -92.641
vt 3.344 -0.763577
f 399/1073/132 25/1064/132 398/1072/132

v 94.375 40 -92.641
vt 3.71555 -0.763577
f 400/1074/132 25/1064/132 399/1073/132

v 103.812 40 -92.641
vt 4.08711 -0.763577
f 401/1075/132 25/1064/132 400/1074/132

v 113.25 40 -92.641
vt 4.45866 -0.763577
f 402/1076/132 25/1064/132 401/1075/132

v 122.688 40 -92.641
vt 4.83022 -0.763577
f 403/1077/132 25/1064/132 402/1076/132

v 132.125 40 -92.641
vt 5.20177 -0.763577
f 404/1078/132 25/1064/132 403/1077/132

v 141.562 40 -92.641
vt 5.57333 -0.763577
f 405/1079/132 25/1064/132 404/1078/132

vt 5.94488 -0.763577
f 5/1080/132 25/1064/132 405/1079/132

v 151 45.6569 -89.0338
vt 5.94488 -0.499439
f 25/1064/132 5/1080/132 406/1081/132

vt 1.02457 -0.253469
vn 0.990542 -0.0471589 -0.128852
v 148.414 59.1343 -119.526
vt 2.08744 0.500515
vn 0.986795 -0.0855897 -0.137516
vt 0.882863 -0.0305613
vn 0.994129 -0.0512937 -0.0952689
f 5/1082/133 407/1083/134 406/1084/135

vt 1.3108 1.5898
vt 0.252478 0.829438
v 147.702 56.5511 -121.322
vt 1.38558 1.48715
vn 0.972305 -0.135819 -0.190198
f 407/1085/134 5/1086/133 408/1087/136

vt -3.81387 3.72234
vn 0.385406 -0.779338 -0.49406
v 144.448 55.4896 -122.186
vt -2.89502 4.69557
vt -3.01695 4.76226
f 5/1088/137 409/1089/137 408/1090/137

vt -5.57333 1.2578
vn -4.93518e-17 -0.885663 -0.464329
vt -5.68691 2.57115
vt -5.94488 1.2578
f 405/1091/138 409/1092/138 5/1093/138

vt -2.3585 5.16232
vn 0.378543 -0.834443 -0.400511
vt -3.07494 4.05574
vn 0.239914 -0.881011 -0.407751
v 141.194 54.4282 -123.05
vt -2.24203 5.08648
vn 0.354616 -0.843075 -0.404317
f 409/1094/139 405/1095/140 410/1096/141

vt -3.43632 3.92551
v 137.772 53.4923 -123.869
vt -2.54642 4.93745
vn 0.220078 -0.897672 -0.381773
vt -2.67136 5.00764
f 405/1097/140 411/1098/142 410/1099/141

vt -5.20177 1.3037
vn 0.150066 -0.923563 -0.352863
vt -5.42411 2.64298
vt -5.57333 1.3037
f 404/1100/143 411/1101/142 405/1102/140

vt -2.00408 5.30592
vt -2.70858 4.14541
v 134.351 52.5564 -124.688
vt -1.88551 5.22543
vn 0.296691 -0.895979 -0.330449
f 411/1103/142 404/1104/143 412/1105/144

vt -3.14129 3.9543
v 130.781 51.7622 -125.447
vt -2.2857 5.02826
vn 0.179907 -0.931573 -0.31592
vt -2.41363 5.10078
f 404/1106/143 413/1107/145 412/1108/144

vt -4.83022 1.33685
vn 0.120059 -0.94792 -0.295016
vt -5.14887 2.70894
vt -5.20177 1.33685
f 403/1109/146 413/1110/145 404/1111/143

vt -1.76835 5.3129
vt -2.44705 4.07859
v 127.211 50.968 -126.207
vt -1.64719 5.22956
vn 0.238348 -0.932174 -0.272474
f 413/1112/145 403/1113/146 414/1114/147

vt -2.96194 3.8138
v 123.513 50.329 -126.894
vt -2.16528 4.97585
vn 0.140688 -0.953877 -0.265191
vt -2.29718 5.04774
f 403/1115/146 415/1116/148 414/1117/147

vt -4.45866 1.3597
vn 0.0912012 -0.963544 -0.251526
vt -4.86272 2.76824
vt -4.83022 1.3597
f 402/1118/149 415/1119/148 403/1120/146

vt -1.71511 5.19592
vt -2.32817 3.86498
v 119.815 49.69 -127.582
vt -1.58947 5.11358
vn 0.181625 -0.955861 -0.230961
f 415/1121/148 402/1122/149 416/1123/150

vt -2.93196 3.49709
v 116.011 49.2172 -128.185
vt -2.2495 4.77616
vn 0.103184 -0.96783 -0.229472
vt -2.38745 4.84178
f 402/1124/149 417/1125/151 416/1126/150

vt -4.08711 1.37471
vn 0.0637401 -0.972967 -0.221975
vt -4.56738 2.82037
vt -4.45866 1.37471
f 401/1127/152 417/1128/151 402/1129/149

vt -1.91848 4.94427
vt -2.38616 3.49448
v 112.208 48.7443 -128.789
vt -1.78505 4.86989
vn 0.12722 -0.970416 -0.205201
f 417/1130/151 401/1131/152 418/1132/153

vt -3.05848 2.97495
v 108.324 48.4457 -129.298
vt -2.58886 4.39071
vn 0.0674542 -0.975809 -0.207959
vt -2.73522 4.44076
f 401/1133/152 419/1134/154 418/1135/153

vt -3.71555 1.38392
vn 0.0375373 -0.977921 -0.205575
vt -4.26471 2.86492
vt -4.08711 1.38392
f 400/1136/155 419/1137/154 401/1138/152

vt -2.41894 4.49901
vt -2.61238 2.93136
v 104.439 48.1471 -129.807
vt -2.27453 4.44359
vn 0.075028 -0.97811 -0.194092
f 419/1139/154 400/1140/155 420/1141/156

vt -3.25882 2.23144
v 100.501 48.0279 -130.214
vt -3.13314 3.75801
vn 0.0331888 -0.979293 -0.199707
vt -3.28744 3.78068
f 400/1142/155 421/1143/157 420/1144/156

vt -3.344 1.38883
vn 0.0163766 -0.979509 -0.200732
vt -3.95672 2.90146
vt -3.71555 1.38883
f 399/1145/158 421/1146/157 400/1147/155

vt -3.09944 3.79052
vt -2.87881 2.17348
v 96.5621 47.9087 -130.62
vt -2.94534 3.7665
vn 0.032782 -0.980427 -0.194133
f 421/1148/157 399/1149/158 422/1150/159

v 101.76 56.066 -169.785
vt -4.00819 4.49097
vn -0.0556866 -0.973001 -0.223983
v 108.187 55.8174 -168.599
vt -4.26121 4.44318
vn 0.0560126 -0.98029 -0.189455
vt -3.80291 2.91606
vt -3.3446 1.38894
vt -2.97305 1.3891
vn -0.0165404 -0.977368 -0.210897
v 88.6298 48.033 -131.213
vt -3.49062 2.94004
vn -0.033052 -0.976155 -0.214542
f 423/1151/160 424/1152/161 422/1153/159 399/1154/158 398/1155/162 425/1156/163 

vt -3.00905 -2.20781
v 114.504 56.2943 -166.974
vt -3.52282 -2.19721
vt -3.26628 -2.21935
f 423/1157/87 426/1158/87 424/1159/87

vt -2.75552 -2.16279
f 426/1158/87 423/1157/87 176/1160/87

vt -5.52912 2.39715
v 84.6636 48.2755 -131.394
vt -4.27365 1.27675
vn -0.0719093 -0.969853 -0.232839
vt -5.31269 2.53665
vn -0.124679 -0.958009 -0.258211
f 423/1161/160 427/1162/164 176/1163/165

vt -3.89925 2.15949
vt -4.88809 3.521
vt -4.05001 2.11711
f 427/1164/164 423/1165/160 425/1166/163

vt -3.21192 0.713227
vn -0.0328004 -0.974966 -0.219921
f 398/1167/162 427/1164/166 425/1166/163

vt -2.60089 1.38886
vn -0.0368644 -0.97297 -0.227972
vt -3.33321 2.94898
vt -2.97244 1.38886
f 397/1168/167 427/1169/166 398/1170/162

vt -3.87068 2.20731
vt -2.83848 0.827155
v 80.6975 48.518 -131.576
vt -3.71939 2.24775
vn -0.073685 -0.968097 -0.239495
f 427/1171/166 397/1172/167 428/1173/168

vt -2.94146 0.346585
v 76.7588 48.9367 -131.639
vt -3.89967 1.66577
vn -0.0654037 -0.966718 -0.247345
vt -4.04286 1.60397
f 397/1174/167 429/1175/169 428/1176/168

vt -2.22933 1.38429
vn -0.061351 -0.9643 -0.257607
vt -3.022 2.95944
vt -2.60089 1.38429
f 396/1177/170 429/1178/169 397/1179/167

vt -3.84645 1.78009
vt -2.57925 0.553872
v 72.8201 49.3554 -131.702
vt -3.70145 1.83754
vn -0.122455 -0.952482 -0.278896
f 429/1180/169 396/1181/170 430/1182/171

vt -2.63159 0.234757
v 68.936 49.9431 -131.646
vt -3.76289 1.44575
vn -0.0981412 -0.95325 -0.285803
vt -3.9 1.37418
f 396/1183/170 431/1184/172 430/1185/171

vt -1.85778 1.37617
vn -0.085996 -0.950784 -0.297683
vt -2.71401 2.96091
vt -2.22933 1.37617
f 395/1186/173 431/1187/172 396/1188/170

vt -3.69676 1.59888
vt -2.27989 0.486652
v 65.0518 50.5308 -131.59
vt -3.55675 1.66462
vn -0.171258 -0.928466 -0.329579
f 431/1189/172 395/1190/173 432/1191/174

vt -2.31934 0.274324
v 61.2483 51.2774 -131.416
vt -3.56335 1.40855
vn -0.131048 -0.933129 -0.334809
vt -3.69638 1.33346
f 395/1192/173 433/1193/175 432/1194/174

vt -1.48622 1.36367
vn -0.110726 -0.931065 -0.347646
vt -2.41135 2.95351
vt -1.85778 1.36367
f 394/1195/176 433/1196/175 395/1197/173

vt -3.48874 1.56863
vt -1.96991 0.53104
v 57.4447 52.0241 -131.242
vt -3.3523 1.63733
vn -0.219798 -0.893935 -0.390601
f 433/1198/175 394/1199/176 434/1200/177

vt -2.00884 0.385363
v 53.7465 52.917 -130.953
vt -3.333 1.47021
vn -0.163845 -0.904604 -0.393504
vt -3.46316 1.39522
f 394/1201/176 435/1202/178 434/1203/177

vt -1.11467 1.34575
vn -0.135198 -0.903576 -0.406536
vt -2.116 2.9375
vt -1.48622 1.34575
f 393/1204/179 435/1205/178 394/1206/176

vt -3.25139 1.61373
vt -1.65469 0.620285
v 50.0482 53.8098 -130.663
vt -3.11779 1.6824
vn -0.267225 -0.846615 -0.460254
f 435/1207/178 393/1208/179 436/1209/180

vt -1.69622 0.515287
v 46.4782 54.8336 -130.264
vt -3.08529 1.57217
vn -0.14773 -0.893682 -0.423684
vt -3.21299 1.49922
f 393/1210/179 437/1211/181 436/1212/180

vt -0.74311 1.32119
vn 2.046e-15 -0.930303 -0.366793
vt -1.82985 2.91337
vt -1.11467 1.32119
f 392/1213/182 437/1214/181 393/1215/179

vt -2.99806 1.68346
vn -0.28828 -0.799626 -0.526777
vt -1.33366 0.710932
vn -0.312082 -0.784594 -0.535741
v 42.9082 55.8574 -129.864
vt -2.86721 1.75058
f 437/1216/183 392/1217/184 438/1218/184

vt -1.37795 0.62953
v 39.4871 56.9945 -129.361
vt -2.82748 1.67595
vn -0.335611 -0.768877 -0.544237
vt -2.95252 1.60593
f 392/1219/184 439/1220/185 438/1221/184

vt -0.371555 1.28884
vn 1.04762e-15 -0.907518 -0.420013
vt -1.55461 2.88183
vt -0.74311 1.28884
f 391/1222/186 439/1223/186 392/1224/186

vt -2.73644 1.74536
vn -0.329832 -0.724506 -0.605229
vt -1.00584 0.774657
vn -0.35241 -0.707054 -0.613092
v 36.066 58.1317 -128.858
vt -2.6087 1.81032
f 439/1225/187 391/1226/188 440/1227/188

vt -1.05222 0.705249
v 32.8121 59.3628 -128.26
vt -2.56491 1.75704
vn -0.374679 -0.688983 -0.620418
vt -2.68675 1.69017
f 391/1228/188 441/1229/189 440/1230/188

vt 6.41027e-15 1.24773
vn 2.15576e-15 -0.878576 -0.477603
vt -1.29181 2.84386
vt -0.371555 1.24773
f 390/1231/190 441/1232/190 391/1233/190

vt -2.47205 1.78022
vn -0.365212 -0.634393 -0.681296
vt -0.670969 0.794057
v 29.5581 60.5939 -127.662
vt -2.34802 1.84292
f 441/1234/191 390/1235/191 442/1236/191

vt -1.20785 -0.231681
vn -0.808554 0.310152 -0.500046
v 29.6209 63.3121 -126.078
vt -2.94083 0.733725
vt -2.99258 0.621159
f 390/1237/192 443/1238/192 442/1239/192

vt -1.24706 0.000292172
vn -0.76357 0.588256 -0.2663
vt -2.96797 0.859832
vt -1.34096 -0.27511
f 388/1240/193 443/1241/193 390/1242/193

vt -2.95945 0.791762
vn -0.838258 0.288918 -0.462438
vt -1.17811 0.0657104
vn -0.831038 0.406181 -0.379991
v 29.6837 66.0303 -124.493
vt -2.90603 0.903544
vn -0.83745 0.313071 -0.447955
f 443/1243/194 388/1244/195 444/1245/196

vt -1.19103 0.0480672
v 29.9411 68.799 -122.836
vt -2.85877 1.01577
vn -0.836712 0.415065 -0.357259
vt -2.91204 0.899997
f 388/1246/195 445/1247/197 444/1248/196

vt -1.15905 0.315906
vn -0.834998 0.461105 -0.300265
vt -2.83462 1.15802
vt -1.26122 0.0434635
f 386/1249/198 445/1250/197 388/1251/195

vt -2.86279 1.06735
vt -1.13378 0.341254
v 30.1985 71.5678 -121.178
vt -2.80781 1.18232
vn -0.858337 0.342226 -0.382282
f 445/1252/197 386/1253/198 446/1254/199

vt -1.14041 0.332715
v 30.6594 74.3639 -119.461
vt -2.75138 1.30793
vn -0.851061 0.430111 -0.301165
vt -2.80638 1.18963
f 386/1255/198 447/1256/200 446/1257/199

vt -1.05243 0.620173
vn -0.846348 0.469635 -0.251272
vt -2.69092 1.44941
vt -1.16166 0.35048
f 384/1258/201 447/1259/200 386/1260/198

vt -2.74395 1.35221
vt -1.05932 0.621244
v 31.1202 77.1601 -117.744
vt -2.68729 1.46972
vn -0.870923 0.373951 -0.318831
f 447/1261/200 384/1262/201 448/1263/202

vt -1.05926 0.620095
v 31.7899 79.9599 -115.98
vt -2.62094 1.60657
vn -0.85894 0.447335 -0.249225
vt -2.67779 1.48643
f 384/1264/201 449/1265/203 448/1266/202

vt -0.932079 0.913255
vn -0.852169 0.480404 -0.207414
vt -2.541 1.73226
vt -1.04703 0.645953
f 382/1267/204 449/1268/203 384/1269/201

vt -2.60617 1.64279
vt -0.959052 0.903598
v 32.4596 82.7598 -114.217
vt -2.5478 1.7622
vn -0.875246 0.408271 -0.259343
f 449/1270/203 382/1271/204 450/1272/205

vt -0.952012 0.907594
v 33.3399 85.5397 -112.422
vt -2.47098 1.90766
vn -0.860643 0.467068 -0.202835
vt -2.52971 1.78632
f 382/1273/204 451/1274/206 450/1275/205

vt -0.803125 1.19621
vn -0.852801 0.493836 -0.169871
vt -2.3894 2.00573
vt -0.922438 0.930825
f 379/1276/207 451/1277/206 382/1278/204

vt -2.45359 1.93506
vt -0.837986 1.18579
v 34.2202 88.3196 -110.628
vt -2.39358 2.05577
vn -0.871574 0.445196 -0.205326
f 451/1279/206 379/1280/207 452/1281/208

vt -0.8238 1.19228
v 35.3094 91.0562 -108.817
vt -2.30597 2.20688
vn -0.856559 0.48959 -0.163121
vt -2.36649 2.08495
f 379/1282/207 453/1283/209 452/1284/208

vt -0.670672 1.47071
vn -0.848615 0.51027 -0.139559
vt -2.24091 2.26954
vt -0.792957 1.20668
f 377/1285/210 453/1286/209 379/1287/207

vt -2.29099 2.22468
vt -0.701468 1.46495
v 36.3985 93.7928 -107.006
vt -2.22957 2.34616
vn -0.860291 0.484697 -0.158014
f 453/1288/209 377/1289/210 454/1290/211

vt -0.680045 1.47102
v 37.6911 96.4634 -105.195
vt -2.13108 2.49978
vn -0.847071 0.515097 -0.130941
vt -2.19312 2.37779
f 377/1291/210 455/1292/212 454/1293/211

vt -0.539601 1.73876
vn -0.839918 0.52992 -0.117142
vt -2.10047 2.52374
vt -0.663466 1.47547
f 375/1294/213 455/1295/212 377/1296/210

vt -2.12365 2.50703
vt -0.554898 1.73794
v 38.9837 99.134 -103.384
vt -2.06122 2.62882
vn -0.841792 0.526665 -0.118365
f 455/1297/212 375/1298/213 456/1299/214

vt -0.526186 1.74052
v 40.4709 101.717 -101.587
vt -1.95198 2.78179
vn -0.832476 0.54365 -0.106906
vt -2.0151 2.66018
f 375/1300/213 457/1301/215 456/1302/214

vt -0.414537 2.00242
vn -0.826897 0.552829 -0.103057
vt -1.97314 2.76839
vt -0.538583 1.73922
f 30/1303/216 457/1304/215 375/1305/213

vt -1.95734 2.77724
vt -0.403631 2.0014
v 41.9581 104.3 -99.7913
vt -1.89448 2.89898
vn -0.816416 0.570859 -0.0870871
f 457/1306/215 30/1307/216 458/1308/217

vt -0.367579 1.99736
v 43.6277 106.776 -98.0256
vt -1.77487 3.04823
vn -0.812936 0.575134 -0.0914132
vt -1.83844 2.92735
f 30/1309/216 459/1310/218 458/1311/217

vt -0.299888 2.26365
vn -0.809594 0.57883 -0.0975335
vt -1.86411 3.00342
vt -0.422694 1.99987
f 372/1312/219 459/1313/218 30/1314/216

vt -1.79847 3.03017
vt -0.25305 2.25189
v 45.2973 109.252 -96.2598
vt -1.736 3.15163
vn -0.784418 0.616851 -0.0646742
f 459/1315/218 372/1316/219 460/1317/220

vt -0.209584 2.23817
v 47.134 111.602 -94.5392
vt -1.60666 3.29431
vn -0.788483 0.609202 -0.0846663
vt -1.6698 3.17435
f 372/1318/219 461/1319/221 460/1320/220

vt -0.199894 2.52416
vn -0.797118 0.594948 -0.103151
vt -1.77865 3.22847
vt -0.320004 2.25914
f 371/1321/222 461/1322/221 372/1323/219

vt -1.65442 3.26046
vt -0.108829 2.48608
v 48.9707 113.952 -92.8186
vt -1.5934 3.38151
vn -0.761256 0.64486 -0.0681523
f 461/1324/221 371/1325/222 462/1326/223

vt 0.936338 1.61622
vn -0.131097 0.912578 0.387317
v 52.6813 114.746 -92.0589
vt 0.694986 3.38678
vn -0.176813 0.907155 0.381846
vt 0.563726 3.30942
vn -0.259257 0.914673 0.310096
f 371/1327/224 463/1328/225 462/1329/226

v 41 96.5685 -56.5685
vt 1.61417 1.01526
vn -0.122332 0.893253 0.43259
vt 2.07407 2.58513
vt 1.22047 1.01526
f 464/1330/227 463/1331/225 371/1332/224

vt 0.863803 3.42819
vt 1.30877 1.85402
v 56.392 115.54 -91.2993
vt 0.999756 3.49697
vn -0.242564 0.892584 0.380076
f 463/1333/225 464/1334/227 465/1335/228

vt 1.40877 1.70283
v 60.2308 116.179 -90.6118
vt 1.41527 3.42494
vn -0.14845 0.882392 0.446482
vt 1.27015 3.36883
f 464/1336/227 466/1337/229 465/1338/228

v 51 96.5685 -56.5685
vt 2.00787 1.11168
vn -0.100171 0.867989 0.486375
vt 2.37129 2.65844
vt 1.61417 1.11168
f 467/1339/230 466/1340/229 464/1341/227

vt 1.50742 3.45383
vt 1.79026 1.89033
v 64.0697 116.818 -89.9244
vt 1.65444 3.50478
vn -0.199242 0.870358 0.45031
f 466/1342/229 467/1343/230 468/1344/231

vt 1.877 1.71668
v 68.0139 117.291 -89.3208
vt 2.04526 3.3746
vn -0.118057 0.858075 0.49977
vt 1.89166 3.33677
f 467/1345/230 469/1346/232 468/1347/231

v 61 96.5685 -56.5685
vt 2.40157 1.19078
vn -0.0767752 0.844898 0.529389
vt 2.67771 2.71666
vt 2.00787 1.19078
f 470/1348/233 469/1349/232 467/1350/230

vt 2.08833 3.40504
vt 2.26178 1.8641
v 71.9581 117.764 -88.7173
vt 2.24256 3.4402
vn -0.153081 0.848217 0.507044
f 469/1351/232 470/1352/233 471/1353/234

vt 2.33064 1.67315
v 75.9828 118.063 -88.208
vt 2.60257 3.26743
vn -0.0862826 0.836487 0.541152
vt 2.44396 3.24528
f 470/1354/233 472/1355/235 471/1356/234

v 71 96.5685 -56.5685
vt 2.79528 1.25149
vn -0.052543 0.825904 0.561357
vt 2.99145 2.75739
vt 2.40157 1.25149
f 473/1357/236 472/1358/235 470/1359/233

vt 2.61839 3.2999
vt 2.71817 1.78456
v 80.0076 118.361 -87.6987
vt 2.77715 3.32095
vn -0.104949 0.828702 0.549762
f 472/1360/235 473/1361/236 474/1362/237

vt 2.76709 1.57869
v 84.0869 118.48 -87.2924
vt 3.1058 3.11429
vn -0.0535443 0.819564 0.570481
vt 2.94456 3.10593
f 473/1363/236 475/1364/238 474/1365/237

v 81 96.5685 -56.5685
vt 3.18898 1.29316
vn -0.0276954 0.812567 0.582209
vt 3.31051 2.77887
vt 2.79528 1.29316
f 476/1366/239 475/1367/238 473/1368/236

vt 3.10893 3.14285
vt 3.15767 1.65297
v 88.1662 118.6 -86.8861
vt 3.27019 3.15096
vn -0.055378 0.813904 0.578354
f 475/1369/238 476/1370/239 477/1371/240

vt 3.18482 1.43215
v 92.273 118.537 -86.5897
vt 3.56776 2.91384
vn -0.0200363 0.808817 0.587718
vt 3.40569 2.91803
f 476/1372/239 478/1373/241 477/1374/240

v 91 96.5685 -56.5685
vt 3.58268 1.31521
vn -0.00230324 0.806053 0.591838
vt 3.6328 2.77981
vt 3.18898 1.31521
f 479/1375/242 478/1376/241 476/1377/239

vt 3.56728 2.92847
vt 3.57795 1.46305
v 96.3798 118.475 -86.2934
vt 3.72935 2.92432
vn -0.00460725 0.805391 0.592726
f 478/1378/241 479/1379/242 480/1380/243

vt 3.58043 1.22544
v 100.487 118.233 -86.112
vt 3.99488 2.65654
vn 0.0142087 0.805317 0.592674
vt 3.83355 2.67256
f 479/1381/242 481/1382/244 480/1383/243

v 101 96.5685 -56.5685
vt 3.97638 1.31699
vn 0.0236508 0.80712 0.589914
vt 3.95617 2.75933
vt 3.58268 1.31699
f 482/1384/245 481/1385/244 479/1386/242

vt 3.99586 2.64266
vt 3.97375 1.20035
v 104.593 117.99 -85.9306
vt 4.15718 2.62652
vn 0.0472956 0.804183 0.592497
f 481/1387/244 482/1388/245 483/1389/246

vt 3.94661 0.942867
v 108.673 117.572 -85.8673
vt 4.3873 2.32538
vn 0.0492191 0.809667 0.584822
vt 4.2282 2.35294
f 482/1390/245 484/1391/247 483/1392/246

vt 4.37008 1.29756
vn 0.0501845 0.816073 0.575766
vt 4.27845 2.71682
vt 3.97638 1.29756
f 172/1393/248 484/1394/247 482/1395/245

vt 4.39094 2.26182
vt 4.33409 0.840745
v 112.752 117.153 -85.804
vt 4.54991 2.23349
vn 0.100255 0.810701 0.576813
f 484/1396/247 172/1397/248 485/1398/249

vt 4.2693 0.559893
v 116.777 116.565 -85.8599
vt 4.73772 1.8948
vn 0.0849487 0.821927 0.563223
vt 4.58245 1.93403
f 172/1399/248 486/1400/250 485/1401/249

v 121 96.5685 -56.5685
vt 4.76378 1.25569
vn 0.0771987 0.832654 0.548386
vt 4.59751 2.652
vt 4.37008 1.25569
f 487/1402/251 486/1403/250 172/1404/248

vt 4.73941 1.75064
vt 4.63742 0.348175
v 120.802 115.977 -85.9158
vt 4.89416 1.70942
vn 0.15395 0.824625 0.544328
f 486/1405/250 487/1406/251 488/1407/252

vt 4.52243 0.0418648
v 124.746 115.231 -86.0899
vt 5.02768 1.32917
vn 0.121098 0.841442 0.526604
vt 4.87811 1.38067
f 487/1408/251 489/1409/253 488/1410/252

v 131 96.5685 -56.5685
vt 5.15748 1.19004
vn 0.104329 0.855858 0.50658
vt 4.91125 2.56506
vt 4.76378 1.19004
f 490/1411/254 489/1412/253 487/1413/251

vt 5.01105 1.06018
vt 4.8419 -0.326438
v 128.69 114.484 -86.264
vt 5.1592 1.0047
vn 0.207521 0.844657 0.493447
f 489/1414/253 490/1415/254 491/1416/255

vt 4.65839 -0.654737
v 132.529 113.591 -86.5534
vt 5.21937 0.582866
vn 0.156905 0.866615 0.473666
vt 5.07797 0.647779
f 490/1417/254 492/1418/256 491/1419/255

v 141 96.5685 -56.5685
vt 5.55118 1.09952
vn 0.130788 0.883723 0.449365
vt 5.21767 2.457
vt 5.15748 1.09952
f 493/1420/257 492/1421/256 490/1422/254

vt 5.14235 0.130765
vt 4.867 -1.23969
v 136.368 112.698 -86.8428
vt 5.28034 0.0588832
vn 0.259279 0.868273 0.422937
f 492/1423/256 493/1424/257 494/1425/258

vt 4.59175 -1.57206
v 140.078 111.675 -87.2424
vt 5.24037 -0.391939
vn 0.190976 0.894728 0.40372
vt 5.11069 -0.31196
f 493/1426/257 495/1427/259 494/1428/258

v 151 96.5685 -56.5685
vt 5.94488 0.983948
vn 0.143629 0.907124 0.395596
vt 5.51489 2.33008
vt 5.55118 0.983948
f 496/1429/260 495/1430/259 493/1431/257

vt 5.00816 -1.08513
vt 4.56464 -2.42687
v 143.789 110.651 -87.6421
vt 5.13041 -1.17607
vn 0.283973 0.896396 0.340342
f 495/1432/259 496/1433/260 497/1434/261

vt -0.206725 -0.327829
vn 0.963399 0.251361 -0.0931655
v 144.851 108.1 -89.047
vt 1.0796 0.167244
vn 0.954551 0.293147 -0.0538343
vt 1.02578 0.276785
vn 0.916434 0.398914 -0.0318869
f 496/1435/262 498/1436/263 497/1437/264

v 151 90.9117 -60.1758
vt -0.7667 1.42393
vn 0.974261 0.217332 -0.0598455
vt 0.393593 2.10381
vt -0.907054 1.64769
f 499/1438/265 498/1439/263 496/1440/262

vt 1.42739 0.375961
vt 0.297452 -0.353251
v 145.912 105.548 -90.4519
vt 1.48378 0.267716
vn 0.937611 0.347529 0.0104479
f 498/1441/263 499/1442/265 500/1443/266

vt 0.120767 -0.0172811
v 146.807 102.903 -91.9517
vt 1.37237 0.481383
vn 0.972724 0.230946 -0.0217108
vt 1.31345 0.591392
f 499/1444/265 501/1445/267 500/1446/266

v 151 85.2548 -63.783
vt -0.346326 1.37783
vn 0.986031 0.164189 -0.0280222
vt 0.773916 2.07421
vt -0.487547 1.60104
f 502/1447/268 501/1448/267 499/1449/265

vt 1.66001 0.666692
vt 0.559877 -0.0610354
v 147.702 100.258 -93.4515
vt 1.72063 0.557611
vn 0.962056 0.271178 0.030169
f 501/1450/267 502/1451/268 503/1452/269

vt 0.381847 0.274109
v 148.414 97.5393 -95.0359
vt 1.61043 0.772915
vn 0.985265 0.17103 0.00134079
vt 1.5476 0.883286
f 502/1453/268 504/1454/270 503/1455/269

v 151 79.598 -67.3903
vt 0.0326169 1.30689
vn 0.993372 0.114815 -0.00549975
vt 1.12537 2.01386
vt -0.109091 1.5298
f 505/1456/271 504/1457/270 502/1458/268

vt 1.83589 0.922808
vt 0.754796 0.198123
v 149.126 94.8211 -96.6202
vt 1.89973 0.813015
vn 0.979713 0.19647 0.0395079
f 504/1459/270 505/1460/271 506/1461/272

vt 0.576533 0.532532
v 149.643 92.0524 -98.2776
vt 1.79082 1.03004
vn 0.993243 0.115173 0.0142388
vt 1.72508 1.14064
f 505/1462/271 507/1463/273 506/1464/272

v 151 73.9411 -70.9975
vt 0.360165 1.20325
vn 0.997484 0.0705706 0.00676537
vt 1.43539 1.91647
vt 0.218234 1.42602
f 508/1465/274 507/1466/273 505/1467/271

vt 1.95293 1.1382
vt 0.883273 0.416659
v 150.161 89.2836 -99.9349
vt 2.01917 1.02789
vn 0.991385 0.125423 0.0377582
f 507/1468/273 508/1469/274 509/1470/275

vt 0.705003 0.750572
v 150.475 86.4875 -101.652
vt 1.91108 1.2469
vn 0.997772 0.0646867 0.0163376
vt 1.84321 1.35751
f 508/1471/274 510/1472/276 509/1473/275

v 151 68.2843 -74.6048
vt 0.629324 1.06198
vn 0.999441 0.0323923 0.00822293
vt 1.69437 1.77867
vt 0.48732 1.2847
f 511/1474/277 510/1475/276 508/1476/274

vt 2.00897 1.31131
vt 0.945772 0.591892
v 150.789 83.6914 -103.37
vt 2.07702 1.20081
vn 0.997921 0.0595665 0.024598
f 510/1477/276 511/1478/277 512/1479/278

vt 0.767061 0.925619
v 150.895 80.8915 -105.133
vt 1.96886 1.42221
vn 0.999764 0.020457 0.00732892
vt 1.8994 1.5325
f 511/1480/277 513/1481/279 512/1482/278

vt 0.835869 0.880486
vn 0.999999 0.000865082 -0.00136878
vt 1.89576 1.59954
vt 0.693852 1.1032
f 19/1483/280 513/1484/279 511/1485/277

vt 2.00169 1.44337
vt 0.941993 0.724027
v 151 78.0916 -106.896
vt 2.07117 1.33309
vn 1 -1.15515e-05 -6.22759e-06
f 513/1486/279 19/1487/280 514/1488/281

vt 0.761949 1.05782
v 150.895 75.3117 -108.691
vt 1.96184 1.5574
vn 0.999774 -0.0169603 -0.0128455
vt 1.89112 1.66688
f 19/1489/280 515/1490/282 514/1491/281

v 151 56.9706 -81.8193
vt 0.977886 0.657775
vn 0.999477 -0.0236792 -0.0220127
vt 2.03584 1.37987
f 516/1492/283 515/1493/282 19/1483/280

vt 1.92887 1.53653
vt 0.871063 0.814218
v 150.789 72.5318 -110.486
vt 1.9996 1.42705
vn 0.997974 -0.0525469 -0.035857
f 515/1494/282 516/1495/283 517/1496/284

vt 0.688529 1.14807
v 150.475 69.7952 -112.297
vt 1.88791 1.65462
vn 0.997913 -0.0472282 -0.0440319
vt 1.81608 1.76271
f 516/1497/283 518/1498/285 517/1499/284

v 151 51.3137 -85.4265
vt 1.05534 0.393819
vn 0.997723 -0.0410783 -0.0534831
vt 2.1134 1.12146
vt 0.913333 0.616538
f 519/1500/286 518/1501/285 516/1502/283

vt 1.78895 1.59237
vt 0.732098 0.862976
v 150.161 67.0586 -114.107
vt 1.86091 1.48437
vn 0.991811 -0.0974725 -0.0825201
f 518/1503/285 519/1504/286 520/1505/287

vt 0.545858 1.1964
v 149.643 64.388 -115.919
vt 1.74576 1.71522
vn 0.993837 -0.0701422 -0.0858335
vt 1.67279 1.82119
f 519/1506/286 521/1507/288 520/1508/287

vt 1.06982 0.08942
vt 2.12949 0.82705
vt 0.927889 0.312186
f 406/1509/135 521/1510/288 519/1511/286

vt 1.58198 1.61082
vt 0.525152 0.869117
v 149.126 61.7174 -117.73
vt 1.65528 1.50507
vn 0.981105 -0.134321 -0.139251
f 521/1512/288 406/1513/135 522/1514/289

vt 0.33417 1.2009
vt 1.53582 1.73858
vt 1.4616 1.84163
f 406/1515/135 407/1516/134 522/1517/289

vn 0.954731 -0.213382 -0.20726
v 147.252 77.778 -146.426
vt 2.58902 2.48236
vn 0.958299 -0.217106 -0.185816
f 407/1516/290 523/1518/291 522/1517/289

vt 1.69753 3.62804
vt 0.671001 2.84786
v 144.403 73.1022 -150.003
vt 1.86491 3.43237
vn 0.942519 -0.238975 -0.233556
f 523/1519/291 407/1520/290 524/1521/292

vt 2.51868 2.14486
f 524/1522/292 407/1085/290 408/1087/136

vt -2.22004 5.80218
f 409/1089/137 524/1523/137 408/1090/137

vt 1.57517 4.20944
vn 0.835332 -0.463868 -0.295038
vt 0.541947 3.42672
vt 1.75038 4.02075
f 524/1524/293 409/1525/293 215/1526/293

vt -1.40912 6.11723
f 215/1527/141 409/1094/139 410/1096/141

vn 0.330453 -0.85115 -0.407854
vt -1.90641 6.08977
f 411/1098/294 215/1528/141 410/1099/141

vt 1.86102 4.92392
vn 0.741078 -0.624095 -0.247607
vt 0.79417 4.14976
vt 2.0363 4.73529
f 215/1529/295 411/1530/295 211/1531/295

vt -1.06244 6.30545
vn 0.321253 -0.889096 -0.326045
f 211/1532/144 411/1103/296 412/1105/144

vn 0.271929 -0.902262 -0.334631
vt -1.68598 6.24726
f 413/1107/297 211/1533/144 412/1108/144

vt 2.05781 5.4311
vn 0.623876 -0.753858 -0.2061
vt 0.959789 4.63112
v 131.735 61.936 -159.773
vt 2.2312 5.24074
f 211/1534/298 413/1535/298 525/1536/298

vt -0.847329 6.38053
vn 0.327321 -0.913249 -0.242563
vn 0.263124 -0.926956 -0.26743
f 525/1537/299 413/1112/300 414/1114/147

vn 0.308733 -0.923232 -0.228751
vt -1.63242 6.28168
f 415/1116/301 525/1538/299 414/1117/147

vt 2.09484 5.76546
vt 0.983185 4.89749
v 126.38 59.38 -162.523
vt 2.26737 5.57432
vn 0.309836 -0.929156 -0.201669
f 525/1539/299 415/1540/301 526/1541/302

vt -0.850777 6.36218
f 526/1542/302 415/1121/301 416/1123/150

vn 0.226535 -0.953301 -0.199746
vt -1.84294 6.18647
f 417/1125/303 526/1543/302 416/1126/150

vt 1.83025 6.01364
vt 0.75493 5.01468
vt 2.00841 5.82773
vn 0.216771 -0.95879 -0.183661
f 526/1544/302 417/1545/303 185/1546/304

vt -1.18393 6.24531
f 185/1547/304 417/1130/303 418/1132/153

vn 0.14802 -0.971218 -0.186616
vt -2.41195 5.90657
f 419/1134/305 185/1548/304 418/1135/153

vt 0.928312 6.24488
vt 0.0267549 5.01348
vt 1.12794 6.08224
vn 0.127731 -0.975133 -0.181111
f 185/1549/304 419/1550/305 426/1551/306

vt -1.93669 5.95582
f 426/1552/306 419/1139/305 420/1141/156

vn 0.0727916 -0.97941 -0.188302
vt -3.31606 5.32992
f 421/1143/307 426/1553/306 420/1144/156

vt -1.28379 6.12653
vt -1.64166 4.58501
vt -1.04214 6.03759
f 426/1554/306 421/1555/307 424/1556/161

vt -3.01187 5.35952
f 424/1557/161 421/1148/307 422/1150/159

vt -3.77427 -2.14178
f 426/1158/87 176/1160/87 185/1558/87

v 89.0153 58.7107 -170.763
vt -2.51004 -2.08507
f 185/1558/87 176/1160/87 527/1559/87

vt -5.7077 1.43698
vt -4.19641 0.603667
vn -0.143256 -0.950861 -0.274485
vt -5.51636 1.60929
vn -0.207064 -0.927973 -0.309823
f 176/1560/165 429/1561/308 527/1562/309

vt -5.14425 2.86136
f 429/1175/308 176/1563/165 428/1176/168

vt -4.6003 3.66834
f 176/1564/165 427/1171/164 428/1173/168

vt -4.82366 3.12121
f 527/1565/309 429/1180/308 430/1182/171

vn -0.214349 -0.920014 -0.328067
vt -5.16842 2.5136
f 431/1184/310 527/1566/309 430/1185/171

vt -5.62938 1.14661
vt -4.00082 0.465739
v 82.9161 61.0616 -170.54
vt -5.44779 1.32917
vn -0.288396 -0.882119 -0.372417
f 527/1567/309 431/1568/310 528/1569/311

vt -4.83361 2.84259
f 528/1570/311 431/1189/310 432/1191/174

vn -0.284385 -0.874851 -0.392123
vt -5.07341 2.39259
f 433/1193/312 528/1571/311 432/1194/174

vt -5.48942 1.15232
vt -3.79232 0.545299
vt -5.31062 1.33761
vn -0.30001 -0.860476 -0.411794
f 528/1572/311 433/1573/312 193/1574/313

vt -4.73469 2.74362
f 193/1575/313 433/1198/312 434/1200/177

vn -0.24455 -0.883321 -0.399924
vt -4.91749 2.40508
f 435/1202/314 193/1576/313 434/1203/177

vt -5.32803 1.27264
vn -0.549242 -0.65571 -0.518052
vt -3.58227 0.692198
v 71.784 67.6197 -168.686
vt -5.15021 1.45887
f 193/1577/315 435/1578/315 529/1579/315

vt -4.58088 2.74451
vn -0.242664 -0.859045 -0.450728
f 529/1580/180 435/1207/316 436/1209/180

vn -0.29156 -0.833467 -0.469389
vt -4.72976 2.48316
f 437/1211/317 529/1581/180 436/1212/180

vt -5.15634 1.41583
vn -0.627717 -0.514113 -0.584517
vt -3.37035 0.828946
v 66.9414 71.7147 -167.087
vt -4.98035 1.6038
f 529/1582/318 437/1583/318 530/1584/318

vt -4.40077 2.79022
f 530/1585/184 437/1216/183 438/1218/184

vt -4.5271 2.58232
f 439/1220/185 530/1586/184 438/1221/184

vt -4.98031 1.53621
vn -0.683692 -0.356632 -0.636693
vt -3.15674 0.91588
v 62.6946 76.2634 -165.075
vt -4.80838 1.72789
f 530/1587/319 439/1588/319 531/1589/319

vt -4.21155 2.84597
f 531/1590/188 439/1225/187 440/1227/188

vt -4.32127 2.67508
f 441/1229/189 531/1591/188 440/1230/188

vt -4.80528 1.61804
vn -0.715955 -0.194602 -0.670476
vt -2.94318 0.939695
v 59.1162 81.1878 -162.683
vt -4.64025 1.81569
f 531/1592/320 441/1593/320 532/1594/320

vt -4.02506 2.89179
f 532/1595/191 441/1234/191 442/1236/191

vt -4.77731 1.474
f 443/1238/192 532/1596/192 442/1239/192

vt -4.68827 1.68786
vn -0.758236 -0.0751112 -0.64764
vt -2.83825 0.9821
v 56.2674 86.4037 -159.953
vt -4.53369 1.89379
f 532/1597/321 443/1598/321 533/1599/321

vt -4.63395 1.74138
f 533/1600/196 443/1243/194 444/1245/196

vn -0.835977 0.336975 -0.433116
vt -4.63306 1.75193
f 445/1247/322 533/1601/196 444/1248/196

vt -4.60334 1.8222
vn -0.817576 0.00872601 -0.575755
vt -2.81181 1.12908
v 54.1971 91.8219 -156.93
vt -4.45913 2.03552
f 533/1602/323 445/1603/323 534/1604/323

vt -4.48183 2.02338
vn -0.866816 0.262609 -0.423871
vn -0.860696 0.318006 -0.397587
f 534/1605/324 445/1252/325 446/1254/199

vn -0.873082 0.273776 -0.403453
vt -4.47235 2.04655
f 447/1256/326 534/1606/324 446/1257/199

vt -4.48891 2.01873
vt -2.74811 1.32815
v 52.9405 97.3496 -153.668
vt -4.35292 2.23738
vn -0.882711 0.26107 -0.390721
f 534/1607/324 447/1608/326 535/1609/327

vt -4.31525 2.3182
f 535/1610/327 447/1261/326 448/1263/202

vn -0.885026 0.3258 -0.332542
vt -4.29632 2.35277
f 449/1265/328 535/1611/327 448/1266/202

vt -4.34483 2.27084
vt -2.64847 1.57365
v 52.5192 102.892 -150.222
vt -4.21475 2.49306
vn -0.89137 0.324279 -0.316707
f 535/1612/327 449/1613/328 536/1614/329

vt -4.13654 2.6208
f 536/1615/329 449/1270/328 450/1272/205

vn -0.886104 0.380309 -0.264925
vt -4.10741 2.66505
f 451/1274/330 536/1616/329 450/1275/205

vt -4.17141 2.56879
vt -2.51489 1.8564
v 52.9405 108.355 -146.65
vt -4.04489 2.79306
vn -0.887513 0.389585 -0.246056
f 536/1617/329 451/1618/330 537/1619/331

vt -3.94918 2.92575
f 537/1620/331 451/1279/330 452/1281/208

vn -0.876427 0.436961 -0.202338
vt -3.90917 2.97762
f 453/1283/332 537/1621/331 452/1284/208

vt -3.96917 2.89992
vt -2.34971 2.16395
vt -3.84403 3.12496
vn -0.871249 0.456401 -0.180618
f 537/1622/331 453/1623/332 300/1624/333

vt -3.75768 3.22736
f 300/1625/333 453/1288/332 454/1290/211

vn -0.856305 0.495331 -0.146253
vt -3.70619 3.28456
f 455/1292/334 300/1626/333 454/1293/211

vt -3.73846 3.24959
vt -2.1552 2.48137
v 56.2674 118.67 -139.377
vt -3.61273 3.4743
vn -0.842919 0.524037 -0.121957
f 300/1627/333 455/1628/334 538/1629/335

vt -3.56754 3.51969
f 538/1630/335 455/1297/334 456/1299/214

vn -0.826149 0.55489 -0.0978569
vt -3.50402 3.57985
f 457/1301/336 538/1631/335 456/1302/214

vt -3.47868 3.60221
vt -1.93285 2.79218
vt -3.35066 3.82562
vn -0.803017 0.591674 -0.0713178
f 538/1632/335 457/1633/336 296/1634/337

vt -3.38534 3.79656
f 296/1635/337 457/1306/336 458/1308/217

vn -0.78642 0.614959 -0.0580508
vt -3.30929 3.85733
f 459/1310/338 296/1636/337 458/1311/217

vt -3.18711 3.9426
vt -1.68248 3.07938
v 62.6946 127.592 -132.344
vt -3.0553 4.1638
vn -0.752149 0.658327 -0.0296232
f 296/1637/337 459/1638/338 539/1639/339

vt -3.21895 4.05136
f 539/1640/339 459/1315/338 460/1317/220

vn -0.737613 0.674665 -0.0274633
vt -3.13002 4.11053
f 461/1319/340 539/1641/339 460/1320/220

vt -2.85681 4.25736
vt -1.40075 3.32636
vt -2.7197 4.47532
vn -0.720663 0.693069 -0.0173156
f 539/1642/339 461/1643/340 292/1644/341

vt -3.07797 4.27695
f 292/1645/341 461/1324/340 462/1326/223

vt 0.191113 5.00261
f 463/1328/226 292/1646/226 462/1329/226

vt -2.25619 4.70031
vn -0.59775 0.791932 0.124655
vt -0.944414 3.6307
vt -2.10016 4.90515
f 292/1647/342 463/1648/342 290/1649/342

vt 0.690742 5.13991
vn -0.338614 0.876774 0.341478
vn -0.266101 0.890685 0.368607
f 290/1650/343 463/1333/344 465/1335/228

vn -0.374605 0.867643 0.326905
vt 1.13154 5.03482
f 466/1337/345 290/1651/343 465/1338/228

vt -1.22099 5.20108
vt -0.166553 3.95192
v 77.1394 137.068 -123.28
vt -1.03133 5.37524
vn -0.519454 0.81618 0.253019
f 290/1652/343 466/1653/345 540/1654/346

vt 1.51861 5.11923
vn -0.276197 0.861731 0.4256
vn -0.223591 0.869569 0.440291
f 540/1655/347 466/1342/348 468/1344/231

vn -0.26134 0.856061 0.445939
vt 1.90632 4.95686
f 469/1346/349 540/1656/347 468/1347/231

vt 0.00305807 5.46846
vt 0.77844 4.08223
v 82.9161 138.959 -120.866
vt 0.223801 5.60103
vn -0.264073 0.845017 0.464986
f 540/1657/347 469/1658/349 541/1659/350

vt 2.22334 5.01629
f 541/1660/350 469/1351/349 471/1353/234

vn -0.192529 0.838826 0.509219
vt 2.55728 4.81742
f 472/1355/351 541/1661/350 471/1356/234

vt 1.26389 5.44085
vt 1.76491 3.97338
v 89.0153 140.154 -118.829
vt 1.50734 5.52473
vn -0.182304 0.830531 0.526293
f 541/1662/350 472/1663/351 542/1664/352

vt 2.83613 4.85734
f 542/1665/352 472/1360/351 474/1362/237

vn -0.120158 0.822904 0.55533
vt 3.12202 4.63318
f 475/1364/353 542/1666/352 474/1365/237

vt 2.42525 5.14135
vt 2.67795 3.64354
v 95.3325 140.631 -117.204
vt 2.68062 5.17431
vn -0.0965505 0.817087 0.568372
f 542/1667/352 475/1668/353 543/1669/354

vt 3.38271 4.64894
f 543/1670/354 475/1369/353 477/1371/240

vn -0.0451453 0.810638 0.583804
vt 3.62656 4.40391
f 478/1373/355 543/1671/354 477/1374/240

vt 3.41376 4.6275
vt 3.44987 3.13671
vt 3.67071 4.61072
vn -0.00771678 0.806937 0.590587
f 543/1672/354 478/1673/355 366/1674/356

vt 3.88076 4.38559
f 366/1675/356 478/1378/355 480/1380/243

vn 0.0321064 0.803682 0.594193
vt 4.08667 4.11969
f 481/1382/357 366/1676/356 480/1383/243

vt 4.20016 3.94401
vt 4.04458 2.48626
v 108.187 139.412 -115.293
vt 4.44962 3.88017
vn 0.0837637 0.801462 0.59215
f 366/1677/356 481/1678/357 544/1679/358

vt 4.34062 4.05269
f 544/1680/358 481/1387/357 483/1389/246

vn 0.111404 0.802885 0.585632
vt 4.50979 3.76301
f 484/1391/359 544/1681/358 483/1392/246

vt 4.76048 3.11539
vt 4.42665 1.7117
vt 4.99439 3.00776
vn 0.177407 0.801019 0.571748
f 544/1682/358 484/1683/359 278/1684/360

vt 4.76572 3.62624
f 278/1685/360 484/1396/359 485/1398/249

vn 0.192266 0.808172 0.556679
vt 4.89559 3.30818
f 486/1400/361 278/1686/360 485/1401/249

vt 5.05184 2.16817
vt 4.54332 0.84003
vt 5.26292 2.0207
vn 0.271952 0.804784 0.527603
f 278/1687/360 486/1688/361 273/1689/362

vt 5.15091 3.07067
f 273/1690/362 486/1405/361 488/1407/252

vn 0.273301 0.818368 0.50555
vt 5.23379 2.71948
f 489/1409/363 273/1691/362 488/1410/252

vt 5.01523 1.16516
vt 4.33155 -0.0628564
vt 5.19741 0.983194
vn 0.290669 0.823606 0.487016
f 273/1692/362 489/1693/363 269/1694/364

vt 5.4765 2.33583
f 269/1695/364 489/1414/363 491/1416/255

vn 0.232398 0.840688 0.489117
vt 5.49756 1.95029
f 492/1418/365 269/1696/364 491/1419/255

vt 4.61176 0.22693
vn 0.570615 0.740769 0.354485
vt 3.75611 -0.875385
vt 4.76173 0.0176181
f 269/1697/366 492/1698/366 265/1699/366

vt 5.69368 1.35746
vn 0.235194 0.87227 0.428752
f 265/1700/258 492/1423/367 494/1425/258

vn 0.283201 0.863729 0.416855
vt 5.62963 0.948141
f 495/1427/368 265/1701/258 494/1428/258

vt 3.87595 -0.498094
vn 0.67119 0.708145 0.219168
vt 2.85984 -1.45458
vt 3.99496 -0.726434
f 265/1702/369 495/1703/369 261/1704/369

vt 5.69618 0.0747388
f 261/1705/261 495/1432/261 497/1434/261

vn 0.877869 0.476551 0.0473927
vt 2.25827 0.881398
vn 0.847976 0.526754 0.0588756
f 498/1436/370 261/1706/371 497/1437/264

vt 3.43524 -0.506407
vt 2.35164 -1.35793
vt 3.54515 -0.739264
vn 0.877277 0.473252 0.0801115
f 261/1707/371 498/1708/370 257/1709/372

vt 2.67011 0.888684
f 257/1710/372 498/1441/370 500/1443/266

vn 0.919515 0.387918 0.0633466
vt 2.50613 1.20006
f 501/1445/373 257/1711/372 500/1446/266

vt 3.45318 -0.00855539
vt 2.37861 -0.813047
vt 3.57045 -0.237794
vn 0.922055 0.377208 0.0867697
f 257/1712/372 501/1713/373 253/1714/374

vt 2.88139 1.17626
f 253/1715/374 501/1450/373 503/1452/269

vn 0.952235 0.297441 0.0691141
vt 2.71335 1.49246
f 504/1454/375 253/1716/374 503/1455/269

vt 3.44323 0.499833
vt 2.37375 -0.268544
v 147.252 110.044 -125.85
vt 3.56633 0.273671
vn 0.95663 0.279371 0.0825235
f 253/1717/374 504/1718/375 545/1719/376

vt 3.04466 1.42791
f 545/1720/376 504/1459/375 506/1461/272

vn 0.976111 0.207731 0.0636754
vt 2.87363 1.74875
f 507/1463/377 545/1721/376 506/1464/272

vt 3.3947 1.00643
vt 2.32794 0.264115
vt 3.52249 0.782887
vn 0.980953 0.18249 0.0665464
f 545/1722/376 507/1723/377 244/1724/378

vt 3.15507 1.63913
f 244/1725/378 507/1468/377 509/1470/275

vn 0.991551 0.121091 0.0465089
vt 2.98141 1.96445
f 510/1472/379 244/1726/378 509/1473/275

vt 3.29694 1.502
vt 2.2321 0.776339
v 150.579 99.0984 -132.134
vt 3.42884 1.28086
vn 0.995287 0.0889897 0.0385251
f 244/1727/378 510/1728/379 546/1729/380

vt 3.20827 1.80972
f 546/1730/380 510/1477/379 512/1479/278

vn 0.99907 0.039397 0.0175091
vt 3.03174 2.13938
f 513/1481/381 546/1731/380 512/1482/278

vt 3.13901 1.98058
vt 2.07672 1.26254
vt 3.2751 1.76199
vn 0.999999 0.000864442 -0.00141853
f 546/1732/380 513/1733/381 235/1734/382

vt 3.20034 1.94216
f 235/1735/382 513/1486/381 514/1488/281

vn 0.999089 -0.0359023 -0.0230901
vt 3.0203 2.27595
f 515/1490/383 235/1736/382 514/1491/281

vt 2.90975 2.43828
vt 1.85183 1.71892
v 150.579 88.093 -139.152
vt 3.05084 2.22288
vn 0.995371 -0.0803127 -0.0527818
f 235/1737/382 515/1738/383 547/1739/384

vt 3.12813 2.03988
f 547/1740/384 515/1494/383 517/1496/284

vn 0.991797 -0.103694 -0.074745
vt 2.94362 2.37735
f 518/1498/385 547/1741/384 517/1499/284

vt 2.59839 2.87102
vt 1.54758 2.14116
v 149.322 82.8036 -142.788
vt 2.746 2.66003
vn 0.981502 -0.153302 -0.114683
f 547/1742/384 518/1743/385 548/1744/386

vt 2.98973 2.10575
f 548/1745/386 518/1503/385 520/1505/287

vn 0.977112 -0.163096 -0.13657
vt 2.79973 2.44598
f 521/1507/387 548/1746/386 520/1508/287

vt 2.19591 3.27172
vt 1.15551 2.52176
vt 2.35217 3.06705
f 548/1747/386 521/1748/387 523/1749/291

vt 2.7854 2.14102
f 523/1750/291 521/1512/387 522/1514/289

vt -4.9504 -1.20016
v 144.522 79.0047 -146.214
vt -4.84692 -1.14323
vt -5.0595 -0.966924
f 523/1751/87 549/1752/87 548/1753/87

vt -4.71662 -1.34721
f 523/1751/87 222/1754/87 549/1752/87

vt -4.81179 -1.41716
f 524/1755/87 222/1754/87 523/1751/87

v 138.481 70.6184 -152.825
vt -4.56082 -1.53244
f 524/1755/87 550/1756/87 222/1754/87

vt -4.64604 -1.61421
f 215/1757/87 550/1756/87 524/1755/87

vt -4.38217 -1.69574
f 215/1757/87 214/1758/87 550/1756/87

vt -4.45599 -1.78795
f 211/1759/87 214/1758/87 215/1757/87

vt -4.18373 -1.83434
f 211/1759/87 209/1760/87 214/1758/87

vt -4.24488 -1.93538
f 525/1761/87 209/1760/87 211/1759/87

vt -3.9689 -1.94584
f 525/1761/87 205/1762/87 209/1760/87

v 119.472 59.9328 -163.615
vt -3.74136 -2.02835
f 525/1761/87 551/1763/87 205/1762/87

vt -4.01634 -2.05401
f 526/1764/87 551/1763/87 525/1761/87

vt -3.50499 -2.08046
f 526/1764/87 198/1765/87 551/1763/87

v 107.801 58.3618 -167.057
vt -3.26384 -2.10126
f 526/1764/87 552/1766/87 198/1765/87

f 552/1766/87 526/1764/87 185/1558/87

f 185/1558/87 527/1559/87 552/1766/87

v 101.76 58.5955 -168.172
vt -3.02204 -2.09042
f 552/1766/87 527/1559/87 553/1767/87

v 95.7181 59.5073 -168.854
vt -2.78373 -2.0481
f 553/1767/87 527/1559/87 554/1768/87

vt -2.2768 -1.97597
f 554/1768/87 527/1559/87 528/1769/87

v 89.7799 61.0815 -169.092
vt -2.55298 -1.97504
f 554/1768/87 528/1769/87 555/1770/87

vt -2.0598 -1.83736
f 555/1770/87 528/1769/87 193/1771/87

v 84.0467 63.2913 -168.881
vt -2.33373 -1.87248
f 555/1770/87 193/1771/87 556/1772/87

v 78.6166 66.0988 -168.227
vt -2.12975 -1.74219
f 556/1772/87 193/1771/87 557/1773/87

vt -1.86275 -1.67161
f 557/1773/87 193/1771/87 529/1774/87

v 73.5825 69.4559 -167.139
vt -1.94452 -1.58639
f 557/1773/87 529/1774/87 558/1775/87

vt -1.68901 -1.48155
f 558/1775/87 529/1774/87 530/1776/87

v 69.0305 73.3053 -165.636
vt -1.78122 -1.40774
f 558/1775/87 530/1776/87 559/1777/87

vt -1.54158 -1.27045
f 559/1777/87 530/1776/87 531/1778/87

v 65.0385 77.581 -163.744
vt -1.64262 -1.2093
f 559/1777/87 531/1778/87 560/1779/87

vt -1.42295 -1.04191
f 560/1779/87 531/1778/87 532/1780/87

v 61.6748 82.21 -161.496
vt -1.53112 -0.994472
f 560/1779/87 532/1780/87 561/1781/87

vt -1.33518 -0.799841
f 561/1781/87 532/1780/87 533/1782/87

v 58.997 87.1129 -158.929
vt -1.44861 -0.766927
f 561/1781/87 533/1782/87 562/1783/87

vt -1.27975 -0.548386
f 562/1783/87 533/1782/87 534/1784/87

v 57.0508 92.206 -156.089
vt -1.3965 -0.530558
f 562/1783/87 534/1784/87 563/1785/87

vt -1.25761 -0.291846
f 563/1785/87 534/1784/87 535/1786/87

v 55.8696 97.402 -153.022
vt -1.3757 -0.289411
f 563/1785/87 535/1786/87 564/1787/87

vt -1.26915 -0.0346123
f 564/1787/87 535/1786/87 536/1788/87

vt -1.38654 -0.0476114
f 564/1787/87 536/1788/87 305/1789/87

vt -1.42886 0.190704
f 305/1789/87 536/1788/87 303/1790/87

vt -1.31417 0.218915
f 303/1790/87 536/1788/87 537/1791/87

v 57.0508 112.719 -143.008
vt -1.50192 0.421457
f 303/1790/87 537/1791/87 565/1792/87

vt -1.39189 0.464397
f 565/1792/87 537/1791/87 300/1793/87

v 58.997 117.443 -139.588
vt -1.60448 0.6407
f 565/1792/87 300/1793/87 566/1794/87

vt -1.50099 0.697634
f 566/1794/87 300/1793/87 538/1795/87

v 61.6748 121.838 -136.226
vt -1.73477 0.844681
f 566/1794/87 538/1795/87 567/1796/87

vt -1.6396 0.914635
f 567/1796/87 538/1795/87 296/1797/87

v 65.0385 125.83 -132.977
vt -1.89057 1.02991
f 567/1796/87 296/1797/87 568/1798/87

vt -1.80535 1.11169
f 568/1798/87 296/1797/87 539/1799/87

v 69.0305 129.348 -129.899
vt -2.06922 1.19322
f 568/1798/87 539/1799/87 569/1800/87

vt -1.99541 1.28542
f 569/1800/87 539/1799/87 292/1801/87

v 73.5825 132.335 -127.042
vt -2.26766 1.33181
f 569/1800/87 292/1801/87 570/1802/87

vt -2.20651 1.43286
f 570/1802/87 292/1801/87 290/1803/87

v 78.6166 134.737 -124.457
vt -2.48249 1.44332
f 570/1802/87 290/1803/87 571/1804/87

vt -2.43505 1.55148
f 571/1804/87 290/1803/87 540/1805/87

v 84.0467 136.515 -122.188
vt -2.71003 1.52583
f 571/1804/87 540/1805/87 572/1806/87

vt -2.9464 1.57793
f 572/1806/87 540/1805/87 286/1807/87

vt -2.67712 1.63926
f 286/1807/87 540/1805/87 541/1808/87

vt -3.18755 1.59874
f 286/1807/87 541/1808/87 284/1809/87

vt -3.69587 1.66026
f 544/1810/87 284/1809/87 541/1808/87

vt -3.42935 1.58789
f 544/1810/87 281/1811/87 284/1809/87

vt -3.94136 1.58254
f 278/1812/87 281/1811/87 544/1810/87

vt -3.66766 1.54557
f 278/1812/87 277/1813/87 281/1811/87

vt -4.17459 1.47344
f 273/1814/87 277/1813/87 278/1812/87

vt -3.89842 1.47251
f 273/1814/87 276/1815/87 277/1813/87

vt -4.11766 1.36996
f 273/1814/87 272/1816/87 276/1815/87

vt -4.39159 1.33483
f 269/1817/87 272/1816/87 273/1814/87

v 124.903 130.349 -117.576
vt -4.32164 1.23966
f 269/1817/87 573/1818/87 272/1816/87

vt -4.58865 1.16908
f 265/1819/87 573/1818/87 269/1817/87

vt -4.50687 1.08386
f 265/1819/87 264/1820/87 573/1818/87

vt -4.76238 0.979028
f 261/1821/87 264/1820/87 265/1819/87

vt -4.67018 0.90521
f 261/1821/87 260/1822/87 264/1820/87

vt -4.90982 0.767925
f 257/1823/87 260/1822/87 261/1821/87

vt -4.80877 0.706774
f 257/1823/87 256/1824/87 260/1822/87

vt -5.02844 0.539384
f 253/1825/87 256/1824/87 257/1823/87

v 141.844 114.238 -124.307
vt -4.92028 0.491945
f 253/1825/87 574/1826/87 256/1824/87

vt -5.11622 0.297314
f 545/1827/87 574/1826/87 253/1825/87

v 144.522 109.335 -126.873
vt -5.00279 0.2644
f 545/1827/87 575/1828/87 574/1826/87

vt -5.17165 0.0458587
f 244/1829/87 575/1828/87 545/1827/87

v 146.468 104.242 -129.714
vt -5.05489 0.0280314
f 244/1829/87 576/1830/87 575/1828/87

vt -5.19378 -0.210681
f 546/1831/87 576/1830/87 244/1829/87

vt -5.0757 -0.213116
f 546/1831/87 242/1832/87 576/1830/87

vt -5.06485 -0.454916
f 546/1831/87 238/1833/87 242/1832/87

vt -5.18224 -0.467915
f 235/1834/87 238/1833/87 546/1831/87

v 147.65 88.7009 -139.377
vt -5.02253 -0.693231
f 235/1834/87 577/1835/87 238/1833/87

vt -5.13722 -0.721442
f 547/1836/87 577/1835/87 235/1834/87

v 146.468 83.7288 -142.795
vt -4.94947 -0.923984
f 547/1836/87 578/1837/87 577/1835/87

f 548/1753/87 578/1837/87 547/1836/87

f 548/1753/87 549/1752/87 578/1837/87

vt -2.40907 3.11146
vn -0.958018 0.224226 0.178673
v 146.748 65.8078 -115.305
vt -1.19712 2.57328
vn -0.97684 0.168624 0.131714
vt -2.26254 3.30411
vn -0.981319 0.157314 0.110753
f 549/1838/388 579/1839/389 578/1840/390

vt -1.60114 1.69157
vt -2.81975 2.2145
v 146.261 63.3406 -116.98
vt -1.66891 1.5938
vn -0.98077 0.141664 0.134242
f 579/1841/389 549/1842/388 580/1843/391

vt -2.62912 2.55867
v 145.592 60.9557 -118.641
vt -1.54966 1.83761
vn -0.95442 0.222428 0.199018
vt -1.48104 1.93289
f 549/1844/388 581/1845/392 580/1846/391

vt -1.95219 3.49758
vn -0.942431 0.248459 0.223814
vt -0.741629 2.92427
vt -1.79558 3.68213
f 222/1847/393 581/1848/392 549/1849/388

vt -1.3461 1.70467
vt -2.57039 2.24805
v 144.922 58.5707 -120.302
vt -1.41522 1.60976
vn -0.97235 0.146036 0.182233
f 581/1850/392 222/1851/393 582/1852/394

vt 2.05248 5.86888
vn -0.382213 0.792897 0.474581
v 141.844 57.5729 -121.114
vt 2.75535 4.76815
vt 2.8698 4.83262
f 222/1853/395 583/1854/395 582/1855/395

vt -1.83756 4.07932
vn -0.834431 0.472883 0.283029
vt -0.612705 3.49643
vt -1.67391 4.25765
f 550/1856/396 583/1857/396 222/1858/396

vt 2.23724 5.18641
vn -0.375069 0.84262 0.386412
vt 1.27266 6.14016
vn -0.351253 0.851155 0.390072
v 138.766 56.5751 -121.926
vt 2.12801 5.11347
f 583/1859/397 550/1860/398 584/1861/398

vt 1.7689 6.11512
v 135.53 55.6954 -122.696
vt 2.43804 4.96707
vn -0.327207 0.859135 0.393476
vt 2.55535 5.03475
f 550/1862/398 585/1863/399 584/1864/398

vt -2.09017 4.75757
vn -0.739337 0.629371 0.239319
vt -0.833659 4.17981
vt -1.92645 4.93584
f 214/1865/400 585/1866/400 550/1867/400

vt 1.91888 5.29749
vn -0.318308 0.893482 0.316813
vt 0.963295 6.29722
vn -0.29389 0.900309 0.321049
v 132.295 54.8157 -123.465
vt 1.80755 5.22037
f 585/1868/401 214/1869/402 586/1870/402

vt 1.58274 6.24265
v 128.92 54.0692 -124.179
vt 2.21065 5.02734
vn -0.269278 0.906541 0.325074
vt 2.33092 5.09697
f 214/1871/402 587/1872/403 586/1873/402

vt -2.25362 5.23863
vn -0.622489 0.756283 0.201353
vt -0.970566 4.63421
vt -2.09147 5.41833
f 209/1874/404 587/1875/404 214/1876/404

vt 1.7195 5.28429
vn -0.260955 0.929068 0.262173
vt 0.787434 6.3533
vn -0.325756 0.914942 0.238251
v 125.544 53.3226 -124.893
vt 1.60548 5.20483
vn -0.236322 0.934265 0.267024
f 587/1877/405 209/1878/406 588/1879/407

vt 1.56488 6.25782
v 122.048 52.7219 -125.54
vt 2.1233 4.95538
vn -0.307406 0.924497 0.225402
vt 2.24753 5.02406
f 209/1880/406 589/1881/408 588/1882/407

vt -2.26164 5.5605
vn -0.309013 0.929822 0.199854
vt -0.968933 4.88674
vt -2.09992 5.7406
f 205/1883/409 589/1884/408 209/1885/406

vt 1.69932 5.15624
vt 0.827937 6.32488
v 118.552 52.1213 -126.186
vt 1.58078 5.07814
vn -0.180309 0.956731 0.228372
f 589/1886/408 205/1887/409 590/1888/410

vt 1.80777 6.15098
v 114.957 51.6768 -126.753
vt 2.23647 4.74374
vn -0.225837 0.953706 0.198604
vt 2.36666 4.80607
f 205/1889/409 591/1890/411 590/1891/410

vt -1.97961 5.80959
vn -0.21644 0.958904 0.183456
vt -0.720821 4.99794
vt -1.81217 5.98438
f 551/1892/412 591/1893/411 205/1894/409

vt 1.92727 4.89867
vt 1.18962 6.20221
v 111.363 51.2324 -127.321
vt 1.80113 4.82849
vn -0.126452 0.970678 0.204435
f 591/1895/411 551/1896/412 592/1897/413

vt 2.39835 5.86401
v 107.692 50.9517 -127.799
vt 2.59503 4.35084
vn -0.147718 0.971251 0.186682
vt 2.73333 4.39812
f 551/1898/412 593/1899/414 592/1900/413

vt -1.08598 6.05799
vn -0.127648 0.975056 0.181579
vt 0.0180121 4.99021
vt -0.898057 6.21054
f 198/1901/415 593/1902/414 551/1903/412

vt 2.43765 4.45066
vt 1.95389 5.90837
v 104.021 50.671 -128.278
vt 2.30108 4.3986
vn -0.0746495 0.978111 0.194233
f 593/1904/414 198/1905/415 594/1906/416

vt 3.30672 5.28566
v 100.299 50.5589 -128.66
vt 3.14458 3.71523
vn -0.0726943 0.97934 0.188704
vt 3.2904 3.73656
f 198/1907/415 595/1908/417 594/1909/416

vt 1.07176 5.9995
vn -0.0560201 0.980207 0.189883
vt 1.67564 4.54961
vt 1.29902 6.0828
f 552/1910/418 595/1911/417 198/1912/415

vt 3.11356 3.7446
vt 3.02149 5.31252
v 96.5774 50.4468 -129.042
vt 2.96792 3.72207
vn -0.0326574 0.980363 0.194477
f 595/1913/417 552/1914/418 596/1915/419

vt 4.00733 4.44987
vn 0.0581963 0.972239 0.226639
v 86.8446 50.5637 -129.599
vt 3.41976 2.89883
vn 0.0383796 0.975216 0.217901
v 71.9295 42.5319 -91.0265
vt 2.83219 1.34779
vn 0.0191977 0.976979 0.212471
v 85.3537 42.5319 -91.0265
vt 3.3607 1.34766
vn -0.0163208 0.9795 0.200781
vt 3.80294 2.87632
vt 4.24517 4.40498
f 553/1916/420 597/1917/421 598/1918/422 599/1919/423 596/1920/419 552/1921/418 

vt 4.97048 3.34429
v 83.6561 50.7917 -129.77
vt 3.90518 2.02014
vn 0.0770964 0.968571 0.236487
vt 4.02513 1.98147
f 553/1922/420 600/1923/424 597/1924/421

vt 5.28393 2.53144
vn 0.130639 0.95644 0.261068
vt 4.20308 1.28937
vt 5.48813 2.4015
f 554/1925/425 600/1926/424 553/1927/420

vt 3.88106 2.06526
vt 4.70595 3.49023
v 80.4677 51.0196 -129.94
vt 3.76067 2.10253
vn 0.0858366 0.965889 0.244316
f 600/1928/424 554/1929/425 601/1930/426

vt 5.25247 2.59668
v 77.3052 51.4132 -130
vt 3.96284 1.45481
vn 0.154071 0.948394 0.277148
vt 4.07539 1.39929
f 554/1931/425 602/1932/427 601/1933/426

vt 5.50235 1.5717
vn 0.211086 0.927836 0.307512
vt 4.17492 0.575352
vt 5.68198 1.40947
f 555/1934/428 602/1935/427 554/1936/425

vt 3.92217 1.56175
vt 4.96818 2.85042
v 74.1426 51.8067 -130.059
vt 3.80817 1.61421
vn 0.130239 0.951624 0.278299
f 602/1937/427 555/1938/428 603/1939/429

vt 5.17363 2.45746
v 70.4719 52.3592 -130.006
vt 3.79201 1.38288
vn 0.214187 0.921937 0.322733
vt 3.92135 1.31482
f 555/1940/428 604/1941/430 603/1942/429

vt 5.44531 1.25776
vn 0.288527 0.885018 0.365371
vt 4.00302 0.401532
vt 5.61451 1.08469
f 556/1943/431 604/1944/430 555/1945/428

vt 3.73246 1.53631
vt 4.86046 2.77765
v 66.8013 52.9116 -129.954
vt 3.60045 1.59904
vn 0.170538 0.930662 0.323704
f 604/1946/430 556/1947/431 605/1948/432

vt 5.09244 2.3256
v 63.2064 53.6135 -129.79
vt 3.60559 1.33756
vn 0.284272 0.878479 0.384011
vt 3.73089 1.26591
f 556/1949/431 606/1950/433 605/1951/432

vt 5.31607 1.27013
vn 0.299864 0.864784 0.402779
vt 3.80324 0.488498
vt 5.48249 1.09437
f 557/1952/434 606/1953/433 556/1954/431

vt 3.53889 1.50171
vt 4.77616 2.67166
v 59.6115 54.3154 -129.627
vt 3.41039 1.56748
vn 0.218913 0.897908 0.381887
f 606/1955/433 557/1956/434 607/1957/435

vt 4.95155 2.33233
v 56.1156 55.1546 -129.355
vt 3.39042 1.39671
vn 0.243516 0.887649 0.390869
vt 3.5129 1.32496
f 557/1958/434 608/1959/436 607/1960/435

vt 5.1662 1.40376
vn 0.551581 0.66313 0.505981
vt 3.60513 0.651539
vt 5.33174 1.22718
f 558/1961/437 608/1962/437 557/1963/437

vt 3.31749 1.549
vn 0.241886 0.86517 0.439286
vt 4.6374 2.67176
vn 0.266319 0.853181 0.448504
v 52.6197 55.9939 -129.083
vt 3.19176 1.61489
f 608/1964/438 558/1965/439 609/1966/439

vt 4.77947 2.41109
v 49.2443 56.9563 -128.707
vt 3.15935 1.50285
vn 0.290533 0.840488 0.457352
vt 3.27945 1.43293
f 558/1967/439 610/1968/440 609/1969/439

vt 5.00825 1.56816
vn 0.631876 0.524417 0.570719
vt 3.40716 0.812211
vt 5.17228 1.39017
f 559/1970/441 610/1971/441 558/1972/441

vt 3.08104 1.62791
vn 0.287717 0.809133 0.51237
vt 4.47213 2.72327
vn 0.311446 0.794629 0.52112
v 45.8689 57.9186 -128.331
vt 2.95793 1.69239
f 610/1973/442 559/1974/443 611/1975/443

vt 4.59235 2.51749
v 42.6336 58.9875 -127.858
vt 2.91896 1.61769
vn 0.334911 0.779449 0.529428
vt 3.03656 1.55052
f 559/1976/443 612/1977/444 611/1978/443

vt 4.84854 1.71591
vn 0.690292 0.369181 0.622256
vt 3.20854 0.928245
vt 5.00909 1.53478
f 560/1979/445 612/1980/445 559/1981/445

vt 2.83664 1.70557
vn 0.329901 0.738177 0.588438
vt 4.29696 2.79069
vn 0.35249 0.721292 0.596229
v 39.3982 60.0565 -127.385
vt 2.71642 1.76796
f 612/1982/446 560/1983/447 613/1984/447

vt 4.40127 2.62319
v 36.3199 61.2137 -126.823
vt 2.67392 1.71613
vn 0.374777 0.703788 0.60351
vt 2.78855 1.652
f 560/1985/447 614/1986/448 613/1987/447

vt 4.69218 1.82771
vn 0.725173 0.208163 0.656348
vt 3.01025 0.982569
vt 4.84668 1.64138
f 561/1988/449 614/1989/449 560/1990/449

vt 2.58927 1.76145
vn 0.366439 0.652632 0.663169
vt 4.12318 2.85245
v 33.2416 62.371 -126.261
vt 2.47249 1.82158
f 614/1991/450 561/1992/450 615/1993/450

vt 4.79151 1.57151
vn 0.81788 -0.297963 0.49223
v 33.277 64.8828 -124.799
vt 2.97714 0.856876
vt 3.02573 0.753277
f 561/1994/451 616/1995/451 615/1996/451

vt 4.58569 1.91549
vn 0.767603 0.0868356 0.635016
vt 2.9049 1.03697
vt 4.73075 1.72173
f 562/1997/452 616/1998/452 561/1999/452

vt 2.98617 0.906998
vn 0.84542 -0.27748 0.456366
vt 4.6496 1.81797
vn 0.84454 -0.302477 0.441882
v 33.3123 67.3947 -123.338
vt 2.93619 1.00993
f 616/2000/453 562/2001/454 617/2002/454

vt 4.64463 1.83481
v 33.5306 69.9541 -121.807
vt 2.88779 1.11991
vn 0.842954 -0.327222 0.427029
vt 2.93766 1.01327
f 562/2003/454 618/2004/455 617/2005/454

vt 4.50159 2.05523
vn 0.824686 -0.000339301 0.56559
vt 2.86481 1.17917
vt 4.63716 1.85472
f 563/2006/456 618/2007/456 562/2008/456

vt 2.88448 1.16462
vn 0.865844 -0.309082 0.393425
vt 4.49631 2.08578
vn 0.871656 -0.255194 0.41844
v 33.7489 72.5136 -120.277
vt 2.83318 1.27057
vn 0.863394 -0.334053 0.3781
f 618/2009/457 563/2010/458 619/2011/459

vt 4.48283 2.11531
v 34.1584 75.0987 -118.69
vt 2.77602 1.39377
vn 0.877346 -0.267123 0.398634
vt 2.82733 1.28473
f 563/2012/458 620/2013/460 619/2014/459

vt 4.38815 2.25509
vn 0.886186 -0.255797 0.386319
vt 2.79093 1.37331
vt 4.51614 2.04966
f 564/2015/461 620/2016/460 563/2017/458

vt 2.76344 1.4324
vt 4.33017 2.36728
v 34.568 77.6839 -117.104
vt 2.71072 1.54076
vn 0.874302 -0.368021 0.316475
f 620/2018/460 564/2019/461 621/2020/462

vt 4.30731 2.40825
v 35.1738 80.2725 -115.473
vt 2.64404 1.67503
vn 0.887665 -0.321372 0.329804
vt 2.69692 1.56422
f 564/2021/461 622/2022/463 621/2023/462

vt 4.24537 2.50818
vn 0.893351 -0.321055 0.314399
vt 2.68471 1.61309
vt 4.36787 2.29942
f 305/2024/464 622/2025/463 564/2026/461

vt 2.62603 1.70687
vt 4.15338 2.65768
v 35.7796 82.8612 -113.843
vt 2.57186 1.81705
vn 0.877305 -0.404347 0.258532
f 622/2027/463 305/2028/464 623/2029/465

vt 4.1203 2.70842
v 36.5834 85.4311 -112.184
vt 2.49504 1.95983
vn 0.887512 -0.377727 0.263902
vt 2.54953 1.84786
f 305/2030/464 624/2031/466 623/2032/465

vt 4.07338 2.80495
vn 0.888413 -0.387961 0.245374
vt 2.54785 1.88922
vt 4.19247 2.59424
f 303/2033/467 624/2034/466 305/2035/464

vt 2.47592 1.98413
vt 3.96905 2.95179
v 37.3872 88.001 -110.524
vt 2.42034 2.09557
vn 0.872637 -0.442981 0.205601
f 624/2036/466 303/2037/467 625/2038/468

vt 3.92494 3.01034
v 38.3874 90.5302 -108.85
vt 2.33295 2.24402
vn 0.876973 -0.435805 0.202465
vt 2.38898 2.13145
f 303/2039/467 626/2040/469 625/2041/468

vt 3.8722 3.13355
vn 0.871453 -0.455902 0.180894
vt 2.38201 2.18969
vt 3.9899 2.92205
f 565/2042/470 626/2043/469 303/2044/467

vt 2.31727 2.25994
vt 3.78113 3.24415
v 39.3875 93.0594 -107.175
vt 2.26047 2.37213
vn 0.860631 -0.483843 0.158776
f 626/2045/469 565/2046/470 627/2047/471

vt 3.7252 3.30835
v 40.5788 95.5265 -105.5
vt 2.16221 2.52326
vn 0.856312 -0.495152 0.146813
vt 2.21958 2.4106
f 565/2048/470 628/2049/472 627/2050/471

vt 3.64132 3.48051
vn 0.842775 -0.52417 0.122377
vt 2.18842 2.50045
vt 3.75947 3.26926
f 566/2051/473 628/2052/472 565/2053/470

vt 2.15466 2.5298
vt 3.59442 3.52907
v 41.7702 97.9937 -103.825
vt 2.09695 2.64229
vn 0.841638 -0.526785 0.11892
f 628/2054/472 566/2055/473 629/2056/474

vt 3.52588 3.59673
v 43.1445 100.379 -102.165
vt 1.98772 2.7931
vn 0.825905 -0.555222 0.0980279
vt 2.04607 2.68079
f 566/2057/473 630/2058/475 629/2059/474

vt 3.37886 3.83176
vn 0.802841 -0.591953 0.0709741
vt 1.96724 2.80626
vt 3.49915 3.62173
f 567/2060/476 630/2061/475 566/2062/473

vt 1.99308 2.78897
vt 3.41464 3.80064
v 44.5187 102.764 -100.504
vt 1.93496 2.90141
vn 0.815972 -0.571556 0.0866833
f 630/2063/475 567/2064/476 631/2065/477

vt 3.33271 3.86962
v 46.0645 105.048 -98.8715
vt 1.8148 3.04899
vn 0.78619 -0.615356 0.0569477
vt 1.87361 2.93737
f 567/2066/476 632/2067/478 631/2068/477

vt 3.08019 4.17374
vn 0.75224 -0.658312 0.0275552
vt 1.71663 3.09154
vt 3.20424 3.96591
f 568/2069/479 632/2070/478 567/2071/476

vt 1.83809 3.0325
vt 3.24867 4.05265
v 47.6102 107.331 -97.2392
vt 1.78022 3.14462
vn 0.783889 -0.617745 0.0625292
f 632/2072/478 568/2073/479 633/2074/480

vt 3.15261 4.12098
v 49.313 109.497 -95.6494
vt 1.64936 3.28627
vn 0.73766 -0.674739 0.0241749
vt 1.70793 3.17558
f 568/2075/479 634/2076/481 633/2077/480

vt 2.73539 4.49446
vn 0.721153 -0.69264 0.0137116
vt 1.43107 3.34105
vt 2.86494 4.29
f 569/2078/482 634/2079/481 568/2080/479

vt 1.69607 3.25524
vt 3.10483 4.27845
v 51.0159 111.663 -94.0595
vt 1.63932 3.36688
vn 0.76112 -0.645438 0.0640791
f 634/2081/481 569/2082/482 635/2083/483

vt -0.311498 5.04923
vn 0.257353 -0.911621 -0.320493
v 54.5497 112.41 -93.3455
vt -0.768007 3.42678
vt -0.641925 3.35527
f 569/2084/484 636/2085/484 635/2086/484

vt 2.10383 4.92666
vn 0.599194 -0.790176 -0.128792
vt 0.964273 3.64672
vt 2.25143 4.73482
f 570/2087/485 636/2088/485 569/2089/485

vt -0.927832 3.45768
vn 0.263674 -0.888201 -0.376264
vt -0.780137 5.16503
vn 0.337541 -0.874738 -0.347706
v 58.0835 113.156 -92.6314
vt -1.0579 3.52166
vn 0.240408 -0.88989 -0.387685
f 636/2090/486 570/2091/487 637/2092/488

vt -1.21885 5.05555
v 61.7378 113.757 -91.9852
vt -1.46879 3.44468
vn 0.374199 -0.865746 -0.332353
vt -1.33025 3.3926
f 570/2093/487 638/2094/489 637/2095/488

vt 1.03192 5.38668
vn 0.520277 -0.814735 -0.255966
vt 0.178146 3.96214
vt 1.21072 5.22355
f 571/2096/490 638/2097/489 570/2098/487

vt -1.55614 3.46602
vn 0.221361 -0.867515 -0.445441
vt -1.58229 5.12661
vn 0.275083 -0.860044 -0.429713
v 65.3922 114.358 -91.339
vt -1.6963 3.51356
vn 0.197302 -0.868134 -0.455429
f 638/2099/491 571/2100/492 639/2101/493

vt -1.96843 4.963
v 69.1455 114.802 -90.7717
vt -2.08158 3.38153
vn 0.26034 -0.854563 -0.449382
vt -1.9353 3.34627
f 571/2102/492 640/2103/494 639/2104/493

vt -0.221686 5.60409
vn 0.263471 -0.843919 -0.467316
vt -0.770101 4.08619
vt -0.013989 5.4798
f 572/2105/495 640/2106/494 571/2107/492

vt -2.12262 3.40568
vt -2.26651 5.01319
v 72.8988 115.247 -90.2043
vt -2.26945 3.43859
vn 0.15151 -0.846619 -0.510178
f 640/2108/494 572/2109/495 641/2110/496

vt -2.6002 4.81481
v 76.7279 115.527 -89.7256
vt -2.62403 3.26606
vn 0.191712 -0.837815 -0.511187
vt -2.47312 3.24534
f 572/2111/495 642/2112/497 641/2113/496

vt -1.5027 5.52228
vn 0.181832 -0.829841 -0.527543
vt -1.75716 3.97197
vt -1.27381 5.44356
f 286/2114/498 642/2115/497 572/2116/495

vt -2.6392 3.29331
vt -2.86244 4.84843
v 80.557 115.808 -89.2469
vt -2.79025 3.31305
vn 0.103843 -0.827692 -0.551492
f 642/2117/497 286/2118/498 643/2119/499

vt -3.14926 4.6258
v 84.4374 115.92 -88.865
vt -3.11388 3.10819
vn 0.139371 -0.825419 -0.547046
vt -2.96051 3.10036
f 286/2120/498 644/2121/500 643/2122/499

vt -2.67408 5.1687
vn 0.199442 -0.821533 -0.534141
vt -2.66952 3.63811
vt -2.43402 5.13775
f 284/2123/501 644/2124/500 286/2125/498

vt -3.1169 3.13297
vn 0.0800512 -0.814786 -0.574209
vt -3.39434 4.63822
v 88.3177 116.032 -88.4831
vt -3.27028 3.14059
f 644/2126/502 284/2127/502 645/2128/502

f 644/2126/502 284/2127/502 645/2128/502

vt -3.64006 4.39561
vn 0.0524784 -0.811711 -0.581697
v 92.2239 115.974 -88.2045
vt -3.56337 2.90675
vn 0.0449936 -0.810117 -0.584539
vt -3.40922 2.91068
vn 0.0295151 -0.811233 -0.583978
f 284/2129/503 646/2130/504 645/2131/505

vt -3.6623 4.60494
vn 0.00781665 -0.806341 -0.591399
vt -3.43962 3.12997
vt -3.42077 4.62069
f 281/2132/506 646/2133/504 284/2134/503

vt -3.5629 2.9197
vt -3.87897 4.37751
v 96.1301 115.915 -87.9259
vt -3.71704 2.91581
vn 0.004618 -0.804829 -0.593489
f 646/2135/504 281/2136/506 647/2137/507

vt -4.08758 4.11509
v 100.036 115.687 -87.7554
vt -3.97881 2.65298
vn -0.0317939 -0.802906 -0.595257
vt -3.82535 2.66802
f 281/2138/506 648/2139/508 647/2140/507

vt -4.43912 3.88001
vn -0.0832198 -0.80035 -0.593729
vt -4.0322 2.48392
vt -4.20461 3.9399
f 277/2141/509 648/2142/508 281/2143/506

vt -3.97979 2.64063
vt -4.32635 4.05291
v 103.942 115.459 -87.5848
vt -4.13323 2.62549
vn -0.0466294 -0.803284 -0.593768
f 648/2144/508 277/2145/509 649/2146/510

vt -4.49916 3.7682
v 107.823 115.066 -87.5254
vt -4.36073 2.33138
vn -0.110526 -0.801447 -0.587765
vt -4.20935 2.35723
f 277/2147/509 650/2148/511 649/2149/510

vt -4.98377 3.02286
vn -0.176316 -0.798994 -0.574909
vt -4.41488 1.72297
vt -4.76371 3.12366
f 276/2150/512 650/2151/511 277/2152/509

vt -4.36455 2.27441
vt -4.7401 3.64273
v 111.703 114.672 -87.4659
vt -4.51581 2.24788
vn -0.0988579 -0.809046 -0.579372
f 650/2153/511 276/2154/512 651/2155/513

vt -4.87502 3.33165
v 115.532 114.12 -87.5184
vt -4.70292 1.91885
vn -0.190744 -0.805702 -0.560768
vt -4.55509 1.95558
f 276/2156/512 652/2157/514 651/2158/513

vt -5.25969 2.06316
vn -0.270298 -0.801562 -0.533327
vt -4.54108 0.875969
vt -5.0607 2.20097
f 272/2159/515 652/2160/514 276/2161/512

vt -4.70585 1.78942
vt -5.11619 3.11511
v 119.361 113.567 -87.5709
vt -4.85324 1.75095
vn -0.151768 -0.821856 -0.549107
f 652/2162/514 272/2163/515 653/2164/516

vt -5.2066 2.77345
v 123.115 112.865 -87.7346
vt -4.98941 1.38349
vn -0.271168 -0.81465 -0.512653
vt -4.84683 1.43157
f 272/2165/515 654/2166/517 653/2167/516

vt -5.21712 1.06227
vn -0.288309 -0.81951 -0.495259
vt -4.35579 0.00530474
vt -5.04456 1.23199
f 573/2168/518 654/2169/517 272/2170/515

vt -4.97784 1.1423
vt -5.43815 2.42572
v 126.868 112.164 -87.8983
vt -5.11921 1.09077
vn -0.204586 -0.840595 -0.501543
f 654/2171/517 573/2172/518 655/2173/519

vt -5.47126 2.05213
v 130.522 111.324 -88.1703
vt -5.18782 0.684678
vn -0.229181 -0.836646 -0.497494
vt -5.05267 0.745003
f 573/2174/518 656/2175/520 655/2176/519

vt -4.82519 0.131421
vn -0.569715 -0.735394 -0.366906
vt -3.82833 -0.778861
vt -4.68186 0.326467
f 264/2177/521 656/2178/521 573/2179/521

vt -5.12715 0.280058
vn -0.23195 -0.867008 -0.441017
vt -5.66558 1.51797
vn -0.255806 -0.863068 -0.435518
v 134.177 110.485 -88.4423
vt -5.25947 0.213746
f 656/2180/522 264/2181/523 657/2182/523

vt -5.62129 1.12064
v 137.711 109.523 -88.818
vt -5.23721 -0.220969
vn -0.279504 -0.858598 -0.429752
vt -5.11252 -0.147064
f 264/2183/523 658/2184/524 657/2185/523

vt -4.11764 -0.59424
vn -0.671724 -0.702189 -0.236044
vt -2.99529 -1.34737
vt -4.00241 -0.381386
f 260/2186/525 658/2187/525 264/2188/525

vt -5.05068 -0.842831
vn -0.280582 -0.890537 -0.358074
vt -5.71208 0.335913
v 141.244 108.56 -89.1936
vt -5.16931 -0.926117
f 658/2189/526 260/2190/526 659/2191/526

vt -2.42534 0.891547
vn -0.84925 -0.522451 -0.0762878
v 142.242 106.205 -90.4867
vt -1.25245 0.165198
vn -0.878553 -0.473362 -0.0638255
vt -1.20213 0.266194
vn -0.917957 -0.396447 0.0135676
f 260/2192/527 660/2193/528 659/2194/529

vt -3.67504 -0.626653
vn -0.877727 -0.469871 -0.0938972
vt -2.49167 -1.2709
vt -3.56895 -0.409098
f 256/2195/530 660/2196/528 260/2197/527

vt -1.56717 0.359753
vt -2.80291 0.89675
v 143.24 103.85 -91.7798
vt -1.61967 0.259871
vn -0.937822 -0.346265 -0.0243115
f 660/2198/528 256/2199/530 661/2200/531

vt -2.63565 1.20355
v 144.081 101.407 -93.162
vt -1.50038 0.477899
vn -0.919582 -0.385728 -0.0747181
vt -1.44562 0.579448
f 256/2201/530 662/2202/532 661/2203/531

vt -3.66052 -0.159714
vn -0.92206 -0.375012 -0.0957699
vt -2.47222 -0.75502
vt -3.54888 0.0550462
f 574/2204/533 662/2205/532 256/2206/530

vt -1.75974 0.647812
vt -2.97895 1.17693
v 144.922 98.9634 -94.5443
vt -1.81595 0.547055
vn -0.961822 -0.270807 -0.0395199
f 662/2207/532 574/2208/533 663/2209/534

vt -2.80943 1.48969
v 145.592 96.4515 -96.006
vt -1.69938 0.76763
vn -0.952029 -0.296367 -0.0762041
vt -1.64117 0.869603
f 574/2210/533 664/2211/535 663/2212/534

vt -3.62528 0.325314
vn -0.95647 -0.278346 -0.0876809
vt -2.43164 -0.232456
vt -3.50897 0.537577
f 575/2213/536 664/2214/535 574/2215/533

vt -1.90229 0.903753
vt -3.11264 1.42425
v 146.261 93.9396 -97.4678
vt -1.96135 0.802273
vn -0.979394 -0.196849 -0.0451465
f 664/2216/535 575/2217/536 665/2218/537

vt -2.94155 1.74281
v 146.748 91.3802 -98.9981
vt -1.84731 1.02559
vn -0.975893 -0.207553 -0.0674847
vt -1.7865 1.12783
f 575/2219/536 666/2220/538 665/2221/537

vt -3.55869 0.816178
vn -0.980821 -0.182294 -0.0689871
vt -2.35969 0.2858
vt -3.43837 1.0262
f 576/2222/539 666/2223/538 575/2224/536

vt -1.99308 1.1233
vt -3.19983 1.6358
v 147.234 88.8208 -100.528
vt -2.05432 1.02131
vn -0.991178 -0.126151 -0.0406495
f 666/2225/538 576/2226/539 667/2227/540

vt -3.02729 1.95992
v 147.53 86.2356 -102.115
vt -1.94216 1.24759
vn -0.991444 -0.121323 -0.0481693
vt -1.87941 1.34985
f 576/2228/539 668/2229/541 667/2230/540

vt -3.45074 1.30366
vn -0.995246 -0.089033 -0.0394753
vt -2.24685 0.791216
vt -3.32671 1.51152
f 242/2231/542 668/2232/541 576/2233/539

vt -2.03016 1.30562
vt -3.23663 1.81196
v 147.825 83.6504 -103.702
vt -2.09306 1.20344
vn -0.997861 -0.0600742 -0.0257938
f 668/2234/541 242/2235/542 669/2236/543

vt -3.06229 2.14135
v 147.924 81.0618 -105.332
vt -1.98182 1.43296
vn -0.999059 -0.0393736 -0.0182135
vt -1.91761 1.53493
f 242/2237/542 670/2238/544 669/2239/543

vt -3.29155 1.78144
vn -1 -0.000399611 0.000696686
vt -2.08371 1.27767
vt -3.16362 1.98691
f 238/2240/545 670/2241/544 242/2242/542

vt -2.01134 1.45199
vt -3.21945 1.95511
v 148.023 78.4731 -106.962
vt -2.07556 1.35003
vn -1 0.000387286 -0.000579483
f 670/2243/544 238/2244/545 671/2245/546

vt -3.0426 2.28943
v 147.924 75.9032 -108.621
vt -1.9641 1.58312
vn -0.999072 0.0369423 0.0221386
vt -1.89872 1.68434
f 238/2246/545 672/2247/547 671/2248/546

vt -3.07122 2.24514
vn -0.995315 0.0821155 0.0510422
vt -1.86064 1.7405
vt -2.9386 2.44762
f 577/2249/548 672/2250/547 238/2251/545

vt -1.93445 1.56437
vt -3.14529 2.06839
v 147.825 73.3333 -110.281
vt -1.99985 1.46316
vn -0.997906 0.0545132 0.0348007
f 672/2252/547 577/2253/548 673/2254/549

vt -2.96494 2.40708
v 147.53 70.8041 -111.956
vt -1.88693 1.70003
vn -0.991668 0.10656 0.0723784
vt -1.82051 1.79995
f 577/2255/548 674/2256/550 673/2257/549

vt -2.77999 2.69055
vt -1.56803 2.17481
vt -2.64135 2.88896
f 578/2258/390 674/2259/550 577/2260/548

vt -1.79786 1.64422
vt -3.01215 2.15443
v 147.234 68.275 -113.63
vt -1.8644 1.54437
vn -0.991591 0.101757 0.0799556
f 674/2261/550 578/2262/390 675/2263/551

vt -2.82719 2.49659
vt -1.74884 1.78498
vt -1.68136 1.88295
f 578/2264/390 579/2265/389 675/2266/551

vn -0.993805 0.0746286 0.0823556
v 148 52.8211 -84.4653
vt -0.535526 1.26931
vn -0.997727 0.0439326 0.0510957
f 579/2265/552 676/2267/553 675/2266/551

vt -0.911306 0.385151
vt -2.12643 0.896544
v 148 47.6765 -87.7459
vt -1.0404 0.182566
vn -0.99428 0.0562493 0.0907941
f 676/2268/553 579/2269/552 677/2270/554

vt -0.518076 0.9731
f 677/2271/554 579/1841/552 580/1843/391

vn -0.986964 0.0928267 0.131474
vt -0.332959 1.30711
f 581/1845/555 677/2272/554 580/1846/391

vt -0.86933 0.0727688
vt -2.08919 0.595966
vt -0.998247 -0.129928
vn -0.991018 0.0538966 0.122388
f 677/2273/554 581/2274/555 25/2275/556

vt -0.260057 0.971466
f 25/2276/556 581/1850/555 582/1852/394

vt 3.68711 3.79636
f 583/1854/395 25/2277/395 582/1855/395

vt 5.82677 1.25801
vn -5.34458e-17 0.894459 0.44715
vt 5.58441 2.58232
v 139.051 42.5319 -91.0265
vt 5.47443 1.25801
f 25/2278/557 583/2279/557 678/2280/557

vt 2.98336 4.08677
vn -0.237563 0.888031 0.393656
f 678/2281/558 583/1859/397 584/1861/398

vn -0.217914 0.903378 0.369352
vt 3.3418 3.95437
f 585/1863/559 678/2282/558 584/1864/398

vt 5.47443 1.29097
vt 5.33584 2.6412
v 130.101 42.5319 -91.0265
vt 5.12209 1.29097
vn -0.148611 0.927673 0.342546
f 678/2283/558 585/2284/559 679/2285/560

vt 2.6518 4.14352
f 679/2286/560 585/1868/559 586/1870/402

vn -0.178248 0.934571 0.307903
vt 3.07911 3.95128
f 587/1872/561 679/2287/560 586/1873/402

vt 5.12209 1.31401
vt 5.07557 2.69602
v 121.152 42.5319 -91.0265
vt 4.76975 1.31401
vn -0.11902 0.950023 0.288603
f 679/2288/560 587/2289/561 680/2290/562

vt 2.42354 4.05635
f 680/2291/562 587/1877/561 588/1879/407

vn -0.139558 0.955302 0.260619
vt 2.93018 3.79029
f 589/1881/563 680/2292/562 588/1882/407

vt 4.76975 1.32931
vt 4.80505 2.74609
v 112.202 42.5319 -91.0265
vt 4.41741 1.32931
vn -0.0905326 0.964508 0.248049
f 680/2293/562 589/2294/563 681/2295/564

vt 2.33363 3.83141
f 681/2296/564 589/1886/563 590/1888/410

vn -0.102487 0.96841 0.22733
vt 2.92555 3.46117
f 591/1890/565 681/2297/564 590/1891/410

vt 4.41741 1.33896
vt 4.52588 2.79087
v 103.253 42.5319 -91.0265
vt 4.06506 1.33896
vn -0.063353 0.97333 0.220488
f 681/2298/564 591/2299/565 682/2300/566

vt 2.41264 3.45478
f 682/2301/566 591/1895/565 592/1897/413

vn -0.0670737 0.975973 0.207311
vt 3.0683 2.93224
f 593/1899/567 682/2302/566 592/1900/413

vt 4.06506 1.34464
vt 4.23984 2.82985
v 94.3032 42.5319 -91.0265
vt 3.71272 1.34464
vn -0.0373475 0.978002 0.205224
f 682/2303/566 593/2304/567 683/2305/568

vt 2.64826 2.88882
f 683/2306/568 593/1904/567 594/1906/416

vn -0.0330279 0.979294 0.19973
vt 3.27408 2.18747
f 595/1908/569 683/2307/568 594/1909/416

vt 3.71272 1.34756
vt 3.94879 2.86252
vt 3.36038 1.34756
f 683/2308/568 595/2309/569 599/2310/423

vt 2.91436 2.13163
f 599/2311/423 595/1913/569 596/1915/419

vt 3.71272 -0.645352
vt 3.36038 -0.645352
f 389/1062/132 683/2312/132 599/2313/132

vt 4.06506 -0.645352
f 389/1062/132 682/2314/132 683/2312/132

vt 4.41741 -0.645352
f 389/1062/132 681/2315/132 682/2314/132

vt 4.76975 -0.645352
f 389/1062/132 680/2316/132 681/2315/132

vt 5.12209 -0.645352
f 389/1062/132 679/2317/132 680/2316/132

vt 5.47443 -0.645352
f 389/1062/132 678/2318/132 679/2317/132

f 389/1062/132 25/1064/132 678/2318/132

vt 2.83187 -0.645352
f 389/1062/132 599/2313/132 598/2319/132

v 65.2174 42.5319 -91.0265
vt 2.56761 -0.645352
f 389/1062/132 598/2319/132 684/2320/132

vt 2.83187 1.34758
vt 3.29355 2.90717
vn 0.0381486 0.974181 0.222521
vt 2.56761 1.34758
vn 0.0429531 0.972226 0.23007
f 598/2321/422 600/2322/570 684/2323/571

vt 3.07978 0.618647
f 600/1923/570 598/2324/422 597/1924/421

vt 2.81539 0.714826
f 684/2325/571 600/1928/570 601/1930/426

vn 0.076289 0.965196 0.250154
vt 2.8983 0.201897
f 602/1932/572 684/2326/571 601/1933/426

vt 2.56761 1.34485
vt 3.04351 2.91856
v 58.5053 42.5319 -91.0265
vt 2.30336 1.34485
vn 0.0652752 0.964353 0.256441
f 684/2327/571 602/2328/572 685/2329/573

vt 2.64816 0.377994
f 685/2330/573 602/1937/572 603/1939/429

vn 0.097729 0.954478 0.281816
vt 2.66907 0.17218
f 604/1941/574 685/2331/573 603/1942/429

vt 2.30336 1.33982
vt 2.77449 2.92248
v 49.5558 42.5319 -91.0265
vt 1.95102 1.33982
vn 0.0856274 0.952283 0.292958
f 685/2332/573 604/2333/574 686/2334/575

vt 2.34043 0.420425
f 686/2335/575 604/1946/574 605/1948/432

vn 0.130495 0.93548 0.328402
vt 2.36934 0.206212
f 606/1950/576 686/2336/575 605/1951/432

vt 1.95102 1.33176
vt 2.48844 2.91903
v 40.6063 42.5319 -91.0265
vt 1.59867 1.33176
vn 0.110262 0.933791 0.340406
f 686/2337/575 606/2338/576 687/2339/577

vt 2.04462 0.463308
f 687/2340/577 606/1955/576 607/1957/435

vn 0.163201 0.908675 0.384284
vt 2.07424 0.317594
f 608/1959/578 687/2341/577 607/1960/435

vt 1.59867 1.31971
vt 2.20928 2.90842
v 31.6569 42.5319 -91.0265
vt 1.24633 1.31971
vn 0.134703 0.908124 0.396443
f 687/2342/577 608/2343/578 688/2344/579

vt 1.74612 0.558017
f 688/2345/579 608/1964/578 609/1966/439

vn 0.147175 0.89886 0.412784
vt 1.77944 0.454761
f 610/1968/580 688/2346/579 609/1969/439

vt 1.24633 1.30259
vt 1.93875 2.89105
v 22.7074 42.5319 -91.0265
vt 0.893992 1.30259
vn -5.69265e-16 0.93391 0.357507
f 688/2347/579 610/2348/580 689/2349/581

vt 1.44373 0.661503
f 689/2350/443 610/1973/442 611/1975/443

vt 1.48076 0.583544
f 612/1977/444 689/2351/443 611/1978/443

vt 0.893992 1.27927
vn -1.16494e-15 0.913019 0.407916
vt 1.67849 2.86749
v 13.7579 42.5319 -91.0265
vt 0.541651 1.27927
f 689/2352/582 612/2353/582 690/2354/582

vt 1.13588 0.745223
f 690/2355/447 612/1982/446 613/1984/447

vt 1.17583 0.680806
f 614/1986/448 690/2356/447 613/1987/447

vt 0.541651 1.2488
vn 0 0.886532 0.462667
vt 1.42992 2.8385
vt 0.189309 1.2488
f 690/2357/583 614/2358/583 389/2359/583

vt 0.821803 0.790709
f 389/2360/450 614/1991/450 615/1993/450

vt 1.25996 -0.0649529
f 616/1995/451 389/2361/451 615/1996/451

vt 1.34586 -0.0685103
vn 0.767686 -0.586032 0.259276
vt 2.96424 1.01747
vt 1.25901 0.181454
f 389/2362/584 616/2363/584 387/2364/584

vt 1.22278 0.201896
vn 0.837263 -0.398625 0.374285
f 387/2365/585 616/2000/453 617/2002/454

vn 0.842164 -0.408339 0.352164
vt 1.23068 0.191739
f 618/2004/586 387/2366/585 617/2005/454

vt 1.26281 0.22096
vt 2.83125 1.29219
vt 1.16886 0.468342
vn 0.839118 -0.456369 0.295987
f 387/2367/585 618/2368/586 385/2369/587

vt 1.17006 0.455361
f 385/2370/587 618/2009/586 619/2011/459

vn 0.854765 -0.425068 0.297814
vt 1.17182 0.454155
f 620/2013/588 385/2371/587 619/2014/459

vt 1.16362 0.499649
vt 2.69031 1.56055
vt 1.0636 0.744645
vn 0.849009 -0.466217 0.248648
f 385/2372/587 620/2373/588 383/2374/589

vt 1.09128 0.714238
f 383/2375/589 620/2018/588 621/2020/462

vn 0.861256 -0.443846 0.247467
vt 1.08653 0.720199
f 622/2022/590 383/2376/589 621/2023/462

vt 1.05263 0.767786
vt 2.54529 1.82112
vt 0.947692 1.01071
vn 0.853706 -0.478186 0.206213
f 383/2377/589 622/2378/590 381/2379/591

vt 0.990335 0.976418
f 381/2380/591 622/2027/590 623/2029/465

vn 0.861908 -0.464941 0.202347
vt 0.978764 0.987305
f 624/2031/592 381/2381/591 623/2032/465

vt 0.934418 1.02637
vt 2.40039 2.07319
vt 0.825739 1.26765
vn 0.853521 -0.492642 0.169724
f 381/2382/591 624/2383/592 380/2384/593

vt 0.871636 1.23934
f 380/2385/593 624/2036/592 625/2038/468

vn 0.857073 -0.488581 0.163445
vt 0.853018 1.25257
f 626/2040/594 380/2386/593 625/2041/468

vt 0.813506 1.27694
vt 2.26 2.31657
vt 0.702272 1.51704
vn 0.848783 -0.509873 0.139991
f 380/2387/593 626/2388/594 378/2389/595

vt 0.739806 1.5001
f 378/2390/595 626/2045/594 627/2047/471

vn 0.847089 -0.51492 0.13152
vt 0.713965 1.51285
f 628/2049/596 378/2391/595 627/2050/471

vt 0.694189 1.52125
vt 2.12859 2.55123
vt 0.581594 1.76072
vn 0.839767 -0.530058 0.117605
f 378/2392/595 628/2393/596 376/2394/597

vt 0.59949 1.75551
f 376/2395/597 628/2054/596 629/2056/474

vn 0.832223 -0.543995 0.107117
vt 0.566268 1.76484
f 630/2058/598 376/2396/597 629/2059/474

vt 0.580504 1.76113
vt 2.01071 2.77718
vt 0.467753 2.00053
vn 0.826644 -0.553227 0.102959
f 376/2397/597 630/2398/598 374/2399/599

vt 0.455279 2.00217
f 374/2400/599 630/2063/598 631/2065/477

vn 0.812631 -0.575694 0.0905983
vt 0.414509 2.00511
f 632/2067/600 374/2401/599 631/2068/477

vt 0.476249 1.99824
vt 1.911 2.99423
vt 0.364565 2.23814
vn 0.809462 -0.579228 0.0962624
f 374/2402/599 632/2403/600 373/2404/601

vt 0.311777 2.23658
f 373/2405/601 632/2072/600 633/2074/480

vn 0.788357 -0.609708 0.0821529
vt 0.263254 2.23019
f 634/2076/602 373/2406/601 633/2077/480

vt 0.385016 2.23403
vt 1.8341 3.2019
vt 0.275647 2.475
vn 0.797297 -0.595126 0.100707
f 373/2407/601 634/2408/602 370/2409/603

vt 0.17381 2.4553
f 370/2410/603 634/2081/602 635/2083/483

vn 0.175327 -0.903615 -0.39082
vt -0.972351 1.66131
vn 0.130111 -0.90857 -0.396953
f 636/2085/604 370/2411/605 635/2086/484

vt -1.29926 1.04505
vt -2.14763 2.60675
vt -1.67655 1.04505
vn 0.121228 -0.889693 -0.440171
f 370/2412/605 636/2413/604 368/2414/606

vt -1.33567 1.87828
f 368/2415/606 636/2090/604 637/2092/488

vn 0.147053 -0.879399 -0.452805
vt -1.44165 1.72964
f 638/2094/607 368/2416/606 637/2095/488

vt -1.67655 1.13026
vt -2.43062 2.67087
vt -2.05385 1.13026
vn 0.0991864 -0.865186 -0.491543
f 368/2417/606 638/2418/607 369/2419/608

vt -1.81031 1.90051
f 369/2420/608 638/2099/607 639/2101/493

vn 0.116871 -0.855821 -0.503897
vt -1.90216 1.72953
f 640/2103/609 369/2421/608 639/2104/493

vt -2.05385 1.2
vt -2.72226 2.72135
vt -2.43114 1.2
vn 0.0759831 -0.842921 -0.532646
f 369/2422/608 640/2423/609 367/2424/610

vt -2.27238 1.86399
f 367/2425/610 640/2108/609 641/2110/496

vn 0.0853845 -0.834977 -0.54362
vt -2.34604 1.67588
f 642/2112/611 367/2426/610 641/2113/496

vt -2.43114 1.25344
vt -3.02079 2.7562
v 71.3342 93.9779 -58.2205
vt -2.80843 1.25344
vn 0.0519881 -0.824652 -0.563246
f 367/2427/610 642/2428/611 691/2429/612

vt -2.71805 1.77768
f 691/2430/612 642/2117/611 643/2119/499

vn 0.052982 -0.818639 -0.57186
vt -2.77175 1.57492
f 644/2121/613 691/2431/612 643/2122/499

vt -2.80843 1.29006
vt -3.32431 2.77392
v 80.9174 93.9779 -58.2205
vt -3.18572 1.29006
vn 0.0274069 -0.811802 -0.58329
f 691/2432/612 644/2433/613 692/2434/614

vt -3.14623 1.64295
vn 0.0548014 -0.81328 -0.579286
f 692/2435/614 644/2126/613 645/2128/615

vn 0.0198468 -0.808189 -0.588589
vt -3.17838 1.42575
f 646/2130/616 692/2436/614 645/2131/615

vt -3.18572 1.30944
vt -3.63086 2.77348
v 90.5006 93.9779 -58.2205
vt -3.56302 1.30944
vn 0.00230863 -0.805431 -0.592685
f 692/2437/614 646/2438/616 693/2439/617

vt -3.55511 1.45411
f 693/2440/617 646/2135/616 647/2137/507

vn -0.0139845 -0.804605 -0.593645
vt -3.56312 1.22095
f 648/2139/618 693/2441/617 647/2140/507

vt -3.56302 1.31102
vt -3.93844 2.75414
v 100.084 93.9779 -58.2205
vt -3.94031 1.31102
vn -0.0233175 -0.806232 -0.59114
f 693/2442/617 648/2443/618 694/2444/619

vt -3.94012 1.19806
f 694/2445/619 648/2144/618 649/2146/510

vn -0.0485313 -0.808446 -0.586566
vt -3.91955 0.946253
f 650/2148/620 694/2446/619 649/2149/510

vt -3.94031 1.29405
vt -4.24499 2.71546
v 109.667 93.9779 -58.2205
vt -4.3176 1.29405
vn -0.0494834 -0.814486 -0.578069
f 694/2447/619 650/2448/620 695/2449/621

vt -4.29152 0.853026
f 695/2450/621 650/2153/620 651/2155/513

vn -0.083747 -0.819778 -0.566525
vt -4.23516 0.579513
f 652/2157/622 695/2451/621 651/2158/513

vt -4.3176 1.25752
vt -4.54852 2.65726
v 119.25 93.9779 -58.2205
vt -4.69489 1.25752
vn -0.0760977 -0.829978 -0.552581
f 695/2452/621 652/2453/622 696/2454/623

vt -4.5903 0.386795
f 696/2455/623 652/2162/622 653/2164/516

vn -0.119362 -0.83804 -0.532392
vt -4.48706 0.0896915
f 654/2166/624 696/2456/623 653/2167/516

vt -4.69489 1.20027
vt -4.84704 2.57981
v 128.834 93.9779 -58.2205
vt -5.07219 1.20027
vn -0.102836 -0.851835 -0.513617
f 696/2457/623 654/2458/624 697/2459/625

vt -4.80028 -0.24417
f 697/2460/625 654/2171/624 655/2173/519

vn -0.154701 -0.86185 -0.482993
vt -4.63407 -0.562122
f 656/2175/626 697/2461/625 655/2176/519

vt -5.07219 1.12136
vt -5.13868 2.48398
v 138.417 93.9779 -58.2205
vt -5.44948 1.12136
vn -0.128999 -0.878354 -0.460276
f 697/2462/625 656/2463/626 698/2464/627

vt -4.85336 -1.09047
f 698/2465/627 656/2180/626 657/2182/523

vn -0.188523 -0.888841 -0.417637
vt -4.60374 -1.41476
f 658/2184/628 698/2466/627 657/2185/523

vt -5.44948 1.02053
vt -5.42168 2.3717
v 148 93.9779 -58.2205
vt -5.82677 1.02053
vn -0.141855 -0.900974 -0.410028
f 698/2467/627 658/2468/628 699/2469/629

vt -4.62655 -2.18815
f 699/2470/629 658/2189/628 659/2191/526

vn -0.956219 -0.289991 0.0393874
vt 0.0210794 -0.359159
vn -0.96582 -0.246961 0.0787565
f 660/2193/630 699/2471/631 659/2194/529

vt 0.764492 1.59455
vt -0.525157 2.07792
v 148 88.8333 -61.5011
vt 0.636649 1.39118
vn -0.975645 -0.21395 0.0483961
f 699/2472/631 660/2473/630 700/2474/632

vt -0.436421 -0.377008
f 700/2475/632 660/2198/630 661/2200/531

vn -0.97339 -0.228868 0.0114435
vt -0.255587 -0.0446589
f 662/2202/633 700/2476/632 661/2203/531

vt 0.379416 1.55491
vt -0.876204 2.0509
v 148 83.6887 -64.7817
vt 0.250884 1.35197
vn -0.986575 -0.162058 0.0201971
f 700/2477/632 662/2478/633 701/2479/634

vt -0.652942 -0.0828206
f 701/2480/634 662/2207/633 663/2209/534

vn -0.98541 -0.17001 -0.00798866
vt -0.472918 0.249514
f 664/2211/635 701/2481/634 663/2212/534

vt 0.0330823 1.49165
vt -1.19972 1.9945
v 148 78.5441 -68.0623
vt -0.0958338 1.28895
vn -0.993508 -0.113763 0.000694412
f 701/2482/634 664/2483/635 702/2484/636

vt -0.810056 0.180297
f 702/2485/636 664/2216/635 665/2218/537

vn -0.993209 -0.114942 -0.0180343
vt -0.63146 0.512842
f 666/2220/637 702/2486/636 665/2221/537

vt -0.26585 1.39808
vt -1.48475 1.90354
v 148 73.3995 -71.3429
vt -0.394941 1.19549
vn -0.997487 -0.0702339 -0.00932015
f 702/2487/636 666/2488/637 703/2489/638

vt -0.908799 0.406822
f 703/2490/638 666/2225/637 667/2227/540

vn -0.997733 -0.0647982 -0.0181709
vt -0.731534 0.739788
f 668/2229/639 703/2491/638 667/2230/540

vt -0.51126 1.26998
vt -1.7229 1.77536
v 148 68.2549 -74.6235
vt -0.640408 1.06743
vn -0.999435 -0.0322846 -0.00938855
f 703/2492/638 668/2493/639 704/2494/640

vt -0.949484 0.594928
f 704/2495/640 668/2234/639 669/2236/543

vn -0.99976 -0.0203569 -0.00815046
vt -0.77293 0.928504
f 670/2238/641 704/2496/640 669/2239/543

vt -0.699401 1.10511
vt -1.9084 1.60932
v 148 63.1103 -77.9041
vt -0.828558 0.902569
vn -1 -0.000431594 0.000690747
f 704/2497/640 670/2498/641 705/2499/642

vt -0.931678 0.744958
f 705/2500/642 670/2243/641 671/2245/546

vn -0.999767 0.0178825 0.0120687
vt -0.754842 1.07925
f 672/2247/643 705/2501/642 671/2248/546

vt -2.03791 1.40623
v 148 57.9657 -81.1847
vt -0.957715 0.700025
vn -0.999468 0.0250247 0.0209171
f 705/2499/642 672/2502/643 706/2503/644

vt -0.854412 0.857937
f 706/2504/644 672/2252/643 673/2254/549

vn -0.99787 0.0496088 0.04235
vt -0.676077 1.19283
f 674/2256/645 706/2505/644 673/2257/549

vt -0.898703 0.662335
vt -2.11029 1.1678
vt -1.02785 0.459786
f 706/2506/644 674/2507/645 676/2508/553

vt -0.716655 0.934318
f 676/2509/553 674/2261/645 675/2263/551

vt 5.82677 -0.164913
vt 5.94488 0.0288382
vt 5.82677 0.0753058
f 676/2510/132 516/2511/132 706/2512/132

vt 5.94488 -0.2353
f 676/2510/132 519/2513/132 516/2511/132

vt 5.82677 -0.405133
f 677/2514/132 519/2513/132 676/2510/132

f 677/2514/132 406/1081/132 519/2513/132

f 25/1064/132 406/1081/132 677/2514/132

vt 5.94488 0.292977
f 706/2512/132 516/2511/132 19/2515/132

vt 5.82677 0.315525
f 706/2512/132 19/2515/132 705/2516/132

vt 5.94488 0.557115
f 705/2516/132 19/2515/132 511/2517/132

vt 5.82677 0.555744
f 705/2516/132 511/2517/132 704/2518/132

vt 5.82677 0.795964
f 704/2518/132 511/2517/132 703/2519/132

vt 5.94488 0.821253
f 703/2519/132 511/2517/132 508/2520/132

vt 5.82677 1.03618
f 703/2519/132 508/2520/132 702/2521/132

vt 5.94488 1.08539
f 702/2521/132 508/2520/132 505/2522/132

vt 5.82677 1.2764
f 702/2521/132 505/2522/132 701/2523/132

vt 5.94488 1.34953
f 701/2523/132 505/2522/132 502/2524/132

vt 5.82677 1.51662
f 701/2523/132 502/2524/132 700/2525/132

vt 5.94488 1.61367
f 700/2525/132 502/2524/132 499/2526/132

vt 5.82677 1.75684
f 700/2525/132 499/2526/132 699/2527/132

vt 5.94488 1.87781
f 699/2527/132 499/2526/132 496/2528/132

vt 5.44948 1.75684
f 699/2527/132 496/2528/132 698/2529/132

vt 5.07219 1.75684
f 698/2529/132 496/2528/132 697/2530/132

vt 4.69489 1.75684
f 697/2530/132 496/2528/132 696/2531/132

vt 3.18572 1.75684
f 696/2531/132 496/2528/132 692/2532/132

vt 2.80843 1.75684
f 692/2532/132 496/2528/132 691/2533/132

f 691/2533/132 496/2528/132 367/1039/132

f 371/1043/132 367/1039/132 496/2528/132

vt 5.55118 1.87781
f 371/1043/132 496/2528/132 493/2534/132

vt 5.15748 1.87781
f 371/1043/132 493/2534/132 490/2535/132

vt 4.76378 1.87781
f 371/1043/132 490/2535/132 487/2536/132

vt 4.37008 1.87781
f 371/1043/132 487/2536/132 172/2537/132

vt 3.97638 1.87781
f 371/1043/132 172/2537/132 482/2538/132

vt 3.58268 1.87781
f 371/1043/132 482/2538/132 479/2539/132

vt 3.18898 1.87781
f 371/1043/132 479/2539/132 476/2540/132

vt 2.79528 1.87781
f 371/1043/132 476/2540/132 473/2541/132

vt 2.40157 1.87781
f 371/1043/132 473/2541/132 470/2542/132

vt 2.00787 1.87781
f 371/1043/132 470/2542/132 467/2543/132

vt 1.61417 1.87781
f 371/1043/132 467/2543/132 464/2544/132

vt 3.56302 1.75684
f 693/2545/132 696/2531/132 692/2532/132

vt 3.94031 1.75684
f 694/2546/132 696/2531/132 693/2545/132

vt 4.3176 1.75684
f 696/2531/132 694/2546/132 695/2547/132

vt 0.893992 -0.645352
vt 0.541651 -0.645352
f 389/1062/132 689/2548/132 690/2549/132

vt 1.24633 -0.645352
f 389/1062/132 688/2550/132 689/2548/132

vt 1.59867 -0.645352
f 389/1062/132 687/2551/132 688/2550/132

vt 1.95102 -0.645352
f 389/1062/132 686/2552/132 687/2551/132

vt 2.30336 -0.645352
f 389/1062/132 685/2553/132 686/2552/132

f 389/1062/132 684/2320/132 685/2553/132

vt -2.92857 1.69469
f 544/1810/87 541/1808/87 542/2554/87

vt -3.44235 1.70528
f 544/1810/87 542/2554/87 366/2555/87

vt -3.18511 1.71682
f 366/2555/87 542/2554/87 543/2556/87

