solid Tooth brush holder
facet normal -0.0 -0.0 1.0
  outer loop
    vertex -9.164891068280667e-15 -3.584470382849032e-15 5.0
    vertex 1.9999999999999907 1.9999999999999962 5.0
    vertex -9.164891068280667e-15 60.0 5.0
  endloop
endfacet
facet normal -0.0 -0.0 1.0
  outer loop
    vertex 1.9999999999999907 1.9999999999999962 5.0
    vertex -9.164891068280667e-15 -3.584470382849032e-15 5.0
    vertex 163.0000000000001 1.0574874309554614e-15 5.0
  endloop
endfacet
facet normal -0.0 -0.0 1.0
  outer loop
    vertex 1.9999999999999907 1.9999999999999962 5.0
    vertex 163.0000000000001 1.0574874309554614e-15 5.0
    vertex 161.0000000000001 2.000000000000001 5.0
  endloop
endfacet
facet normal -0.0 -0.0 1.0
  outer loop
    vertex 161.0000000000001 2.000000000000001 5.0
    vertex 163.0000000000001 1.0574874309554614e-15 5.0
    vertex 161.0000000000001 58.00000000000001 5.0
  endloop
endfacet
facet normal -0.0 -0.0 1.0
  outer loop
    vertex 161.0000000000001 58.00000000000001 5.0
    vertex 141.5000000000001 60.0 5.0
    vertex 141.5000000000001 58.00000000000001 5.0
  endloop
endfacet
facet normal -0.0 -0.0 1.0
  outer loop
    vertex 141.5000000000001 60.0 5.0
    vertex 161.0000000000001 58.00000000000001 5.0
    vertex 163.0000000000001 60.0 5.0
  endloop
endfacet
facet normal -0.0 -0.0 1.0
  outer loop
    vertex 163.0000000000001 60.0 5.0
    vertex 161.0000000000001 58.00000000000001 5.0
    vertex 163.0000000000001 1.0574874309554614e-15 5.0
  endloop
endfacet
facet normal -0.0 -0.0 1.0
  outer loop
    vertex -9.164891068280667e-15 60.0 5.0
    vertex 1.9999999999999907 58.00000000000001 5.0
    vertex 134.5000000000001 60.0 5.0
  endloop
endfacet
facet normal -0.0 -0.0 1.0
  outer loop
    vertex 1.9999999999999907 58.00000000000001 5.0
    vertex -9.164891068280667e-15 60.0 5.0
    vertex 1.9999999999999907 1.9999999999999962 5.0
  endloop
endfacet
facet normal -0.0 -0.0 1.0
  outer loop
    vertex 134.5000000000001 60.0 5.0
    vertex 1.9999999999999907 58.00000000000001 5.0
    vertex 134.5000000000001 58.00000000000001 5.0
  endloop
endfacet
facet normal 1.4239134398173282e-17 -1.0 -2.5269829518935704e-16
  outer loop
    vertex 163.0000000000001 1.0574874309554614e-15 5.0
    vertex -9.164891068280667e-15 0.0 0.0
    vertex 163.0000000000001 0.0 0.0
  endloop
endfacet
facet normal 1.4239134398173282e-17 -1.0 -2.5269829518935704e-16
  outer loop
    vertex -9.164891068280667e-15 0.0 0.0
    vertex 163.0000000000001 1.0574874309554614e-15 5.0
    vertex -9.164891068280667e-15 -3.584470382849032e-15 5.0
  endloop
endfacet
facet normal -1.0 0.0 0.0
  outer loop
    vertex -9.164891068280667e-15 60.0 5.0
    vertex -9.164891068280667e-15 0.0 0.0
    vertex -9.164891068280667e-15 -3.584470382849032e-15 5.0
  endloop
endfacet
facet normal -1.0 0.0 0.0
  outer loop
    vertex -9.164891068280667e-15 0.0 0.0
    vertex -9.164891068280667e-15 60.0 5.0
    vertex -9.164891068280667e-15 60.0 0.0
  endloop
endfacet
facet normal 1.0 -0.0 -0.0
  outer loop
    vertex 163.0000000000001 60.0 0.0
    vertex 163.0000000000001 1.0574874309554614e-15 5.0
    vertex 163.0000000000001 0.0 0.0
  endloop
endfacet
facet normal 1.0 -0.0 -0.0
  outer loop
    vertex 163.0000000000001 1.0574874309554614e-15 5.0
    vertex 163.0000000000001 60.0 0.0
    vertex 163.0000000000001 60.0 5.0
  endloop
endfacet
facet normal -1.0 0.0 0.0
  outer loop
    vertex 161.0000000000001 58.00000000000001 5.0
    vertex 161.0000000000001 2.000000000000001 3.0
    vertex 161.0000000000001 2.000000000000001 5.0
  endloop
endfacet
facet normal -1.0 0.0 0.0
  outer loop
    vertex 161.0000000000001 2.000000000000001 3.0
    vertex 161.0000000000001 58.00000000000001 5.0
    vertex 161.0000000000001 58.00000000000001 3.0
  endloop
endfacet
facet normal 1.0 -0.0 -0.0
  outer loop
    vertex 1.9999999999999907 58.00000000000001 3.0
    vertex 1.9999999999999907 1.9999999999999962 5.0
    vertex 1.9999999999999907 1.9999999999999962 3.0
  endloop
endfacet
facet normal 1.0 -0.0 -0.0
  outer loop
    vertex 1.9999999999999907 1.9999999999999962 5.0
    vertex 1.9999999999999907 58.00000000000001 3.0
    vertex 1.9999999999999907 58.00000000000001 5.0
  endloop
endfacet
facet normal -1.0 0.0 0.0
  outer loop
    vertex 141.5000000000001 60.0 5.0
    vertex 141.5000000000001 58.00000000000001 4.000000000000003
    vertex 141.5000000000001 58.00000000000001 5.0
  endloop
endfacet
facet normal -1.0 0.0 0.0
  outer loop
    vertex 141.5000000000001 58.00000000000001 4.000000000000003
    vertex 141.5000000000001 60.0 5.0
    vertex 141.5000000000001 60.0 4.000000000000003
  endloop
endfacet
facet normal 0.0 -1.0 0.0
  outer loop
    vertex 159.0000000000001 58.00000000000001 3.0
    vertex 117.0000000000001 58.00000000000001 2.0
    vertex 159.0000000000001 58.00000000000001 2.0
  endloop
endfacet
facet normal 0.0 -1.0 0.0
  outer loop
    vertex 117.0000000000001 58.00000000000001 2.0
    vertex 159.0000000000001 58.00000000000001 3.0
    vertex 117.0000000000001 58.00000000000001 3.0
  endloop
endfacet
facet normal 0.0 -1.0 0.0
  outer loop
    vertex 161.0000000000001 58.00000000000001 5.0
    vertex 159.0000000000001 58.00000000000001 3.0
    vertex 161.0000000000001 58.00000000000001 3.0
  endloop
endfacet
facet normal 0.0 -1.0 0.0
  outer loop
    vertex 159.0000000000001 58.00000000000001 3.0
    vertex 161.0000000000001 58.00000000000001 5.0
    vertex 141.5000000000001 58.00000000000001 4.000000000000003
  endloop
endfacet
facet normal 0.0 -1.0 0.0
  outer loop
    vertex 159.0000000000001 58.00000000000001 3.0
    vertex 141.5000000000001 58.00000000000001 4.000000000000003
    vertex 117.0000000000001 58.00000000000001 3.0
  endloop
endfacet
facet normal 0.0 -1.0 0.0
  outer loop
    vertex 117.0000000000001 58.00000000000001 3.0
    vertex 141.5000000000001 58.00000000000001 4.000000000000003
    vertex 1.9999999999999907 58.00000000000001 3.0
  endloop
endfacet
facet normal 0.0 -1.0 0.0
  outer loop
    vertex 1.9999999999999907 58.00000000000001 3.0
    vertex 141.5000000000001 58.00000000000001 4.000000000000003
    vertex 134.5000000000001 58.00000000000001 3.9999999999999996
  endloop
endfacet
facet normal 0.0 -1.0 0.0
  outer loop
    vertex 141.5000000000001 58.00000000000001 4.000000000000003
    vertex 161.0000000000001 58.00000000000001 5.0
    vertex 141.5000000000001 58.00000000000001 5.0
  endloop
endfacet
facet normal 0.0 -1.0 0.0
  outer loop
    vertex 134.5000000000001 58.00000000000001 3.9999999999999996
    vertex 1.9999999999999907 58.00000000000001 5.0
    vertex 1.9999999999999907 58.00000000000001 3.0
  endloop
endfacet
facet normal 0.0 -1.0 0.0
  outer loop
    vertex 1.9999999999999907 58.00000000000001 5.0
    vertex 134.5000000000001 58.00000000000001 3.9999999999999996
    vertex 134.5000000000001 58.00000000000001 5.0
  endloop
endfacet
facet normal -0.0 1.0 -0.0
  outer loop
    vertex -9.164891068280667e-15 60.0 5.0
    vertex 163.0000000000001 60.0 0.0
    vertex -9.164891068280667e-15 60.0 0.0
  endloop
endfacet
facet normal -0.0 1.0 -0.0
  outer loop
    vertex 163.0000000000001 60.0 0.0
    vertex -9.164891068280667e-15 60.0 5.0
    vertex 134.5000000000001 60.0 3.9999999999999996
  endloop
endfacet
facet normal -0.0 1.0 -0.0
  outer loop
    vertex 134.5000000000001 60.0 3.9999999999999996
    vertex -9.164891068280667e-15 60.0 5.0
    vertex 134.5000000000001 60.0 5.0
  endloop
endfacet
facet normal -0.0 1.0 -0.0
  outer loop
    vertex 163.0000000000001 60.0 0.0
    vertex 141.5000000000001 60.0 4.000000000000003
    vertex 163.0000000000001 60.0 5.0
  endloop
endfacet
facet normal -0.0 1.0 -0.0
  outer loop
    vertex 141.5000000000001 60.0 4.000000000000003
    vertex 163.0000000000001 60.0 0.0
    vertex 134.5000000000001 60.0 3.9999999999999996
  endloop
endfacet
facet normal -0.0 1.0 -0.0
  outer loop
    vertex 163.0000000000001 60.0 5.0
    vertex 141.5000000000001 60.0 4.000000000000003
    vertex 141.5000000000001 60.0 5.0
  endloop
endfacet
facet normal 1.0 0.0 0.0
  outer loop
    vertex 134.5000000000001 60.0 3.9999999999999996
    vertex 134.5000000000001 58.00000000000001 5.0
    vertex 134.5000000000001 58.00000000000001 3.9999999999999996
  endloop
endfacet
facet normal 1.0 0.0 0.0
  outer loop
    vertex 134.5000000000001 58.00000000000001 5.0
    vertex 134.5000000000001 60.0 3.9999999999999996
    vertex 134.5000000000001 60.0 5.0
  endloop
endfacet
facet normal -3.524958103184878e-16 -0.0 1.0
  outer loop
    vertex 141.5000000000001 58.00000000000001 4.000000000000003
    vertex 134.5000000000001 60.0 3.9999999999999996
    vertex 134.5000000000001 58.00000000000001 3.9999999999999996
  endloop
endfacet
facet normal -3.524958103184878e-16 -0.0 1.0
  outer loop
    vertex 134.5000000000001 60.0 3.9999999999999996
    vertex 141.5000000000001 58.00000000000001 4.000000000000003
    vertex 141.5000000000001 60.0 4.000000000000003
  endloop
endfacet
facet normal -0.7933533402912359 0.6087614290087195 8.516376049234919e-16
  outer loop
    vertex 156.1865334794733 14.00000000000002 2.9999999999999583
    vertex 152.8492424049176 9.650757595082522 1.9999999999999583
    vertex 152.8492424049176 9.65075759508252 2.9999999999999583
  endloop
endfacet
facet normal -0.7933533402912359 0.6087614290087195 8.516376049234919e-16
  outer loop
    vertex 152.8492424049176 9.650757595082522 1.9999999999999583
    vertex 156.1865334794733 14.00000000000002 2.9999999999999583
    vertex 156.1865334794733 14.00000000000002 1.9999999999999583
  endloop
endfacet
facet normal -1.0 6.734248316532293e-16 -3.0859326123897997e-31
  outer loop
    vertex 159.0000000000001 58.00000000000001 3.0
    vertex 159.00000000000009 24.50000000000001 1.9999999999999583
    vertex 159.00000000000009 24.50000000000001 2.9999999999999583
  endloop
endfacet
facet normal -1.0 6.734248316532293e-16 -3.0859326123897997e-31
  outer loop
    vertex 159.00000000000009 24.50000000000001 1.9999999999999583
    vertex 159.0000000000001 58.00000000000001 3.0
    vertex 159.0000000000001 58.00000000000001 2.0
  endloop
endfacet
facet normal 1.0 6.734248316532293e-16 -3.0859326123884996e-31
  outer loop
    vertex 117.0000000000001 58.00000000000001 2.0
    vertex 117.00000000000013 24.500000000000007 2.9999999999999583
    vertex 117.00000000000013 24.500000000000007 1.9999999999999583
  endloop
endfacet
facet normal 1.0 6.734248316532293e-16 -3.0859326123884996e-31
  outer loop
    vertex 117.00000000000013 24.500000000000007 2.9999999999999583
    vertex 117.0000000000001 58.00000000000001 2.0
    vertex 117.0000000000001 58.00000000000001 3.0
  endloop
endfacet
facet normal -0.6087614290087195 0.7933533402912359 1.860964936815574e-15
  outer loop
    vertex 148.50000000000009 6.313466520526808 2.9999999999999583
    vertex 152.8492424049176 9.650757595082522 1.9999999999999583
    vertex 148.50000000000009 6.313466520526809 1.9999999999999583
  endloop
endfacet
facet normal -0.6087614290087195 0.7933533402912359 1.860964936815574e-15
  outer loop
    vertex 152.8492424049176 9.650757595082522 1.9999999999999583
    vertex 148.50000000000009 6.313466520526808 2.9999999999999583
    vertex 152.8492424049176 9.65075759508252 2.9999999999999583
  endloop
endfacet
facet normal -0.9238795325112871 0.38268343236508934 7.346884946644461e-30
  outer loop
    vertex 158.28444235207053 19.06480005284708 2.9999999999999583
    vertex 156.1865334794733 14.00000000000002 1.9999999999999583
    vertex 156.1865334794733 14.00000000000002 2.9999999999999583
  endloop
endfacet
facet normal -0.9238795325112871 0.38268343236508934 7.346884946644461e-30
  outer loop
    vertex 156.1865334794733 14.00000000000002 1.9999999999999583
    vertex 158.28444235207053 19.06480005284708 2.9999999999999583
    vertex 158.28444235207053 19.06480005284708 1.9999999999999583
  endloop
endfacet
facet normal -0.9914448613738103 0.13052619222005282 0.0
  outer loop
    vertex 159.00000000000009 24.50000000000001 2.9999999999999583
    vertex 158.28444235207053 19.06480005284708 1.9999999999999583
    vertex 158.28444235207053 19.06480005284708 2.9999999999999583
  endloop
endfacet
facet normal -0.9914448613738103 0.13052619222005282 0.0
  outer loop
    vertex 158.28444235207053 19.06480005284708 1.9999999999999583
    vertex 159.00000000000009 24.50000000000001 2.9999999999999583
    vertex 159.00000000000009 24.50000000000001 1.9999999999999583
  endloop
endfacet
facet normal 0.9914448613738103 0.13052619222005296 -2.5949295417273813e-31
  outer loop
    vertex 117.00000000000013 24.500000000000007 1.9999999999999583
    vertex 117.7155576479297 19.06480005284708 2.9999999999999583
    vertex 117.7155576479297 19.06480005284708 1.9999999999999583
  endloop
endfacet
facet normal 0.9914448613738103 0.13052619222005296 -2.5949295417273813e-31
  outer loop
    vertex 117.7155576479297 19.06480005284708 2.9999999999999583
    vertex 117.00000000000013 24.500000000000007 1.9999999999999583
    vertex 117.00000000000013 24.500000000000007 2.9999999999999583
  endloop
endfacet
facet normal -0.13052619222005107 0.9914448613738105 7.300200787114838e-16
  outer loop
    vertex 138.0000000000001 3.500000000000024 2.9999999999999583
    vertex 143.43519994715302 4.215557647929586 1.9999999999999583
    vertex 138.0000000000001 3.5000000000000244 1.9999999999999583
  endloop
endfacet
facet normal -0.13052619222005107 0.9914448613738105 7.300200787114838e-16
  outer loop
    vertex 143.43519994715302 4.215557647929586 1.9999999999999583
    vertex 138.0000000000001 3.500000000000024 2.9999999999999583
    vertex 143.43519994715302 4.215557647929585 2.9999999999999583
  endloop
endfacet
facet normal -0.38268343236509017 0.9238795325112865 1.0339821346263088e-15
  outer loop
    vertex 143.43519994715302 4.215557647929585 2.9999999999999583
    vertex 148.50000000000009 6.313466520526809 1.9999999999999583
    vertex 143.43519994715302 4.215557647929586 1.9999999999999583
  endloop
endfacet
facet normal -0.38268343236509017 0.9238795325112865 1.0339821346263088e-15
  outer loop
    vertex 148.50000000000009 6.313466520526809 1.9999999999999583
    vertex 143.43519994715302 4.215557647929585 2.9999999999999583
    vertex 148.50000000000009 6.313466520526808 2.9999999999999583
  endloop
endfacet
facet normal 8.533635603860774e-32 -7.703460231103158e-16 1.0
  outer loop
    vertex 117.00000000000013 24.500000000000007 1.9999999999999583
    vertex 159.0000000000001 58.00000000000001 2.0
    vertex 117.0000000000001 58.00000000000001 2.0
  endloop
endfacet
facet normal 8.533635603860774e-32 -7.703460231103158e-16 1.0
  outer loop
    vertex 159.0000000000001 58.00000000000001 2.0
    vertex 117.00000000000013 24.500000000000007 1.9999999999999583
    vertex 117.7155576479297 19.06480005284708 1.9999999999999583
  endloop
endfacet
facet normal 8.533635603860774e-32 -7.703460231103158e-16 1.0
  outer loop
    vertex 159.0000000000001 58.00000000000001 2.0
    vertex 117.7155576479297 19.06480005284708 1.9999999999999583
    vertex 119.81346652052692 14.00000000000002 1.9999999999999583
  endloop
endfacet
facet normal 8.533635603860774e-32 -7.703460231103158e-16 1.0
  outer loop
    vertex 159.0000000000001 58.00000000000001 2.0
    vertex 119.81346652052692 14.00000000000002 1.9999999999999583
    vertex 123.15075759508262 9.650757595082522 1.9999999999999583
  endloop
endfacet
facet normal 8.533635603860774e-32 -7.703460231103158e-16 1.0
  outer loop
    vertex 159.0000000000001 58.00000000000001 2.0
    vertex 123.15075759508262 9.650757595082522 1.9999999999999583
    vertex 127.5000000000001 6.313466520526812 1.9999999999999583
  endloop
endfacet
facet normal 8.533635603860774e-32 -7.703460231103158e-16 1.0
  outer loop
    vertex 159.0000000000001 58.00000000000001 2.0
    vertex 127.5000000000001 6.313466520526812 1.9999999999999583
    vertex 132.56480005284718 4.215557647929591 1.9999999999999583
  endloop
endfacet
facet normal 8.533635603860774e-32 -7.703460231103158e-16 1.0
  outer loop
    vertex 159.0000000000001 58.00000000000001 2.0
    vertex 132.56480005284718 4.215557647929591 1.9999999999999583
    vertex 138.0000000000001 3.5000000000000244 1.9999999999999583
  endloop
endfacet
facet normal 8.533635603860774e-32 -7.703460231103158e-16 1.0
  outer loop
    vertex 159.0000000000001 58.00000000000001 2.0
    vertex 138.0000000000001 3.5000000000000244 1.9999999999999583
    vertex 143.43519994715302 4.215557647929586 1.9999999999999583
  endloop
endfacet
facet normal 8.533635603860774e-32 -7.703460231103158e-16 1.0
  outer loop
    vertex 159.0000000000001 58.00000000000001 2.0
    vertex 143.43519994715302 4.215557647929586 1.9999999999999583
    vertex 148.50000000000009 6.313466520526809 1.9999999999999583
  endloop
endfacet
facet normal 8.533635603860774e-32 -7.703460231103158e-16 1.0
  outer loop
    vertex 159.0000000000001 58.00000000000001 2.0
    vertex 148.50000000000009 6.313466520526809 1.9999999999999583
    vertex 152.8492424049176 9.650757595082522 1.9999999999999583
  endloop
endfacet
facet normal 8.533635603860774e-32 -7.703460231103158e-16 1.0
  outer loop
    vertex 159.0000000000001 58.00000000000001 2.0
    vertex 152.8492424049176 9.650757595082522 1.9999999999999583
    vertex 156.1865334794733 14.00000000000002 1.9999999999999583
  endloop
endfacet
facet normal 8.533635603860774e-32 -7.703460231103158e-16 1.0
  outer loop
    vertex 159.0000000000001 58.00000000000001 2.0
    vertex 156.1865334794733 14.00000000000002 1.9999999999999583
    vertex 158.28444235207053 19.06480005284708 1.9999999999999583
  endloop
endfacet
facet normal 8.533635603860774e-32 -7.703460231103158e-16 1.0
  outer loop
    vertex 159.0000000000001 58.00000000000001 2.0
    vertex 158.28444235207053 19.06480005284708 1.9999999999999583
    vertex 159.00000000000009 24.50000000000001 1.9999999999999583
  endloop
endfacet
facet normal 0.9238795325112871 0.38268343236508934 7.346884946644461e-30
  outer loop
    vertex 117.7155576479297 19.06480005284708 1.9999999999999583
    vertex 119.81346652052692 14.00000000000002 2.9999999999999583
    vertex 119.81346652052692 14.00000000000002 1.9999999999999583
  endloop
endfacet
facet normal 0.9238795325112871 0.38268343236508934 7.346884946644461e-30
  outer loop
    vertex 119.81346652052692 14.00000000000002 2.9999999999999583
    vertex 117.7155576479297 19.06480005284708 1.9999999999999583
    vertex 117.7155576479297 19.06480005284708 2.9999999999999583
  endloop
endfacet
facet normal 0.7933533402912359 0.6087614290087197 8.51637604923492e-16
  outer loop
    vertex 123.15075759508262 9.650757595082522 1.9999999999999583
    vertex 119.81346652052692 14.00000000000002 2.9999999999999583
    vertex 123.15075759508262 9.65075759508252 2.9999999999999583
  endloop
endfacet
facet normal 0.7933533402912359 0.6087614290087197 8.51637604923492e-16
  outer loop
    vertex 119.81346652052692 14.00000000000002 2.9999999999999583
    vertex 123.15075759508262 9.650757595082522 1.9999999999999583
    vertex 119.81346652052692 14.00000000000002 1.9999999999999583
  endloop
endfacet
facet normal 0.13052619222005155 0.9914448613738105 6.9349969209531e-16
  outer loop
    vertex 132.56480005284718 4.21555764792959 2.9999999999999583
    vertex 138.0000000000001 3.5000000000000244 1.9999999999999583
    vertex 132.56480005284718 4.215557647929591 1.9999999999999583
  endloop
endfacet
facet normal 0.13052619222005155 0.9914448613738105 6.9349969209531e-16
  outer loop
    vertex 138.0000000000001 3.5000000000000244 1.9999999999999583
    vertex 132.56480005284718 4.21555764792959 2.9999999999999583
    vertex 138.0000000000001 3.500000000000024 2.9999999999999583
  endloop
endfacet
facet normal 0.3826834323650897 0.9238795325112867 9.693582512121648e-16
  outer loop
    vertex 127.5000000000001 6.313466520526811 2.9999999999999583
    vertex 132.56480005284718 4.215557647929591 1.9999999999999583
    vertex 127.5000000000001 6.313466520526812 1.9999999999999583
  endloop
endfacet
facet normal 0.3826834323650897 0.9238795325112867 9.693582512121648e-16
  outer loop
    vertex 132.56480005284718 4.215557647929591 1.9999999999999583
    vertex 127.5000000000001 6.313466520526811 2.9999999999999583
    vertex 132.56480005284718 4.21555764792959 2.9999999999999583
  endloop
endfacet
facet normal 0.6087614290087213 0.7933533402912347 1.7758011763232171e-15
  outer loop
    vertex 123.15075759508262 9.65075759508252 2.9999999999999583
    vertex 127.5000000000001 6.313466520526812 1.9999999999999583
    vertex 123.15075759508262 9.650757595082522 1.9999999999999583
  endloop
endfacet
facet normal 0.6087614290087213 0.7933533402912347 1.7758011763232171e-15
  outer loop
    vertex 127.5000000000001 6.313466520526812 1.9999999999999583
    vertex 123.15075759508262 9.65075759508252 2.9999999999999583
    vertex 127.5000000000001 6.313466520526811 2.9999999999999583
  endloop
endfacet
facet normal 0.0 0.0 -1.0
  outer loop
    vertex 163.0000000000001 60.0 0.0
    vertex -9.164891068280667e-15 0.0 0.0
    vertex -9.164891068280667e-15 60.0 0.0
  endloop
endfacet
facet normal 0.0 0.0 -1.0
  outer loop
    vertex -9.164891068280667e-15 0.0 0.0
    vertex 163.0000000000001 60.0 0.0
    vertex 163.0000000000001 0.0 0.0
  endloop
endfacet
facet normal 1.0 -5.0484681325302265e-16 -2.286148737180849e-31
  outer loop
    vertex 40.471572875253806 21.171572875253815 2.999999999999989
    vertex 40.4715728752538 10.000000000000004 3.9999999999999982
    vertex 40.4715728752538 10.000000000000004 3.0
  endloop
endfacet
facet normal 1.0 -5.0484681325302265e-16 -2.286148737180849e-31
  outer loop
    vertex 40.4715728752538 10.000000000000004 3.9999999999999982
    vertex 40.471572875253806 21.171572875253815 2.999999999999989
    vertex 40.471572875253806 21.171572875253815 3.999999999999987
  endloop
endfacet
facet normal -7.049916206369757e-16 -1.0 5.4360817128013656e-33
  outer loop
    vertex 52.49999999999999 9.999999999999998 3.0000000000000058
    vertex 50.5 10.0 3.9999999999999982
    vertex 50.5 10.0 3.0
  endloop
endfacet
facet normal -7.049916206369757e-16 -1.0 5.4360817128013656e-33
  outer loop
    vertex 50.5 10.0 3.9999999999999982
    vertex 52.49999999999999 9.999999999999998 3.0000000000000058
    vertex 52.49999999999999 9.999999999999998 4.00000000000001
  endloop
endfacet
facet normal 0.7071067811865478 0.7071067811865472 -2.765117727267921e-29
  outer loop
    vertex 38.4715728752538 26.000000000000025 2.999999999999989
    vertex 45.4857864376269 18.98578643762692 3.9999999999999982
    vertex 45.4857864376269 18.98578643762692 2.9999999999999947
  endloop
endfacet
facet normal 0.7071067811865478 0.7071067811865472 -2.765117727267921e-29
  outer loop
    vertex 45.4857864376269 18.98578643762692 3.9999999999999982
    vertex 38.4715728752538 26.000000000000025 2.999999999999989
    vertex 38.4715728752538 26.000000000000025 3.999999999999987
  endloop
endfacet
facet normal -1.0 0.0 0.0
  outer loop
    vertex 38.4715728752538 26.000000000000025 3.999999999999987
    vertex 38.4715728752538 10.000000000000004 2.999999999999989
    vertex 38.4715728752538 10.000000000000004 3.999999999999987
  endloop
endfacet
facet normal -1.0 0.0 0.0
  outer loop
    vertex 38.4715728752538 10.000000000000004 2.999999999999989
    vertex 38.4715728752538 26.000000000000025 3.999999999999987
    vertex 38.4715728752538 26.000000000000025 2.999999999999989
  endloop
endfacet
facet normal -0.7071067811865478 0.7071067811865474 0.0
  outer loop
    vertex 52.49999999999999 26.00000000000002 3.9999999999999982
    vertex 45.4857864376269 18.98578643762692 2.9999999999999947
    vertex 45.4857864376269 18.98578643762692 3.9999999999999982
  endloop
endfacet
facet normal -0.7071067811865478 0.7071067811865474 0.0
  outer loop
    vertex 45.4857864376269 18.98578643762692 2.9999999999999947
    vertex 52.49999999999999 26.00000000000002 3.9999999999999982
    vertex 52.49999999999999 26.00000000000002 2.9999999999999947
  endloop
endfacet
facet normal 0.7071067811865486 -0.7071067811865466 -2.8181539421829194e-29
  outer loop
    vertex 50.5 21.171572875253833 3.0
    vertex 45.485786437626906 16.157359312880722 3.9999999999999982
    vertex 45.485786437626906 16.157359312880722 2.9999999999999947
  endloop
endfacet
facet normal 0.7071067811865486 -0.7071067811865466 -2.8181539421829194e-29
  outer loop
    vertex 45.485786437626906 16.157359312880722 3.9999999999999982
    vertex 50.5 21.171572875253833 3.0
    vertex 50.5 21.171572875253833 3.9999999999999982
  endloop
endfacet
facet normal -1.0 5.048468132530217e-16 0.0
  outer loop
    vertex 50.5 21.171572875253833 3.9999999999999982
    vertex 50.5 10.0 3.0
    vertex 50.5 10.0 3.9999999999999982
  endloop
endfacet
facet normal -1.0 5.048468132530217e-16 0.0
  outer loop
    vertex 50.5 10.0 3.0
    vertex 50.5 21.171572875253833 3.9999999999999982
    vertex 50.5 21.171572875253833 3.0
  endloop
endfacet
facet normal -0.7071067811865468 -0.7071067811865482 -9.892195807080818e-17
  outer loop
    vertex 45.485786437626906 16.157359312880722 2.9999999999999947
    vertex 40.471572875253806 21.171572875253815 3.999999999999987
    vertex 40.471572875253806 21.171572875253815 2.999999999999989
  endloop
endfacet
facet normal -0.7071067811865468 -0.7071067811865482 -9.892195807080818e-17
  outer loop
    vertex 40.471572875253806 21.171572875253815 3.999999999999987
    vertex 45.485786437626906 16.157359312880722 2.9999999999999947
    vertex 45.485786437626906 16.157359312880722 3.9999999999999982
  endloop
endfacet
facet normal 1.0 -0.0 -0.0
  outer loop
    vertex 52.49999999999999 26.00000000000002 2.9999999999999947
    vertex 52.49999999999999 9.999999999999998 4.00000000000001
    vertex 52.49999999999999 9.999999999999998 3.0000000000000058
  endloop
endfacet
facet normal 1.0 -0.0 -0.0
  outer loop
    vertex 52.49999999999999 9.999999999999998 4.00000000000001
    vertex 52.49999999999999 26.00000000000002 2.9999999999999947
    vertex 52.49999999999999 26.00000000000002 3.9999999999999982
  endloop
endfacet
facet normal 0.0 -1.0 0.0
  outer loop
    vertex 40.4715728752538 10.000000000000004 3.0
    vertex 38.4715728752538 10.000000000000004 3.999999999999987
    vertex 38.4715728752538 10.000000000000004 2.999999999999989
  endloop
endfacet
facet normal 0.0 -1.0 0.0
  outer loop
    vertex 38.4715728752538 10.000000000000004 3.999999999999987
    vertex 40.4715728752538 10.000000000000004 3.0
    vertex 40.4715728752538 10.000000000000004 3.9999999999999982
  endloop
endfacet
facet normal -9.884038715815229e-16 3.7675086470391723e-16 1.0
  outer loop
    vertex 52.49999999999999 9.999999999999998 4.00000000000001
    vertex 50.5 21.171572875253833 3.9999999999999982
    vertex 50.5 10.0 3.9999999999999982
  endloop
endfacet
facet normal -9.884038715815229e-16 3.7675086470391723e-16 1.0
  outer loop
    vertex 40.4715728752538 10.000000000000004 3.9999999999999982
    vertex 38.4715728752538 26.000000000000025 3.999999999999987
    vertex 38.4715728752538 10.000000000000004 3.999999999999987
  endloop
endfacet
facet normal -9.884038715815229e-16 3.7675086470391723e-16 1.0
  outer loop
    vertex 38.4715728752538 26.000000000000025 3.999999999999987
    vertex 40.4715728752538 10.000000000000004 3.9999999999999982
    vertex 40.471572875253806 21.171572875253815 3.999999999999987
  endloop
endfacet
facet normal -9.884038715815229e-16 3.7675086470391723e-16 1.0
  outer loop
    vertex 38.4715728752538 26.000000000000025 3.999999999999987
    vertex 40.471572875253806 21.171572875253815 3.999999999999987
    vertex 45.4857864376269 18.98578643762692 3.9999999999999982
  endloop
endfacet
facet normal -9.884038715815229e-16 3.7675086470391723e-16 1.0
  outer loop
    vertex 45.4857864376269 18.98578643762692 3.9999999999999982
    vertex 40.471572875253806 21.171572875253815 3.999999999999987
    vertex 45.485786437626906 16.157359312880722 3.9999999999999982
  endloop
endfacet
facet normal -9.884038715815229e-16 3.7675086470391723e-16 1.0
  outer loop
    vertex 45.4857864376269 18.98578643762692 3.9999999999999982
    vertex 45.485786437626906 16.157359312880722 3.9999999999999982
    vertex 52.49999999999999 26.00000000000002 3.9999999999999982
  endloop
endfacet
facet normal -9.884038715815229e-16 3.7675086470391723e-16 1.0
  outer loop
    vertex 52.49999999999999 26.00000000000002 3.9999999999999982
    vertex 45.485786437626906 16.157359312880722 3.9999999999999982
    vertex 50.5 21.171572875253833 3.9999999999999982
  endloop
endfacet
facet normal -9.884038715815229e-16 3.7675086470391723e-16 1.0
  outer loop
    vertex 52.49999999999999 26.00000000000002 3.9999999999999982
    vertex 50.5 21.171572875253833 3.9999999999999982
    vertex 52.49999999999999 9.999999999999998 4.00000000000001
  endloop
endfacet
facet normal 0.9238795325112862 0.3826834323650913 -0.0
  outer loop
    vertex 25.06391813470854 22.0 3.0
    vertex 25.863121514745583 20.070552360820166 3.9999999999999982
    vertex 25.863121514745583 20.070552360820166 3.0
  endloop
endfacet
facet normal 0.9238795325112862 0.3826834323650913 -0.0
  outer loop
    vertex 25.863121514745583 20.070552360820166 3.9999999999999982
    vertex 25.06391813470854 22.0 3.0
    vertex 25.06391813470854 22.0 3.9999999999999982
  endloop
endfacet
facet normal 0.6087614290087202 -0.7933533402912355 0.0
  outer loop
    vertex 23.792569153925413 12.343145750507619 4.00000000000001
    vertex 22.135714904433033 11.07179676972449 3.0000000000000115
    vertex 23.792569153925413 12.343145750507619 3.0000000000000115
  endloop
endfacet
facet normal 0.6087614290087202 -0.7933533402912355 0.0
  outer loop
    vertex 22.135714904433033 11.07179676972449 3.0000000000000115
    vertex 23.792569153925413 12.343145750507619 4.00000000000001
    vertex 22.135714904433033 11.07179676972449 4.00000000000001
  endloop
endfacet
facet normal 0.7933533402912355 -0.6087614290087204 -2.2802851728572372e-17
  outer loop
    vertex 25.063918134708544 14.000000000000002 3.0000000000000058
    vertex 23.792569153925413 12.343145750507619 4.00000000000001
    vertex 23.792569153925413 12.343145750507619 3.0000000000000115
  endloop
endfacet
facet normal 0.7933533402912355 -0.6087614290087204 -2.2802851728572372e-17
  outer loop
    vertex 23.792569153925413 12.343145750507619 4.00000000000001
    vertex 25.063918134708544 14.000000000000002 3.0000000000000058
    vertex 25.063918134708544 14.000000000000002 4.00000000000001
  endloop
endfacet
facet normal -0.0 1.0 -0.0
  outer loop
    vertex 13.135714904433035 25.999999999999996 3.9999999999999982
    vertex 18.135714904433033 25.999999999999996 3.0
    vertex 13.135714904433035 25.999999999999996 3.0
  endloop
endfacet
facet normal -0.0 1.0 -0.0
  outer loop
    vertex 18.135714904433033 25.999999999999996 3.0
    vertex 13.135714904433035 25.999999999999996 3.9999999999999982
    vertex 18.135714904433033 25.999999999999996 3.9999999999999982
  endloop
endfacet
facet normal -2.201874764415488e-16 4.761134294595571e-16 1.0
  outer loop
    vertex 13.135714904433035 9.999999999999998 3.9999999999999982
    vertex 15.135714904433033 11.999999999999998 3.9999999999999982
    vertex 13.135714904433035 25.999999999999996 3.9999999999999982
  endloop
endfacet
facet normal -2.201874764415488e-16 4.761134294595571e-16 1.0
  outer loop
    vertex 15.135714904433033 11.999999999999998 3.9999999999999982
    vertex 13.135714904433035 9.999999999999998 3.9999999999999982
    vertex 18.135714904433033 9.999999999999998 3.9999999999999982
  endloop
endfacet
facet normal -2.201874764415488e-16 4.761134294595571e-16 1.0
  outer loop
    vertex 15.135714904433033 11.999999999999998 3.9999999999999982
    vertex 18.135714904433033 9.999999999999998 3.9999999999999982
    vertex 18.135714904433033 12.0 4.00000000000001
  endloop
endfacet
facet normal -2.201874764415488e-16 4.761134294595571e-16 1.0
  outer loop
    vertex 18.135714904433033 12.0 4.00000000000001
    vertex 18.135714904433033 9.999999999999998 3.9999999999999982
    vertex 20.2062672652532 10.272593389687454 4.00000000000001
  endloop
endfacet
facet normal -2.201874764415488e-16 4.761134294595571e-16 1.0
  outer loop
    vertex 18.135714904433033 12.0 4.00000000000001
    vertex 20.2062672652532 10.272593389687454 4.00000000000001
    vertex 19.68862917504816 12.204445042265588 4.00000000000001
  endloop
endfacet
facet normal -2.201874764415488e-16 4.761134294595571e-16 1.0
  outer loop
    vertex 19.68862917504816 12.204445042265588 4.00000000000001
    vertex 20.2062672652532 10.272593389687454 4.00000000000001
    vertex 21.135714904433033 12.803847577293366 4.00000000000001
  endloop
endfacet
facet normal -2.201874764415488e-16 4.761134294595571e-16 1.0
  outer loop
    vertex 21.135714904433033 12.803847577293366 4.00000000000001
    vertex 20.2062672652532 10.272593389687454 4.00000000000001
    vertex 22.135714904433033 11.07179676972449 4.00000000000001
  endloop
endfacet
facet normal -2.201874764415488e-16 4.761134294595571e-16 1.0
  outer loop
    vertex 21.135714904433033 12.803847577293366 4.00000000000001
    vertex 22.135714904433033 11.07179676972449 4.00000000000001
    vertex 22.378355591552317 13.757359312880714 4.00000000000001
  endloop
endfacet
facet normal -2.201874764415488e-16 4.761134294595571e-16 1.0
  outer loop
    vertex 22.378355591552317 13.757359312880714 4.00000000000001
    vertex 22.135714904433033 11.07179676972449 4.00000000000001
    vertex 23.792569153925413 12.343145750507619 4.00000000000001
  endloop
endfacet
facet normal -2.201874764415488e-16 4.761134294595571e-16 1.0
  outer loop
    vertex 22.378355591552317 13.757359312880714 4.00000000000001
    vertex 23.792569153925413 12.343145750507619 4.00000000000001
    vertex 23.331867327139665 14.999999999999998 4.00000000000001
  endloop
endfacet
facet normal -2.201874764415488e-16 4.761134294595571e-16 1.0
  outer loop
    vertex 23.331867327139665 14.999999999999998 4.00000000000001
    vertex 23.792569153925413 12.343145750507619 4.00000000000001
    vertex 23.93126986216744 16.447085729384874 3.9999999999999982
  endloop
endfacet
facet normal -2.201874764415488e-16 4.761134294595571e-16 1.0
  outer loop
    vertex 23.93126986216744 16.447085729384874 3.9999999999999982
    vertex 23.792569153925413 12.343145750507619 4.00000000000001
    vertex 25.063918134708544 14.000000000000002 4.00000000000001
  endloop
endfacet
facet normal -2.201874764415488e-16 4.761134294595571e-16 1.0
  outer loop
    vertex 23.93126986216744 16.447085729384874 3.9999999999999982
    vertex 25.063918134708544 14.000000000000002 4.00000000000001
    vertex 24.135714904433033 17.999999999999996 3.9999999999999982
  endloop
endfacet
facet normal -2.201874764415488e-16 4.761134294595571e-16 1.0
  outer loop
    vertex 24.135714904433033 17.999999999999996 3.9999999999999982
    vertex 25.063918134708544 14.000000000000002 4.00000000000001
    vertex 25.06391813470854 22.0 3.9999999999999982
  endloop
endfacet
facet normal -2.201874764415488e-16 4.761134294595571e-16 1.0
  outer loop
    vertex 25.06391813470854 22.0 3.9999999999999982
    vertex 25.063918134708544 14.000000000000002 4.00000000000001
    vertex 25.863121514745583 20.070552360820166 3.9999999999999982
  endloop
endfacet
facet normal -2.201874764415488e-16 4.761134294595571e-16 1.0
  outer loop
    vertex 25.863121514745583 20.070552360820166 3.9999999999999982
    vertex 25.063918134708544 14.000000000000002 4.00000000000001
    vertex 25.863121514745583 15.929447639179836 3.9999999999999982
  endloop
endfacet
facet normal -2.201874764415488e-16 4.761134294595571e-16 1.0
  outer loop
    vertex 25.863121514745583 20.070552360820166 3.9999999999999982
    vertex 25.863121514745583 15.929447639179836 3.9999999999999982
    vertex 26.135714904433037 18.0 3.9999999999999982
  endloop
endfacet
facet normal -2.201874764415488e-16 4.761134294595571e-16 1.0
  outer loop
    vertex 13.135714904433035 25.999999999999996 3.9999999999999982
    vertex 15.135714904433033 24.0 3.9999999999999982
    vertex 18.135714904433033 25.999999999999996 3.9999999999999982
  endloop
endfacet
facet normal -2.201874764415488e-16 4.761134294595571e-16 1.0
  outer loop
    vertex 15.135714904433033 24.0 3.9999999999999982
    vertex 13.135714904433035 25.999999999999996 3.9999999999999982
    vertex 15.135714904433033 11.999999999999998 3.9999999999999982
  endloop
endfacet
facet normal -2.201874764415488e-16 4.761134294595571e-16 1.0
  outer loop
    vertex 18.135714904433033 25.999999999999996 3.9999999999999982
    vertex 15.135714904433033 24.0 3.9999999999999982
    vertex 18.13571490443303 23.999999999999996 3.9999999999999982
  endloop
endfacet
facet normal -2.201874764415488e-16 4.761134294595571e-16 1.0
  outer loop
    vertex 18.135714904433033 25.999999999999996 3.9999999999999982
    vertex 18.13571490443303 23.999999999999996 3.9999999999999982
    vertex 19.688629175048156 23.795554957734407 3.9999999999999982
  endloop
endfacet
facet normal -2.201874764415488e-16 4.761134294595571e-16 1.0
  outer loop
    vertex 18.135714904433033 25.999999999999996 3.9999999999999982
    vertex 19.688629175048156 23.795554957734407 3.9999999999999982
    vertex 20.2062672652532 25.727406610312542 3.9999999999999982
  endloop
endfacet
facet normal -2.201874764415488e-16 4.761134294595571e-16 1.0
  outer loop
    vertex 20.2062672652532 25.727406610312542 3.9999999999999982
    vertex 19.688629175048156 23.795554957734407 3.9999999999999982
    vertex 21.135714904433033 23.19615242270663 3.9999999999999982
  endloop
endfacet
facet normal -2.201874764415488e-16 4.761134294595571e-16 1.0
  outer loop
    vertex 20.2062672652532 25.727406610312542 3.9999999999999982
    vertex 21.135714904433033 23.19615242270663 3.9999999999999982
    vertex 22.135714904433033 24.928203230275507 3.9999999999999982
  endloop
endfacet
facet normal -2.201874764415488e-16 4.761134294595571e-16 1.0
  outer loop
    vertex 22.135714904433033 24.928203230275507 3.9999999999999982
    vertex 21.135714904433033 23.19615242270663 3.9999999999999982
    vertex 22.378355591552317 22.242640687119284 3.9999999999999982
  endloop
endfacet
facet normal -2.201874764415488e-16 4.761134294595571e-16 1.0
  outer loop
    vertex 22.135714904433033 24.928203230275507 3.9999999999999982
    vertex 22.378355591552317 22.242640687119284 3.9999999999999982
    vertex 23.792569153925413 23.65685424949238 3.9999999999999982
  endloop
endfacet
facet normal -2.201874764415488e-16 4.761134294595571e-16 1.0
  outer loop
    vertex 23.792569153925413 23.65685424949238 3.9999999999999982
    vertex 22.378355591552317 22.242640687119284 3.9999999999999982
    vertex 23.331867327139665 20.999999999999996 3.9999999999999982
  endloop
endfacet
facet normal -2.201874764415488e-16 4.761134294595571e-16 1.0
  outer loop
    vertex 23.792569153925413 23.65685424949238 3.9999999999999982
    vertex 23.331867327139665 20.999999999999996 3.9999999999999982
    vertex 23.931269862167444 19.55291427061512 3.9999999999999982
  endloop
endfacet
facet normal -2.201874764415488e-16 4.761134294595571e-16 1.0
  outer loop
    vertex 23.792569153925413 23.65685424949238 3.9999999999999982
    vertex 23.931269862167444 19.55291427061512 3.9999999999999982
    vertex 25.06391813470854 22.0 3.9999999999999982
  endloop
endfacet
facet normal -2.201874764415488e-16 4.761134294595571e-16 1.0
  outer loop
    vertex 25.06391813470854 22.0 3.9999999999999982
    vertex 23.931269862167444 19.55291427061512 3.9999999999999982
    vertex 24.135714904433033 17.999999999999996 3.9999999999999982
  endloop
endfacet
facet normal 0.9238795325112865 -0.38268343236509017 -1.3125250814994357e-17
  outer loop
    vertex 25.863121514745583 15.929447639179836 3.0000000000000058
    vertex 25.063918134708544 14.000000000000002 4.00000000000001
    vertex 25.063918134708544 14.000000000000002 3.0000000000000058
  endloop
endfacet
facet normal 0.9238795325112865 -0.38268343236509017 -1.3125250814994357e-17
  outer loop
    vertex 25.063918134708544 14.000000000000002 4.00000000000001
    vertex 25.863121514745583 15.929447639179836 3.0000000000000058
    vertex 25.863121514745583 15.929447639179836 3.9999999999999982
  endloop
endfacet
facet normal 0.9914448613738105 -0.1305261922200518 -4.078457634835661e-18
  outer loop
    vertex 26.135714904433037 18.0 3.0
    vertex 25.863121514745583 15.929447639179836 3.9999999999999982
    vertex 25.863121514745583 15.929447639179836 3.0000000000000058
  endloop
endfacet
facet normal 0.9914448613738105 -0.1305261922200518 -4.078457634835661e-18
  outer loop
    vertex 25.863121514745583 15.929447639179836 3.9999999999999982
    vertex 26.135714904433037 18.0 3.0
    vertex 26.135714904433037 18.0 3.9999999999999982
  endloop
endfacet
facet normal 0.0 -1.0 0.0
  outer loop
    vertex 18.135714904433033 9.999999999999998 3.9999999999999982
    vertex 13.135714904433035 9.999999999999998 3.0
    vertex 18.135714904433033 9.999999999999998 3.0
  endloop
endfacet
facet normal 0.0 -1.0 0.0
  outer loop
    vertex 13.135714904433035 9.999999999999998 3.0
    vertex 18.135714904433033 9.999999999999998 3.9999999999999982
    vertex 13.135714904433035 9.999999999999998 3.9999999999999982
  endloop
endfacet
facet normal 0.13052619222005243 -0.9914448613738103 1.9463627687288325e-18
  outer loop
    vertex 20.2062672652532 10.272593389687454 3.0000000000000115
    vertex 18.135714904433033 9.999999999999998 3.9999999999999982
    vertex 18.135714904433033 9.999999999999998 3.0
  endloop
endfacet
facet normal 0.13052619222005243 -0.9914448613738103 1.9463627687288325e-18
  outer loop
    vertex 18.135714904433033 9.999999999999998 3.9999999999999982
    vertex 20.2062672652532 10.272593389687454 3.0000000000000115
    vertex 20.2062672652532 10.272593389687454 4.00000000000001
  endloop
endfacet
facet normal 0.6087614290087198 0.7933533402912358 -0.0
  outer loop
    vertex 22.135714904433033 24.928203230275507 3.9999999999999982
    vertex 23.792569153925413 23.65685424949238 3.0
    vertex 22.135714904433033 24.928203230275507 3.0
  endloop
endfacet
facet normal 0.6087614290087198 0.7933533402912358 -0.0
  outer loop
    vertex 23.792569153925413 23.65685424949238 3.0
    vertex 22.135714904433033 24.928203230275507 3.9999999999999982
    vertex 23.792569153925413 23.65685424949238 3.9999999999999982
  endloop
endfacet
facet normal 0.9914448613738105 0.1305261922200518 -0.0
  outer loop
    vertex 25.863121514745583 20.070552360820166 3.0
    vertex 26.135714904433037 18.0 3.9999999999999982
    vertex 26.135714904433037 18.0 3.0
  endloop
endfacet
facet normal 0.9914448613738105 0.1305261922200518 -0.0
  outer loop
    vertex 26.135714904433037 18.0 3.9999999999999982
    vertex 25.863121514745583 20.070552360820166 3.0
    vertex 25.863121514745583 20.070552360820166 3.9999999999999982
  endloop
endfacet
facet normal 0.38268343236509017 0.9238795325112865 -0.0
  outer loop
    vertex 20.2062672652532 25.727406610312542 3.9999999999999982
    vertex 22.135714904433033 24.928203230275507 3.0
    vertex 20.2062672652532 25.727406610312542 3.0
  endloop
endfacet
facet normal 0.38268343236509017 0.9238795325112865 -0.0
  outer loop
    vertex 22.135714904433033 24.928203230275507 3.0
    vertex 20.2062672652532 25.727406610312542 3.9999999999999982
    vertex 22.135714904433033 24.928203230275507 3.9999999999999982
  endloop
endfacet
facet normal 0.3826834323650896 -0.9238795325112868 0.0
  outer loop
    vertex 22.135714904433033 11.07179676972449 4.00000000000001
    vertex 20.2062672652532 10.272593389687454 3.0000000000000115
    vertex 22.135714904433033 11.07179676972449 3.0000000000000115
  endloop
endfacet
facet normal 0.3826834323650896 -0.9238795325112868 0.0
  outer loop
    vertex 20.2062672652532 10.272593389687454 3.0000000000000115
    vertex 22.135714904433033 11.07179676972449 4.00000000000001
    vertex 20.2062672652532 10.272593389687454 4.00000000000001
  endloop
endfacet
facet normal -0.9238795325112875 0.3826834323650882 -2.9160025836684455e-17
  outer loop
    vertex 23.93126986216744 16.447085729384874 3.9999999999999982
    vertex 23.331867327139665 14.999999999999998 3.0000000000000058
    vertex 23.331867327139665 14.999999999999998 4.00000000000001
  endloop
endfacet
facet normal -0.9238795325112875 0.3826834323650882 -2.9160025836684455e-17
  outer loop
    vertex 23.331867327139665 14.999999999999998 3.0000000000000058
    vertex 23.93126986216744 16.447085729384874 3.9999999999999982
    vertex 23.93126986216744 16.447085729384874 3.0000000000000058
  endloop
endfacet
facet normal -0.13052619222004996 -0.9914448613738107 0.0
  outer loop
    vertex 19.688629175048156 23.795554957734407 3.9999999999999982
    vertex 18.13571490443303 23.999999999999996 3.0
    vertex 19.688629175048156 23.795554957734407 3.0
  endloop
endfacet
facet normal -0.13052619222004996 -0.9914448613738107 0.0
  outer loop
    vertex 18.13571490443303 23.999999999999996 3.0
    vertex 19.688629175048156 23.795554957734407 3.9999999999999982
    vertex 18.13571490443303 23.999999999999996 3.9999999999999982
  endloop
endfacet
facet normal -9.399888275159667e-16 -1.0 0.0
  outer loop
    vertex 18.13571490443303 23.999999999999996 3.9999999999999982
    vertex 15.135714904433033 24.0 3.0
    vertex 18.13571490443303 23.999999999999996 3.0
  endloop
endfacet
facet normal -9.399888275159667e-16 -1.0 0.0
  outer loop
    vertex 15.135714904433033 24.0 3.0
    vertex 18.13571490443303 23.999999999999996 3.9999999999999982
    vertex 15.135714904433033 24.0 3.9999999999999982
  endloop
endfacet
facet normal 0.7933533402912353 0.6087614290087205 -0.0
  outer loop
    vertex 23.792569153925413 23.65685424949238 3.0
    vertex 25.06391813470854 22.0 3.9999999999999982
    vertex 25.06391813470854 22.0 3.0
  endloop
endfacet
facet normal 0.7933533402912353 0.6087614290087205 -0.0
  outer loop
    vertex 25.06391813470854 22.0 3.9999999999999982
    vertex 23.792569153925413 23.65685424949238 3.0
    vertex 23.792569153925413 23.65685424949238 3.9999999999999982
  endloop
endfacet
facet normal 0.1305261922200518 0.9914448613738105 -0.0
  outer loop
    vertex 18.135714904433033 25.999999999999996 3.9999999999999982
    vertex 20.2062672652532 25.727406610312542 3.0
    vertex 18.135714904433033 25.999999999999996 3.0
  endloop
endfacet
facet normal 0.1305261922200518 0.9914448613738105 -0.0
  outer loop
    vertex 20.2062672652532 25.727406610312542 3.0
    vertex 18.135714904433033 25.999999999999996 3.9999999999999982
    vertex 20.2062672652532 25.727406610312542 3.9999999999999982
  endloop
endfacet
facet normal -0.3826834323650891 -0.9238795325112871 0.0
  outer loop
    vertex 21.135714904433033 23.19615242270663 3.9999999999999982
    vertex 19.688629175048156 23.795554957734407 3.0
    vertex 21.135714904433033 23.19615242270663 3.0
  endloop
endfacet
facet normal -0.3826834323650891 -0.9238795325112871 0.0
  outer loop
    vertex 19.688629175048156 23.795554957734407 3.0
    vertex 21.135714904433033 23.19615242270663 3.9999999999999982
    vertex 19.688629175048156 23.795554957734407 3.9999999999999982
  endloop
endfacet
facet normal -0.7933533402912355 -0.6087614290087204 0.0
  outer loop
    vertex 22.378355591552317 22.242640687119284 3.9999999999999982
    vertex 23.331867327139665 20.999999999999996 3.0
    vertex 23.331867327139665 20.999999999999996 3.9999999999999982
  endloop
endfacet
facet normal -0.7933533402912355 -0.6087614290087204 0.0
  outer loop
    vertex 23.331867327139665 20.999999999999996 3.0
    vertex 22.378355591552317 22.242640687119284 3.9999999999999982
    vertex 22.378355591552317 22.242640687119284 3.0
  endloop
endfacet
facet normal -0.6087614290087213 -0.7933533402912347 0.0
  outer loop
    vertex 22.378355591552317 22.242640687119284 3.9999999999999982
    vertex 21.135714904433033 23.19615242270663 3.0
    vertex 22.378355591552317 22.242640687119284 3.0
  endloop
endfacet
facet normal -0.6087614290087213 -0.7933533402912347 0.0
  outer loop
    vertex 21.135714904433033 23.19615242270663 3.0
    vertex 22.378355591552317 22.242640687119284 3.9999999999999982
    vertex 21.135714904433033 23.19615242270663 3.9999999999999982
  endloop
endfacet
facet normal -0.9238795325112867 -0.38268343236508967 0.0
  outer loop
    vertex 23.331867327139665 20.999999999999996 3.9999999999999982
    vertex 23.931269862167444 19.55291427061512 3.0
    vertex 23.931269862167444 19.55291427061512 3.9999999999999982
  endloop
endfacet
facet normal -0.9238795325112867 -0.38268343236508967 0.0
  outer loop
    vertex 23.931269862167444 19.55291427061512 3.0
    vertex 23.331867327139665 20.999999999999996 3.9999999999999982
    vertex 23.331867327139665 20.999999999999996 3.0
  endloop
endfacet
facet normal -0.13052619222005077 0.9914448613738105 -0.0
  outer loop
    vertex 18.135714904433033 12.0 4.00000000000001
    vertex 19.68862917504816 12.204445042265588 3.0000000000000115
    vertex 18.135714904433033 12.0 3.0000000000000115
  endloop
endfacet
facet normal -0.13052619222005077 0.9914448613738105 -0.0
  outer loop
    vertex 19.68862917504816 12.204445042265588 3.0000000000000115
    vertex 18.135714904433033 12.0 4.00000000000001
    vertex 19.68862917504816 12.204445042265588 4.00000000000001
  endloop
endfacet
facet normal -4.699944137579828e-16 1.0 7.248108950370191e-33
  outer loop
    vertex 15.135714904433033 11.999999999999998 3.9999999999999982
    vertex 18.135714904433033 12.0 3.0000000000000115
    vertex 15.135714904433033 11.999999999999998 3.0
  endloop
endfacet
facet normal -4.699944137579828e-16 1.0 7.248108950370191e-33
  outer loop
    vertex 18.135714904433033 12.0 3.0000000000000115
    vertex 15.135714904433033 11.999999999999998 3.9999999999999982
    vertex 18.135714904433033 12.0 4.00000000000001
  endloop
endfacet
facet normal -0.9914448613738105 0.13052619222005193 3.0588432261274554e-18
  outer loop
    vertex 24.135714904433033 17.999999999999996 3.9999999999999982
    vertex 23.93126986216744 16.447085729384874 3.0000000000000058
    vertex 23.93126986216744 16.447085729384874 3.9999999999999982
  endloop
endfacet
facet normal -0.9914448613738105 0.13052619222005193 3.0588432261274554e-18
  outer loop
    vertex 23.93126986216744 16.447085729384874 3.0000000000000058
    vertex 24.135714904433033 17.999999999999996 3.9999999999999982
    vertex 24.135714904433033 17.999999999999996 3.0
  endloop
endfacet
facet normal 1.0 -0.0 -0.0
  outer loop
    vertex 15.135714904433033 24.0 3.0
    vertex 15.135714904433033 11.999999999999998 3.9999999999999982
    vertex 15.135714904433033 11.999999999999998 3.0
  endloop
endfacet
facet normal 1.0 -0.0 -0.0
  outer loop
    vertex 15.135714904433033 11.999999999999998 3.9999999999999982
    vertex 15.135714904433033 24.0 3.0
    vertex 15.135714904433033 24.0 3.9999999999999982
  endloop
endfacet
facet normal -1.0 0.0 0.0
  outer loop
    vertex 13.135714904433035 25.999999999999996 3.9999999999999982
    vertex 13.135714904433035 9.999999999999998 3.0
    vertex 13.135714904433035 9.999999999999998 3.9999999999999982
  endloop
endfacet
facet normal -1.0 0.0 0.0
  outer loop
    vertex 13.135714904433035 9.999999999999998 3.0
    vertex 13.135714904433035 25.999999999999996 3.9999999999999982
    vertex 13.135714904433035 25.999999999999996 3.0
  endloop
endfacet
facet normal -0.9914448613738107 -0.13052619222004996 0.0
  outer loop
    vertex 23.931269862167444 19.55291427061512 3.9999999999999982
    vertex 24.135714904433033 17.999999999999996 3.0
    vertex 24.135714904433033 17.999999999999996 3.9999999999999982
  endloop
endfacet
facet normal -0.9914448613738107 -0.13052619222004996 0.0
  outer loop
    vertex 24.135714904433033 17.999999999999996 3.0
    vertex 23.931269862167444 19.55291427061512 3.9999999999999982
    vertex 23.931269862167444 19.55291427061512 3.0
  endloop
endfacet
facet normal -0.3826834323650897 0.9238795325112867 -0.0
  outer loop
    vertex 19.68862917504816 12.204445042265588 4.00000000000001
    vertex 21.135714904433033 12.803847577293366 3.0000000000000115
    vertex 19.68862917504816 12.204445042265588 3.0000000000000115
  endloop
endfacet
facet normal -0.3826834323650897 0.9238795325112867 -0.0
  outer loop
    vertex 21.135714904433033 12.803847577293366 3.0000000000000115
    vertex 19.68862917504816 12.204445042265588 4.00000000000001
    vertex 21.135714904433033 12.803847577293366 4.00000000000001
  endloop
endfacet
facet normal -0.7933533402912347 0.6087614290087212 0.0
  outer loop
    vertex 23.331867327139665 14.999999999999998 4.00000000000001
    vertex 22.378355591552317 13.757359312880714 3.0000000000000058
    vertex 22.378355591552317 13.757359312880714 4.00000000000001
  endloop
endfacet
facet normal -0.7933533402912347 0.6087614290087212 0.0
  outer loop
    vertex 22.378355591552317 13.757359312880714 3.0000000000000058
    vertex 23.331867327139665 14.999999999999998 4.00000000000001
    vertex 23.331867327139665 14.999999999999998 3.0000000000000058
  endloop
endfacet
facet normal -0.6087614290087213 0.7933533402912347 -1.3874162167953405e-17
  outer loop
    vertex 21.135714904433033 12.803847577293366 3.0000000000000115
    vertex 22.378355591552317 13.757359312880714 4.00000000000001
    vertex 22.378355591552317 13.757359312880714 3.0000000000000058
  endloop
endfacet
facet normal -0.6087614290087213 0.7933533402912347 -1.3874162167953405e-17
  outer loop
    vertex 22.378355591552317 13.757359312880714 4.00000000000001
    vertex 21.135714904433033 12.803847577293366 3.0000000000000115
    vertex 21.135714904433033 12.803847577293366 4.00000000000001
  endloop
endfacet
facet normal 0.7933533402912357 -0.6087614290087202 -0.0
  outer loop
    vertex 99.83012701892221 12.499999999999996 3.0000000000000058
    vertex 99.03553390593275 11.464466094067259 3.9999999999999982
    vertex 99.03553390593275 11.464466094067259 3.0000000000000058
  endloop
endfacet
facet normal 0.7933533402912357 -0.6087614290087202 -0.0
  outer loop
    vertex 99.03553390593275 11.464466094067259 3.9999999999999982
    vertex 99.83012701892221 12.499999999999996 3.0000000000000058
    vertex 99.83012701892221 12.499999999999996 3.9999999999999982
  endloop
endfacet
facet normal -0.6087614290087149 0.7933533402912395 -0.0
  outer loop
    vertex 97.00000000000001 12.401923788646677 3.9999999999999982
    vertex 97.62132034355966 12.87867965644035 3.0000000000000058
    vertex 97.00000000000001 12.401923788646677 3.0000000000000058
  endloop
endfacet
facet normal -0.6087614290087149 0.7933533402912395 -0.0
  outer loop
    vertex 97.62132034355966 12.87867965644035 3.0000000000000058
    vertex 97.00000000000001 12.401923788646677 3.9999999999999982
    vertex 97.62132034355966 12.87867965644035 3.9999999999999982
  endloop
endfacet
facet normal -0.9914448613738114 0.1305261922200446 0.0
  outer loop
    vertex 98.50000000000003 14.999999999999998 3.9999999999999982
    vertex 98.39777747886723 14.223542864692435 3.0000000000000058
    vertex 98.39777747886723 14.223542864692435 3.9999999999999982
  endloop
endfacet
facet normal -0.9914448613738114 0.1305261922200446 0.0
  outer loop
    vertex 98.39777747886723 14.223542864692435 3.0000000000000058
    vertex 98.50000000000003 14.999999999999998 3.9999999999999982
    vertex 98.50000000000003 14.999999999999998 3.0000000000000058
  endloop
endfacet
facet normal -0.38268343236508723 -0.9238795325112878 0.0
  outer loop
    vertex 94.20590477448741 10.170370868554654 3.9999999999999982
    vertex 93.00000000000001 10.669872981077802 3.0000000000000058
    vertex 94.20590477448741 10.170370868554654 3.0000000000000058
  endloop
endfacet
facet normal -0.38268343236508723 -0.9238795325112878 0.0
  outer loop
    vertex 93.00000000000001 10.669872981077802 3.0000000000000058
    vertex 94.20590477448741 10.170370868554654 3.9999999999999982
    vertex 93.00000000000001 10.669872981077802 3.9999999999999982
  endloop
endfacet
facet normal 0.9914448613738114 0.1305261922200446 -0.0
  outer loop
    vertex 92.50000000000001 14.999999999999998 3.0000000000000058
    vertex 92.6022225211328 14.223542864692435 3.9999999999999982
    vertex 92.6022225211328 14.223542864692435 3.0000000000000058
  endloop
endfacet
facet normal 0.9914448613738114 0.1305261922200446 -0.0
  outer loop
    vertex 92.6022225211328 14.223542864692435 3.9999999999999982
    vertex 92.50000000000001 14.999999999999998 3.0000000000000058
    vertex 92.50000000000001 14.999999999999998 3.9999999999999982
  endloop
endfacet
facet normal -0.7933533402912357 -0.6087614290087202 0.0
  outer loop
    vertex 91.16987298107783 12.499999999999996 3.9999999999999982
    vertex 91.96446609406728 11.464466094067259 3.0000000000000058
    vertex 91.96446609406728 11.464466094067259 3.9999999999999982
  endloop
endfacet
facet normal -0.7933533402912357 -0.6087614290087202 0.0
  outer loop
    vertex 91.96446609406728 11.464466094067259 3.0000000000000058
    vertex 91.16987298107783 12.499999999999996 3.9999999999999982
    vertex 91.16987298107783 12.499999999999996 3.0000000000000058
  endloop
endfacet
facet normal 0.13052619222005188 -0.9914448613738105 0.0
  outer loop
    vertex 96.79409522551262 10.170370868554654 3.9999999999999982
    vertex 95.50000000000001 9.999999999999996 3.0000000000000058
    vertex 96.79409522551262 10.170370868554654 3.0000000000000058
  endloop
endfacet
facet normal 0.13052619222005188 -0.9914448613738105 0.0
  outer loop
    vertex 95.50000000000001 9.999999999999996 3.0000000000000058
    vertex 96.79409522551262 10.170370868554654 3.9999999999999982
    vertex 95.50000000000001 9.999999999999996 3.9999999999999982
  endloop
endfacet
facet normal -0.7933533402912352 0.6087614290087207 0.0
  outer loop
    vertex 98.09807621135334 13.499999999999995 3.9999999999999982
    vertex 97.62132034355966 12.87867965644035 3.0000000000000058
    vertex 97.62132034355966 12.87867965644035 3.9999999999999982
  endloop
endfacet
facet normal -0.7933533402912352 0.6087614290087207 0.0
  outer loop
    vertex 97.62132034355966 12.87867965644035 3.0000000000000058
    vertex 98.09807621135334 13.499999999999995 3.9999999999999982
    vertex 98.09807621135334 13.499999999999995 3.0000000000000058
  endloop
endfacet
facet normal -0.6087614290087244 -0.7933533402912323 0.0
  outer loop
    vertex 93.00000000000001 10.669872981077802 3.9999999999999982
    vertex 91.96446609406728 11.464466094067259 3.0000000000000058
    vertex 93.00000000000001 10.669872981077802 3.0000000000000058
  endloop
endfacet
facet normal -0.6087614290087244 -0.7933533402912323 0.0
  outer loop
    vertex 91.96446609406728 11.464466094067259 3.0000000000000058
    vertex 93.00000000000001 10.669872981077802 3.9999999999999982
    vertex 91.96446609406728 11.464466094067259 3.9999999999999982
  endloop
endfacet
facet normal -0.9914448613738098 -0.13052619222005582 0.0
  outer loop
    vertex 90.50000000000001 14.999999999999998 3.9999999999999982
    vertex 90.67037086855468 13.705904774487392 3.0000000000000058
    vertex 90.67037086855468 13.705904774487392 3.9999999999999982
  endloop
endfacet
facet normal -0.9914448613738098 -0.13052619222005582 0.0
  outer loop
    vertex 90.67037086855468 13.705904774487392 3.0000000000000058
    vertex 90.50000000000001 14.999999999999998 3.9999999999999982
    vertex 90.50000000000001 14.999999999999998 3.0000000000000058
  endloop
endfacet
facet normal 0.9238795325112873 -0.3826834323650887 -0.0
  outer loop
    vertex 100.32962913144536 13.705904774487395 3.0000000000000058
    vertex 99.83012701892221 12.499999999999996 3.9999999999999982
    vertex 99.83012701892221 12.499999999999996 3.0000000000000058
  endloop
endfacet
facet normal 0.9238795325112873 -0.3826834323650887 -0.0
  outer loop
    vertex 99.83012701892221 12.499999999999996 3.9999999999999982
    vertex 100.32962913144536 13.705904774487395 3.0000000000000058
    vertex 100.32962913144536 13.705904774487395 3.9999999999999982
  endloop
endfacet
facet normal 0.9914448613738098 -0.13052619222005582 -0.0
  outer loop
    vertex 100.50000000000001 15.0 3.0000000000000058
    vertex 100.32962913144536 13.705904774487395 3.9999999999999982
    vertex 100.32962913144536 13.705904774487395 3.0000000000000058
  endloop
endfacet
facet normal 0.9914448613738098 -0.13052619222005582 -0.0
  outer loop
    vertex 100.32962913144536 13.705904774487395 3.9999999999999982
    vertex 100.50000000000001 15.0 3.0000000000000058
    vertex 100.50000000000001 15.0 3.9999999999999982
  endloop
endfacet
facet normal 0.3826834323650903 -0.9238795325112865 0.0
  outer loop
    vertex 98.00000000000001 10.669872981077802 3.9999999999999982
    vertex 96.79409522551262 10.170370868554654 3.0000000000000058
    vertex 98.00000000000001 10.669872981077802 3.0000000000000058
  endloop
endfacet
facet normal 0.3826834323650903 -0.9238795325112865 0.0
  outer loop
    vertex 96.79409522551262 10.170370868554654 3.0000000000000058
    vertex 98.00000000000001 10.669872981077802 3.9999999999999982
    vertex 96.79409522551262 10.170370868554654 3.9999999999999982
  endloop
endfacet
facet normal 0.7933533402912352 0.6087614290087207 -0.0
  outer loop
    vertex 92.9019237886467 13.499999999999995 3.0000000000000058
    vertex 93.37867965644037 12.87867965644035 3.9999999999999982
    vertex 93.37867965644037 12.87867965644035 3.0000000000000058
  endloop
endfacet
facet normal 0.7933533402912352 0.6087614290087207 -0.0
  outer loop
    vertex 93.37867965644037 12.87867965644035 3.9999999999999982
    vertex 92.9019237886467 13.499999999999995 3.0000000000000058
    vertex 92.9019237886467 13.499999999999995 3.9999999999999982
  endloop
endfacet
facet normal 0.3826834323650901 0.9238795325112867 -0.0
  outer loop
    vertex 94.00000000000001 12.401923788646677 3.9999999999999982
    vertex 94.72354286469245 12.102222521132788 3.0000000000000058
    vertex 94.00000000000001 12.401923788646677 3.0000000000000058
  endloop
endfacet
facet normal 0.3826834323650901 0.9238795325112867 -0.0
  outer loop
    vertex 94.72354286469245 12.102222521132788 3.0000000000000058
    vertex 94.00000000000001 12.401923788646677 3.9999999999999982
    vertex 94.72354286469245 12.102222521132788 3.9999999999999982
  endloop
endfacet
facet normal 0.13052619222005077 0.9914448613738105 -0.0
  outer loop
    vertex 94.72354286469245 12.102222521132788 3.9999999999999982
    vertex 95.50000000000001 11.999999999999993 3.0000000000000058
    vertex 94.72354286469245 12.102222521132788 3.0000000000000058
  endloop
endfacet
facet normal 0.13052619222005077 0.9914448613738105 -0.0
  outer loop
    vertex 95.50000000000001 11.999999999999993 3.0000000000000058
    vertex 94.72354286469245 12.102222521132788 3.9999999999999982
    vertex 95.50000000000001 11.999999999999993 3.9999999999999982
  endloop
endfacet
facet normal -0.9238795325112854 0.3826834323650931 0.0
  outer loop
    vertex 98.39777747886723 14.223542864692435 3.9999999999999982
    vertex 98.09807621135334 13.499999999999995 3.0000000000000058
    vertex 98.09807621135334 13.499999999999995 3.9999999999999982
  endloop
endfacet
facet normal -0.9238795325112854 0.3826834323650931 0.0
  outer loop
    vertex 98.09807621135334 13.499999999999995 3.0000000000000058
    vertex 98.39777747886723 14.223542864692435 3.9999999999999982
    vertex 98.39777747886723 14.223542864692435 3.0000000000000058
  endloop
endfacet
facet normal -0.13052619222005188 -0.9914448613738105 0.0
  outer loop
    vertex 95.50000000000001 9.999999999999996 3.9999999999999982
    vertex 94.20590477448741 10.170370868554654 3.0000000000000058
    vertex 95.50000000000001 9.999999999999996 3.0000000000000058
  endloop
endfacet
facet normal -0.13052619222005188 -0.9914448613738105 0.0
  outer loop
    vertex 94.20590477448741 10.170370868554654 3.0000000000000058
    vertex 95.50000000000001 9.999999999999996 3.9999999999999982
    vertex 94.20590477448741 10.170370868554654 3.9999999999999982
  endloop
endfacet
facet normal 0.9238795325112854 0.38268343236509317 -0.0
  outer loop
    vertex 92.6022225211328 14.223542864692435 3.0000000000000058
    vertex 92.9019237886467 13.499999999999995 3.9999999999999982
    vertex 92.9019237886467 13.499999999999995 3.0000000000000058
  endloop
endfacet
facet normal 0.9238795325112854 0.38268343236509317 -0.0
  outer loop
    vertex 92.9019237886467 13.499999999999995 3.9999999999999982
    vertex 92.6022225211328 14.223542864692435 3.0000000000000058
    vertex 92.6022225211328 14.223542864692435 3.9999999999999982
  endloop
endfacet
facet normal -1.0 0.0 0.0
  outer loop
    vertex 98.50000000000003 26.00000000000002 3.9999999999999982
    vertex 98.50000000000003 14.999999999999998 3.0000000000000058
    vertex 98.50000000000003 14.999999999999998 3.9999999999999982
  endloop
endfacet
facet normal -1.0 0.0 0.0
  outer loop
    vertex 98.50000000000003 14.999999999999998 3.0000000000000058
    vertex 98.50000000000003 26.00000000000002 3.9999999999999982
    vertex 98.50000000000003 26.00000000000002 3.0
  endloop
endfacet
facet normal -0.9238795325112868 -0.38268343236508945 0.0
  outer loop
    vertex 90.67037086855468 13.705904774487392 3.9999999999999982
    vertex 91.16987298107783 12.499999999999996 3.0000000000000058
    vertex 91.16987298107783 12.499999999999996 3.9999999999999982
  endloop
endfacet
facet normal -0.9238795325112868 -0.38268343236508945 0.0
  outer loop
    vertex 91.16987298107783 12.499999999999996 3.0000000000000058
    vertex 90.67037086855468 13.705904774487392 3.9999999999999982
    vertex 90.67037086855468 13.705904774487392 3.0000000000000058
  endloop
endfacet
facet normal -0.0 1.0 -0.0
  outer loop
    vertex 98.50000000000003 26.00000000000002 3.9999999999999982
    vertex 100.50000000000001 26.00000000000002 3.0
    vertex 98.50000000000003 26.00000000000002 3.0
  endloop
endfacet
facet normal -0.0 1.0 -0.0
  outer loop
    vertex 100.50000000000001 26.00000000000002 3.0
    vertex 98.50000000000003 26.00000000000002 3.9999999999999982
    vertex 100.50000000000001 26.00000000000002 3.9999999999999982
  endloop
endfacet
facet normal -0.13052619222005077 0.9914448613738105 -0.0
  outer loop
    vertex 95.50000000000001 11.999999999999993 3.9999999999999982
    vertex 96.27645713530758 12.102222521132788 3.0000000000000058
    vertex 95.50000000000001 11.999999999999993 3.0000000000000058
  endloop
endfacet
facet normal -0.13052619222005077 0.9914448613738105 -0.0
  outer loop
    vertex 96.27645713530758 12.102222521132788 3.0000000000000058
    vertex 95.50000000000001 11.999999999999993 3.9999999999999982
    vertex 96.27645713530758 12.102222521132788 3.9999999999999982
  endloop
endfacet
facet normal 0.6087614290087202 -0.7933533402912355 0.0
  outer loop
    vertex 99.03553390593275 11.464466094067259 3.9999999999999982
    vertex 98.00000000000001 10.669872981077802 3.0000000000000058
    vertex 99.03553390593275 11.464466094067259 3.0000000000000058
  endloop
endfacet
facet normal 0.6087614290087202 -0.7933533402912355 0.0
  outer loop
    vertex 98.00000000000001 10.669872981077802 3.0000000000000058
    vertex 99.03553390593275 11.464466094067259 3.9999999999999982
    vertex 98.00000000000001 10.669872981077802 3.9999999999999982
  endloop
endfacet
facet normal 1.0 -0.0 -0.0
  outer loop
    vertex 100.50000000000001 26.00000000000002 3.0
    vertex 100.50000000000001 15.0 3.9999999999999982
    vertex 100.50000000000001 15.0 3.0000000000000058
  endloop
endfacet
facet normal 1.0 -0.0 -0.0
  outer loop
    vertex 100.50000000000001 15.0 3.9999999999999982
    vertex 100.50000000000001 26.00000000000002 3.0
    vertex 100.50000000000001 26.00000000000002 3.9999999999999982
  endloop
endfacet
facet normal -0.38268343236509517 0.9238795325112846 -0.0
  outer loop
    vertex 96.27645713530758 12.102222521132788 3.9999999999999982
    vertex 97.00000000000001 12.401923788646677 3.0000000000000058
    vertex 96.27645713530758 12.102222521132788 3.0000000000000058
  endloop
endfacet
facet normal -0.38268343236509517 0.9238795325112846 -0.0
  outer loop
    vertex 97.00000000000001 12.401923788646677 3.0000000000000058
    vertex 96.27645713530758 12.102222521132788 3.9999999999999982
    vertex 97.00000000000001 12.401923788646677 3.9999999999999982
  endloop
endfacet
facet normal -1.0365089514877783e-31 4.137726464179708e-32 1.0
  outer loop
    vertex 90.67037086855468 13.705904774487392 3.9999999999999982
    vertex 92.50000000000001 14.999999999999998 3.9999999999999982
    vertex 90.50000000000001 14.999999999999998 3.9999999999999982
  endloop
endfacet
facet normal -1.0365089514877783e-31 4.137726464179708e-32 1.0
  outer loop
    vertex 92.50000000000001 14.999999999999998 3.9999999999999982
    vertex 90.67037086855468 13.705904774487392 3.9999999999999982
    vertex 91.16987298107783 12.499999999999996 3.9999999999999982
  endloop
endfacet
facet normal -1.0365089514877783e-31 4.137726464179708e-32 1.0
  outer loop
    vertex 92.50000000000001 14.999999999999998 3.9999999999999982
    vertex 91.16987298107783 12.499999999999996 3.9999999999999982
    vertex 91.96446609406728 11.464466094067259 3.9999999999999982
  endloop
endfacet
facet normal -1.0365089514877783e-31 4.137726464179708e-32 1.0
  outer loop
    vertex 92.50000000000001 14.999999999999998 3.9999999999999982
    vertex 91.96446609406728 11.464466094067259 3.9999999999999982
    vertex 93.00000000000001 10.669872981077802 3.9999999999999982
  endloop
endfacet
facet normal -1.0365089514877783e-31 4.137726464179708e-32 1.0
  outer loop
    vertex 92.50000000000001 14.999999999999998 3.9999999999999982
    vertex 93.00000000000001 10.669872981077802 3.9999999999999982
    vertex 92.6022225211328 14.223542864692435 3.9999999999999982
  endloop
endfacet
facet normal -1.0365089514877783e-31 4.137726464179708e-32 1.0
  outer loop
    vertex 92.6022225211328 14.223542864692435 3.9999999999999982
    vertex 93.00000000000001 10.669872981077802 3.9999999999999982
    vertex 92.9019237886467 13.499999999999995 3.9999999999999982
  endloop
endfacet
facet normal -1.0365089514877783e-31 4.137726464179708e-32 1.0
  outer loop
    vertex 92.9019237886467 13.499999999999995 3.9999999999999982
    vertex 93.00000000000001 10.669872981077802 3.9999999999999982
    vertex 93.37867965644037 12.87867965644035 3.9999999999999982
  endloop
endfacet
facet normal -1.0365089514877783e-31 4.137726464179708e-32 1.0
  outer loop
    vertex 93.37867965644037 12.87867965644035 3.9999999999999982
    vertex 93.00000000000001 10.669872981077802 3.9999999999999982
    vertex 94.20590477448741 10.170370868554654 3.9999999999999982
  endloop
endfacet
facet normal -1.0365089514877783e-31 4.137726464179708e-32 1.0
  outer loop
    vertex 93.37867965644037 12.87867965644035 3.9999999999999982
    vertex 94.20590477448741 10.170370868554654 3.9999999999999982
    vertex 94.00000000000001 12.401923788646677 3.9999999999999982
  endloop
endfacet
facet normal -1.0365089514877783e-31 4.137726464179708e-32 1.0
  outer loop
    vertex 94.00000000000001 12.401923788646677 3.9999999999999982
    vertex 94.20590477448741 10.170370868554654 3.9999999999999982
    vertex 94.72354286469245 12.102222521132788 3.9999999999999982
  endloop
endfacet
facet normal -1.0365089514877783e-31 4.137726464179708e-32 1.0
  outer loop
    vertex 94.72354286469245 12.102222521132788 3.9999999999999982
    vertex 94.20590477448741 10.170370868554654 3.9999999999999982
    vertex 95.50000000000001 9.999999999999996 3.9999999999999982
  endloop
endfacet
facet normal -1.0365089514877783e-31 4.137726464179708e-32 1.0
  outer loop
    vertex 94.72354286469245 12.102222521132788 3.9999999999999982
    vertex 95.50000000000001 9.999999999999996 3.9999999999999982
    vertex 95.50000000000001 11.999999999999993 3.9999999999999982
  endloop
endfacet
facet normal -1.0365089514877783e-31 4.137726464179708e-32 1.0
  outer loop
    vertex 95.50000000000001 11.999999999999993 3.9999999999999982
    vertex 95.50000000000001 9.999999999999996 3.9999999999999982
    vertex 96.79409522551262 10.170370868554654 3.9999999999999982
  endloop
endfacet
facet normal -1.0365089514877783e-31 4.137726464179708e-32 1.0
  outer loop
    vertex 95.50000000000001 11.999999999999993 3.9999999999999982
    vertex 96.79409522551262 10.170370868554654 3.9999999999999982
    vertex 96.27645713530758 12.102222521132788 3.9999999999999982
  endloop
endfacet
facet normal -1.0365089514877783e-31 4.137726464179708e-32 1.0
  outer loop
    vertex 96.27645713530758 12.102222521132788 3.9999999999999982
    vertex 96.79409522551262 10.170370868554654 3.9999999999999982
    vertex 97.00000000000001 12.401923788646677 3.9999999999999982
  endloop
endfacet
facet normal -1.0365089514877783e-31 4.137726464179708e-32 1.0
  outer loop
    vertex 97.00000000000001 12.401923788646677 3.9999999999999982
    vertex 96.79409522551262 10.170370868554654 3.9999999999999982
    vertex 98.00000000000001 10.669872981077802 3.9999999999999982
  endloop
endfacet
facet normal -1.0365089514877783e-31 4.137726464179708e-32 1.0
  outer loop
    vertex 97.00000000000001 12.401923788646677 3.9999999999999982
    vertex 98.00000000000001 10.669872981077802 3.9999999999999982
    vertex 97.62132034355966 12.87867965644035 3.9999999999999982
  endloop
endfacet
facet normal -1.0365089514877783e-31 4.137726464179708e-32 1.0
  outer loop
    vertex 97.62132034355966 12.87867965644035 3.9999999999999982
    vertex 98.00000000000001 10.669872981077802 3.9999999999999982
    vertex 98.09807621135334 13.499999999999995 3.9999999999999982
  endloop
endfacet
facet normal -1.0365089514877783e-31 4.137726464179708e-32 1.0
  outer loop
    vertex 98.09807621135334 13.499999999999995 3.9999999999999982
    vertex 98.00000000000001 10.669872981077802 3.9999999999999982
    vertex 99.03553390593275 11.464466094067259 3.9999999999999982
  endloop
endfacet
facet normal -1.0365089514877783e-31 4.137726464179708e-32 1.0
  outer loop
    vertex 98.09807621135334 13.499999999999995 3.9999999999999982
    vertex 99.03553390593275 11.464466094067259 3.9999999999999982
    vertex 98.39777747886723 14.223542864692435 3.9999999999999982
  endloop
endfacet
facet normal -1.0365089514877783e-31 4.137726464179708e-32 1.0
  outer loop
    vertex 98.39777747886723 14.223542864692435 3.9999999999999982
    vertex 99.03553390593275 11.464466094067259 3.9999999999999982
    vertex 98.50000000000003 14.999999999999998 3.9999999999999982
  endloop
endfacet
facet normal -1.0365089514877783e-31 4.137726464179708e-32 1.0
  outer loop
    vertex 98.50000000000003 14.999999999999998 3.9999999999999982
    vertex 99.03553390593275 11.464466094067259 3.9999999999999982
    vertex 98.50000000000003 26.00000000000002 3.9999999999999982
  endloop
endfacet
facet normal -1.0365089514877783e-31 4.137726464179708e-32 1.0
  outer loop
    vertex 98.50000000000003 26.00000000000002 3.9999999999999982
    vertex 99.03553390593275 11.464466094067259 3.9999999999999982
    vertex 100.50000000000001 26.00000000000002 3.9999999999999982
  endloop
endfacet
facet normal -1.0365089514877783e-31 4.137726464179708e-32 1.0
  outer loop
    vertex 100.50000000000001 26.00000000000002 3.9999999999999982
    vertex 99.03553390593275 11.464466094067259 3.9999999999999982
    vertex 99.83012701892221 12.499999999999996 3.9999999999999982
  endloop
endfacet
facet normal -1.0365089514877783e-31 4.137726464179708e-32 1.0
  outer loop
    vertex 100.50000000000001 26.00000000000002 3.9999999999999982
    vertex 99.83012701892221 12.499999999999996 3.9999999999999982
    vertex 100.32962913144536 13.705904774487395 3.9999999999999982
  endloop
endfacet
facet normal -1.0365089514877783e-31 4.137726464179708e-32 1.0
  outer loop
    vertex 100.50000000000001 26.00000000000002 3.9999999999999982
    vertex 100.32962913144536 13.705904774487395 3.9999999999999982
    vertex 100.50000000000001 15.0 3.9999999999999982
  endloop
endfacet
facet normal -0.0 1.0 -0.0
  outer loop
    vertex 90.50000000000001 14.999999999999998 3.9999999999999982
    vertex 92.50000000000001 14.999999999999998 3.0000000000000058
    vertex 90.50000000000001 14.999999999999998 3.0000000000000058
  endloop
endfacet
facet normal -0.0 1.0 -0.0
  outer loop
    vertex 92.50000000000001 14.999999999999998 3.0000000000000058
    vertex 90.50000000000001 14.999999999999998 3.9999999999999982
    vertex 92.50000000000001 14.999999999999998 3.9999999999999982
  endloop
endfacet
facet normal 0.608761429008722 0.7933533402912342 -0.0
  outer loop
    vertex 93.37867965644037 12.87867965644035 3.9999999999999982
    vertex 94.00000000000001 12.401923788646677 3.0000000000000058
    vertex 93.37867965644037 12.87867965644035 3.0000000000000058
  endloop
endfacet
facet normal 0.608761429008722 0.7933533402912342 -0.0
  outer loop
    vertex 94.00000000000001 12.401923788646677 3.0000000000000058
    vertex 93.37867965644037 12.87867965644035 3.9999999999999982
    vertex 94.00000000000001 12.401923788646677 3.9999999999999982
  endloop
endfacet
facet normal 0.0 -1.0 0.0
  outer loop
    vertex 71.5 24.0 3.0000000000000058
    vertex 66.5 24.0 3.9999999999999982
    vertex 66.5 24.0 3.0
  endloop
endfacet
facet normal 0.0 -1.0 0.0
  outer loop
    vertex 66.5 24.0 3.9999999999999982
    vertex 71.5 24.0 3.0000000000000058
    vertex 71.5 24.0 3.9999999999999982
  endloop
endfacet
facet normal -1.0 0.0 0.0
  outer loop
    vertex 71.5 24.0 3.9999999999999982
    vertex 71.5 9.999999999999998 3.0000000000000058
    vertex 71.5 9.999999999999998 3.9999999999999982
  endloop
endfacet
facet normal -1.0 0.0 0.0
  outer loop
    vertex 71.5 9.999999999999998 3.0000000000000058
    vertex 71.5 24.0 3.9999999999999982
    vertex 71.5 24.0 3.0000000000000058
  endloop
endfacet
facet normal -1.0 0.0 0.0
  outer loop
    vertex 66.5 26.00000000000002 3.9999999999999982
    vertex 66.5 24.0 3.0
    vertex 66.5 24.0 3.9999999999999982
  endloop
endfacet
facet normal -1.0 0.0 0.0
  outer loop
    vertex 66.5 24.0 3.0
    vertex 66.5 26.00000000000002 3.9999999999999982
    vertex 66.5 26.00000000000002 3.0
  endloop
endfacet
facet normal 1.0 -0.0 -0.0
  outer loop
    vertex 78.5 26.00000000000002 3.0
    vertex 78.5 24.0 3.9999999999999982
    vertex 78.5 24.0 3.0
  endloop
endfacet
facet normal 1.0 -0.0 -0.0
  outer loop
    vertex 78.5 24.0 3.9999999999999982
    vertex 78.5 26.00000000000002 3.0
    vertex 78.5 26.00000000000002 3.9999999999999982
  endloop
endfacet
facet normal -0.0 1.0 -0.0
  outer loop
    vertex 66.5 26.00000000000002 3.9999999999999982
    vertex 78.5 26.00000000000002 3.0
    vertex 66.5 26.00000000000002 3.0
  endloop
endfacet
facet normal -0.0 1.0 -0.0
  outer loop
    vertex 78.5 26.00000000000002 3.0
    vertex 66.5 26.00000000000002 3.9999999999999982
    vertex 78.5 26.00000000000002 3.9999999999999982
  endloop
endfacet
facet normal 0.0 -1.0 0.0
  outer loop
    vertex 73.5 9.999999999999998 3.9999999999999982
    vertex 71.5 9.999999999999998 3.0000000000000058
    vertex 73.5 9.999999999999998 3.0000000000000058
  endloop
endfacet
facet normal 0.0 -1.0 0.0
  outer loop
    vertex 71.5 9.999999999999998 3.0000000000000058
    vertex 73.5 9.999999999999998 3.9999999999999982
    vertex 71.5 9.999999999999998 3.9999999999999982
  endloop
endfacet
facet normal 1.0 -0.0 -0.0
  outer loop
    vertex 73.5 24.0 3.0000000000000058
    vertex 73.5 9.999999999999998 3.9999999999999982
    vertex 73.5 9.999999999999998 3.0000000000000058
  endloop
endfacet
facet normal 1.0 -0.0 -0.0
  outer loop
    vertex 73.5 9.999999999999998 3.9999999999999982
    vertex 73.5 24.0 3.0000000000000058
    vertex 73.5 24.0 3.9999999999999982
  endloop
endfacet
facet normal 0.0 -1.0 0.0
  outer loop
    vertex 78.5 24.0 3.9999999999999982
    vertex 73.5 24.0 3.0000000000000058
    vertex 78.5 24.0 3.0
  endloop
endfacet
facet normal 0.0 -1.0 0.0
  outer loop
    vertex 73.5 24.0 3.0000000000000058
    vertex 78.5 24.0 3.9999999999999982
    vertex 73.5 24.0 3.9999999999999982
  endloop
endfacet
facet normal -0.0 -0.0 1.0
  outer loop
    vertex 73.5 9.999999999999998 3.9999999999999982
    vertex 71.5 24.0 3.9999999999999982
    vertex 71.5 9.999999999999998 3.9999999999999982
  endloop
endfacet
facet normal -0.0 -0.0 1.0
  outer loop
    vertex 71.5 24.0 3.9999999999999982
    vertex 66.5 26.00000000000002 3.9999999999999982
    vertex 66.5 24.0 3.9999999999999982
  endloop
endfacet
facet normal -0.0 -0.0 1.0
  outer loop
    vertex 66.5 26.00000000000002 3.9999999999999982
    vertex 71.5 24.0 3.9999999999999982
    vertex 78.5 26.00000000000002 3.9999999999999982
  endloop
endfacet
facet normal -0.0 -0.0 1.0
  outer loop
    vertex 78.5 26.00000000000002 3.9999999999999982
    vertex 71.5 24.0 3.9999999999999982
    vertex 73.5 24.0 3.9999999999999982
  endloop
endfacet
facet normal -0.0 -0.0 1.0
  outer loop
    vertex 73.5 24.0 3.9999999999999982
    vertex 71.5 24.0 3.9999999999999982
    vertex 73.5 9.999999999999998 3.9999999999999982
  endloop
endfacet
facet normal -0.0 -0.0 1.0
  outer loop
    vertex 78.5 26.00000000000002 3.9999999999999982
    vertex 73.5 24.0 3.9999999999999982
    vertex 78.5 24.0 3.9999999999999982
  endloop
endfacet
facet normal -2.8820412164404586e-17 1.0 6.212664814604346e-32
  outer loop
    vertex 1.9999999999999907 1.9999999999999962 5.0
    vertex 161.0000000000001 2.000000000000001 3.0
    vertex 1.9999999999999907 1.9999999999999962 3.0
  endloop
endfacet
facet normal -2.8820412164404586e-17 1.0 6.212664814604346e-32
  outer loop
    vertex 161.0000000000001 2.000000000000001 3.0
    vertex 1.9999999999999907 1.9999999999999962 5.0
    vertex 161.0000000000001 2.000000000000001 5.0
  endloop
endfacet
facet normal -2.5915213860015937e-17 7.446621034841359e-16 1.0
  outer loop
    vertex 18.135714904433033 12.0 3.0000000000000115
    vertex 15.135714904433033 24.0 3.0
    vertex 15.135714904433033 11.999999999999998 3.0
  endloop
endfacet
facet normal -2.5915213860015937e-17 7.446621034841359e-16 1.0
  outer loop
    vertex 15.135714904433033 24.0 3.0
    vertex 18.135714904433033 12.0 3.0000000000000115
    vertex 18.13571490443303 23.999999999999996 3.0
  endloop
endfacet
facet normal -2.5915213860015937e-17 7.446621034841359e-16 1.0
  outer loop
    vertex 18.13571490443303 23.999999999999996 3.0
    vertex 18.135714904433033 12.0 3.0000000000000115
    vertex 19.688629175048156 23.795554957734407 3.0
  endloop
endfacet
facet normal -2.5915213860015937e-17 7.446621034841359e-16 1.0
  outer loop
    vertex 19.688629175048156 23.795554957734407 3.0
    vertex 18.135714904433033 12.0 3.0000000000000115
    vertex 19.68862917504816 12.204445042265588 3.0000000000000115
  endloop
endfacet
facet normal -2.5915213860015937e-17 7.446621034841359e-16 1.0
  outer loop
    vertex 19.688629175048156 23.795554957734407 3.0
    vertex 19.68862917504816 12.204445042265588 3.0000000000000115
    vertex 21.135714904433033 23.19615242270663 3.0
  endloop
endfacet
facet normal -2.5915213860015937e-17 7.446621034841359e-16 1.0
  outer loop
    vertex 21.135714904433033 23.19615242270663 3.0
    vertex 19.68862917504816 12.204445042265588 3.0000000000000115
    vertex 21.135714904433033 12.803847577293366 3.0000000000000115
  endloop
endfacet
facet normal -2.5915213860015937e-17 7.446621034841359e-16 1.0
  outer loop
    vertex 21.135714904433033 23.19615242270663 3.0
    vertex 21.135714904433033 12.803847577293366 3.0000000000000115
    vertex 22.378355591552317 13.757359312880714 3.0000000000000058
  endloop
endfacet
facet normal -2.5915213860015937e-17 7.446621034841359e-16 1.0
  outer loop
    vertex 21.135714904433033 23.19615242270663 3.0
    vertex 22.378355591552317 13.757359312880714 3.0000000000000058
    vertex 22.378355591552317 22.242640687119284 3.0
  endloop
endfacet
facet normal -2.5915213860015937e-17 7.446621034841359e-16 1.0
  outer loop
    vertex 22.378355591552317 22.242640687119284 3.0
    vertex 22.378355591552317 13.757359312880714 3.0000000000000058
    vertex 23.331867327139665 14.999999999999998 3.0000000000000058
  endloop
endfacet
facet normal -2.5915213860015937e-17 7.446621034841359e-16 1.0
  outer loop
    vertex 22.378355591552317 22.242640687119284 3.0
    vertex 23.331867327139665 14.999999999999998 3.0000000000000058
    vertex 23.331867327139665 20.999999999999996 3.0
  endloop
endfacet
facet normal -2.5915213860015937e-17 7.446621034841359e-16 1.0
  outer loop
    vertex 23.331867327139665 20.999999999999996 3.0
    vertex 23.331867327139665 14.999999999999998 3.0000000000000058
    vertex 23.93126986216744 16.447085729384874 3.0000000000000058
  endloop
endfacet
facet normal -2.5915213860015937e-17 7.446621034841359e-16 1.0
  outer loop
    vertex 23.331867327139665 20.999999999999996 3.0
    vertex 23.93126986216744 16.447085729384874 3.0000000000000058
    vertex 23.931269862167444 19.55291427061512 3.0
  endloop
endfacet
facet normal -2.5915213860015937e-17 7.446621034841359e-16 1.0
  outer loop
    vertex 23.931269862167444 19.55291427061512 3.0
    vertex 23.93126986216744 16.447085729384874 3.0000000000000058
    vertex 24.135714904433033 17.999999999999996 3.0
  endloop
endfacet
facet normal 1.3548433925328553e-16 -5.560939026990825e-16 1.0
  outer loop
    vertex 12.06532829120242 35.06532829120242 3.000000000000003
    vertex 13.135714904433035 25.999999999999996 3.0
    vertex 13.95 33.61916882556161 3.000000000000003
  endloop
endfacet
facet normal 1.3548433925328553e-16 -5.560939026990825e-16 1.0
  outer loop
    vertex 13.135714904433035 25.999999999999996 3.0
    vertex 12.06532829120242 35.06532829120242 3.000000000000003
    vertex 13.135714904433035 9.999999999999998 3.0
  endloop
endfacet
facet normal 1.3548433925328553e-16 -5.560939026990825e-16 1.0
  outer loop
    vertex 13.95 33.61916882556161 3.000000000000003
    vertex 13.135714904433035 25.999999999999996 3.0
    vertex 18.135714904433033 25.999999999999996 3.0
  endloop
endfacet
facet normal 1.3548433925328553e-16 -5.560939026990825e-16 1.0
  outer loop
    vertex 13.95 33.61916882556161 3.000000000000003
    vertex 18.135714904433033 25.999999999999996 3.0
    vertex 16.144746689567057 32.710074980769484 3.000000000000003
  endloop
endfacet
facet normal 1.3548433925328553e-16 -5.560939026990825e-16 1.0
  outer loop
    vertex 16.144746689567057 32.710074980769484 3.000000000000003
    vertex 18.135714904433033 25.999999999999996 3.0
    vertex 18.499999999999993 32.400000000000006 3.000000000000003
  endloop
endfacet
facet normal 1.3548433925328553e-16 -5.560939026990825e-16 1.0
  outer loop
    vertex 18.499999999999993 32.400000000000006 3.000000000000003
    vertex 18.135714904433033 25.999999999999996 3.0
    vertex 20.2062672652532 25.727406610312542 3.0
  endloop
endfacet
facet normal 1.3548433925328553e-16 -5.560939026990825e-16 1.0
  outer loop
    vertex 18.499999999999993 32.400000000000006 3.000000000000003
    vertex 20.2062672652532 25.727406610312542 3.0
    vertex 20.85525331043293 32.710074980769484 3.000000000000003
  endloop
endfacet
facet normal 1.3548433925328553e-16 -5.560939026990825e-16 1.0
  outer loop
    vertex 20.85525331043293 32.710074980769484 3.000000000000003
    vertex 20.2062672652532 25.727406610312542 3.0
    vertex 22.135714904433033 24.928203230275507 3.0
  endloop
endfacet
facet normal 1.3548433925328553e-16 -5.560939026990825e-16 1.0
  outer loop
    vertex 20.85525331043293 32.710074980769484 3.000000000000003
    vertex 22.135714904433033 24.928203230275507 3.0
    vertex 23.049999999999986 33.61916882556161 3.000000000000003
  endloop
endfacet
facet normal 1.3548433925328553e-16 -5.560939026990825e-16 1.0
  outer loop
    vertex 23.049999999999986 33.61916882556161 3.000000000000003
    vertex 22.135714904433033 24.928203230275507 3.0
    vertex 23.792569153925413 23.65685424949238 3.0
  endloop
endfacet
facet normal 1.3548433925328553e-16 -5.560939026990825e-16 1.0
  outer loop
    vertex 23.049999999999986 33.61916882556161 3.000000000000003
    vertex 23.792569153925413 23.65685424949238 3.0
    vertex 24.934671708797563 35.06532829120242 3.000000000000003
  endloop
endfacet
facet normal 1.3548433925328553e-16 -5.560939026990825e-16 1.0
  outer loop
    vertex 24.934671708797563 35.06532829120242 3.000000000000003
    vertex 23.792569153925413 23.65685424949238 3.0
    vertex 25.06391813470854 22.0 3.0
  endloop
endfacet
facet normal 1.3548433925328553e-16 -5.560939026990825e-16 1.0
  outer loop
    vertex 24.934671708797563 35.06532829120242 3.000000000000003
    vertex 25.06391813470854 22.0 3.0
    vertex 26.380831174438377 36.95 3.000000000000003
  endloop
endfacet
facet normal 1.3548433925328553e-16 -5.560939026990825e-16 1.0
  outer loop
    vertex 26.380831174438377 36.95 3.000000000000003
    vertex 25.06391813470854 22.0 3.0
    vertex 25.863121514745583 20.070552360820166 3.0
  endloop
endfacet
facet normal 1.3548433925328553e-16 -5.560939026990825e-16 1.0
  outer loop
    vertex 26.380831174438377 36.95 3.000000000000003
    vertex 25.863121514745583 20.070552360820166 3.0
    vertex 26.135714904433037 18.0 3.0
  endloop
endfacet
facet normal 1.3548433925328553e-16 -5.560939026990825e-16 1.0
  outer loop
    vertex 37.6191688255616 36.95 3.000000000000003
    vertex 38.4715728752538 26.000000000000025 2.999999999999989
    vertex 39.06532829120241 35.06532829120243 3.000000000000003
  endloop
endfacet
facet normal 1.3548433925328553e-16 -5.560939026990825e-16 1.0
  outer loop
    vertex 38.4715728752538 26.000000000000025 2.999999999999989
    vertex 37.6191688255616 36.95 3.000000000000003
    vertex 38.4715728752538 10.000000000000004 2.999999999999989
  endloop
endfacet
facet normal 1.3548433925328553e-16 -5.560939026990825e-16 1.0
  outer loop
    vertex 39.06532829120241 35.06532829120243 3.000000000000003
    vertex 38.4715728752538 26.000000000000025 2.999999999999989
    vertex 45.4857864376269 18.98578643762692 2.9999999999999947
  endloop
endfacet
facet normal 1.3548433925328553e-16 -5.560939026990825e-16 1.0
  outer loop
    vertex 39.06532829120241 35.06532829120243 3.000000000000003
    vertex 45.4857864376269 18.98578643762692 2.9999999999999947
    vertex 40.949999999999996 33.619168825561616 3.000000000000003
  endloop
endfacet
facet normal 1.3548433925328553e-16 -5.560939026990825e-16 1.0
  outer loop
    vertex 40.949999999999996 33.619168825561616 3.000000000000003
    vertex 45.4857864376269 18.98578643762692 2.9999999999999947
    vertex 43.14474668956706 32.71007498076949 3.000000000000003
  endloop
endfacet
facet normal 1.3548433925328553e-16 -5.560939026990825e-16 1.0
  outer loop
    vertex 43.14474668956706 32.71007498076949 3.000000000000003
    vertex 45.4857864376269 18.98578643762692 2.9999999999999947
    vertex 45.49999999999999 32.400000000000006 3.000000000000003
  endloop
endfacet
facet normal 1.3548433925328553e-16 -5.560939026990825e-16 1.0
  outer loop
    vertex 45.49999999999999 32.400000000000006 3.000000000000003
    vertex 45.4857864376269 18.98578643762692 2.9999999999999947
    vertex 52.49999999999999 26.00000000000002 2.9999999999999947
  endloop
endfacet
facet normal 1.3548433925328553e-16 -5.560939026990825e-16 1.0
  outer loop
    vertex 45.49999999999999 32.400000000000006 3.000000000000003
    vertex 52.49999999999999 26.00000000000002 2.9999999999999947
    vertex 47.85525331043293 32.71007498076949 3.000000000000003
  endloop
endfacet
facet normal 1.3548433925328553e-16 -5.560939026990825e-16 1.0
  outer loop
    vertex 47.85525331043293 32.71007498076949 3.000000000000003
    vertex 52.49999999999999 26.00000000000002 2.9999999999999947
    vertex 50.04999999999999 33.619168825561616 3.000000000000003
  endloop
endfacet
facet normal 1.3548433925328553e-16 -5.560939026990825e-16 1.0
  outer loop
    vertex 50.04999999999999 33.619168825561616 3.000000000000003
    vertex 52.49999999999999 26.00000000000002 2.9999999999999947
    vertex 51.93467170879757 35.065328291202434 3.000000000000003
  endloop
endfacet
facet normal 1.3548433925328553e-16 -5.560939026990825e-16 1.0
  outer loop
    vertex 51.93467170879757 35.065328291202434 3.000000000000003
    vertex 52.49999999999999 26.00000000000002 2.9999999999999947
    vertex 53.38083117443838 36.95000000000001 3.000000000000003
  endloop
endfacet
facet normal 1.3548433925328553e-16 -5.560939026990825e-16 1.0
  outer loop
    vertex 50.5 21.171572875253833 3.0
    vertex 45.485786437626906 16.157359312880722 2.9999999999999947
    vertex 50.5 10.0 3.0
  endloop
endfacet
facet normal 1.3548433925328553e-16 -5.560939026990825e-16 1.0
  outer loop
    vertex 1.9999999999999907 1.9999999999999962 3.0
    vertex 13.135714904433035 9.999999999999998 3.0
    vertex 1.9999999999999907 58.00000000000001 3.0
  endloop
endfacet
facet normal 1.3548433925328553e-16 -5.560939026990825e-16 1.0
  outer loop
    vertex 13.135714904433035 9.999999999999998 3.0
    vertex 1.9999999999999907 1.9999999999999962 3.0
    vertex 161.0000000000001 2.000000000000001 3.0
  endloop
endfacet
facet normal 1.3548433925328553e-16 -5.560939026990825e-16 1.0
  outer loop
    vertex 1.9999999999999907 58.00000000000001 3.0
    vertex 13.135714904433035 9.999999999999998 3.0
    vertex 9.399999999999993 41.50000000000001 3.000000000000003
  endloop
endfacet
facet normal 1.3548433925328553e-16 -5.560939026990825e-16 1.0
  outer loop
    vertex 9.399999999999993 41.50000000000001 3.000000000000003
    vertex 13.135714904433035 9.999999999999998 3.0
    vertex 9.710074980769473 39.144746689567064 3.000000000000003
  endloop
endfacet
facet normal 1.3548433925328553e-16 -5.560939026990825e-16 1.0
  outer loop
    vertex 9.710074980769473 39.144746689567064 3.000000000000003
    vertex 13.135714904433035 9.999999999999998 3.0
    vertex 10.619168825561609 36.949999999999996 3.000000000000003
  endloop
endfacet
facet normal 1.3548433925328553e-16 -5.560939026990825e-16 1.0
  outer loop
    vertex 10.619168825561609 36.949999999999996 3.000000000000003
    vertex 13.135714904433035 9.999999999999998 3.0
    vertex 12.06532829120242 35.06532829120242 3.000000000000003
  endloop
endfacet
facet normal 1.3548433925328553e-16 -5.560939026990825e-16 1.0
  outer loop
    vertex 13.135714904433035 9.999999999999998 3.0
    vertex 161.0000000000001 2.000000000000001 3.0
    vertex 18.135714904433033 9.999999999999998 3.0
  endloop
endfacet
facet normal 1.3548433925328553e-16 -5.560939026990825e-16 1.0
  outer loop
    vertex 18.135714904433033 9.999999999999998 3.0
    vertex 161.0000000000001 2.000000000000001 3.0
    vertex 20.2062672652532 10.272593389687454 3.0000000000000115
  endloop
endfacet
facet normal 1.3548433925328553e-16 -5.560939026990825e-16 1.0
  outer loop
    vertex 20.2062672652532 10.272593389687454 3.0000000000000115
    vertex 161.0000000000001 2.000000000000001 3.0
    vertex 138.0000000000001 3.500000000000024 2.9999999999999583
  endloop
endfacet
facet normal 1.3548433925328553e-16 -5.560939026990825e-16 1.0
  outer loop
    vertex 20.2062672652532 10.272593389687454 3.0000000000000115
    vertex 138.0000000000001 3.500000000000024 2.9999999999999583
    vertex 38.4715728752538 10.000000000000004 2.999999999999989
  endloop
endfacet
facet normal 1.3548433925328553e-16 -5.560939026990825e-16 1.0
  outer loop
    vertex 20.2062672652532 10.272593389687454 3.0000000000000115
    vertex 38.4715728752538 10.000000000000004 2.999999999999989
    vertex 22.135714904433033 11.07179676972449 3.0000000000000115
  endloop
endfacet
facet normal 1.3548433925328553e-16 -5.560939026990825e-16 1.0
  outer loop
    vertex 22.135714904433033 11.07179676972449 3.0000000000000115
    vertex 38.4715728752538 10.000000000000004 2.999999999999989
    vertex 23.792569153925413 12.343145750507619 3.0000000000000115
  endloop
endfacet
facet normal 1.3548433925328553e-16 -5.560939026990825e-16 1.0
  outer loop
    vertex 23.792569153925413 12.343145750507619 3.0000000000000115
    vertex 38.4715728752538 10.000000000000004 2.999999999999989
    vertex 25.063918134708544 14.000000000000002 3.0000000000000058
  endloop
endfacet
facet normal 1.3548433925328553e-16 -5.560939026990825e-16 1.0
  outer loop
    vertex 25.063918134708544 14.000000000000002 3.0000000000000058
    vertex 38.4715728752538 10.000000000000004 2.999999999999989
    vertex 25.863121514745583 15.929447639179836 3.0000000000000058
  endloop
endfacet
facet normal 1.3548433925328553e-16 -5.560939026990825e-16 1.0
  outer loop
    vertex 25.863121514745583 15.929447639179836 3.0000000000000058
    vertex 38.4715728752538 10.000000000000004 2.999999999999989
    vertex 26.135714904433037 18.0 3.0
  endloop
endfacet
facet normal 1.3548433925328553e-16 -5.560939026990825e-16 1.0
  outer loop
    vertex 26.135714904433037 18.0 3.0
    vertex 38.4715728752538 10.000000000000004 2.999999999999989
    vertex 26.380831174438377 36.95 3.000000000000003
  endloop
endfacet
facet normal 1.3548433925328553e-16 -5.560939026990825e-16 1.0
  outer loop
    vertex 26.380831174438377 36.95 3.000000000000003
    vertex 38.4715728752538 10.000000000000004 2.999999999999989
    vertex 27.28992501923051 39.144746689567064 3.000000000000003
  endloop
endfacet
facet normal 1.3548433925328553e-16 -5.560939026990825e-16 1.0
  outer loop
    vertex 27.28992501923051 39.144746689567064 3.000000000000003
    vertex 38.4715728752538 10.000000000000004 2.999999999999989
    vertex 27.599999999999987 41.5 3.000000000000003
  endloop
endfacet
facet normal 1.3548433925328553e-16 -5.560939026990825e-16 1.0
  outer loop
    vertex 27.599999999999987 41.5 3.000000000000003
    vertex 38.4715728752538 10.000000000000004 2.999999999999989
    vertex 36.4 41.5 3.000000000000003
  endloop
endfacet
facet normal 1.3548433925328553e-16 -5.560939026990825e-16 1.0
  outer loop
    vertex 36.4 41.5 3.000000000000003
    vertex 38.4715728752538 10.000000000000004 2.999999999999989
    vertex 36.71007498076947 39.144746689567064 3.000000000000003
  endloop
endfacet
facet normal 1.3548433925328553e-16 -5.560939026990825e-16 1.0
  outer loop
    vertex 36.71007498076947 39.144746689567064 3.000000000000003
    vertex 38.4715728752538 10.000000000000004 2.999999999999989
    vertex 37.6191688255616 36.95 3.000000000000003
  endloop
endfacet
facet normal 1.3548433925328553e-16 -5.560939026990825e-16 1.0
  outer loop
    vertex 38.4715728752538 10.000000000000004 2.999999999999989
    vertex 138.0000000000001 3.500000000000024 2.9999999999999583
    vertex 40.4715728752538 10.000000000000004 3.0
  endloop
endfacet
facet normal 1.3548433925328553e-16 -5.560939026990825e-16 1.0
  outer loop
    vertex 40.4715728752538 10.000000000000004 3.0
    vertex 138.0000000000001 3.500000000000024 2.9999999999999583
    vertex 50.5 10.0 3.0
  endloop
endfacet
facet normal 1.3548433925328553e-16 -5.560939026990825e-16 1.0
  outer loop
    vertex 40.4715728752538 10.000000000000004 3.0
    vertex 50.5 10.0 3.0
    vertex 40.471572875253806 21.171572875253815 2.999999999999989
  endloop
endfacet
facet normal 1.3548433925328553e-16 -5.560939026990825e-16 1.0
  outer loop
    vertex 40.471572875253806 21.171572875253815 2.999999999999989
    vertex 50.5 10.0 3.0
    vertex 45.485786437626906 16.157359312880722 2.9999999999999947
  endloop
endfacet
facet normal 1.3548433925328553e-16 -5.560939026990825e-16 1.0
  outer loop
    vertex 50.5 10.0 3.0
    vertex 138.0000000000001 3.500000000000024 2.9999999999999583
    vertex 52.49999999999999 9.999999999999998 3.0000000000000058
  endloop
endfacet
facet normal 1.3548433925328553e-16 -5.560939026990825e-16 1.0
  outer loop
    vertex 52.49999999999999 9.999999999999998 3.0000000000000058
    vertex 138.0000000000001 3.500000000000024 2.9999999999999583
    vertex 71.5 9.999999999999998 3.0000000000000058
  endloop
endfacet
facet normal 1.3548433925328553e-16 -5.560939026990825e-16 1.0
  outer loop
    vertex 52.49999999999999 9.999999999999998 3.0000000000000058
    vertex 71.5 9.999999999999998 3.0000000000000058
    vertex 52.49999999999999 26.00000000000002 2.9999999999999947
  endloop
endfacet
facet normal 1.3548433925328553e-16 -5.560939026990825e-16 1.0
  outer loop
    vertex 52.49999999999999 26.00000000000002 2.9999999999999947
    vertex 71.5 9.999999999999998 3.0000000000000058
    vertex 53.38083117443838 36.95000000000001 3.000000000000003
  endloop
endfacet
facet normal 1.3548433925328553e-16 -5.560939026990825e-16 1.0
  outer loop
    vertex 53.38083117443838 36.95000000000001 3.000000000000003
    vertex 71.5 9.999999999999998 3.0000000000000058
    vertex 54.28992501923051 39.14474668956707 3.000000000000003
  endloop
endfacet
facet normal 1.3548433925328553e-16 -5.560939026990825e-16 1.0
  outer loop
    vertex 54.28992501923051 39.14474668956707 3.000000000000003
    vertex 71.5 9.999999999999998 3.0000000000000058
    vertex 54.59999999999999 41.50000000000001 3.000000000000003
  endloop
endfacet
facet normal 1.3548433925328553e-16 -5.560939026990825e-16 1.0
  outer loop
    vertex 54.59999999999999 41.50000000000001 3.000000000000003
    vertex 71.5 9.999999999999998 3.0000000000000058
    vertex 66.5 24.0 3.0
  endloop
endfacet
facet normal 1.3548433925328553e-16 -5.560939026990825e-16 1.0
  outer loop
    vertex 54.59999999999999 41.50000000000001 3.000000000000003
    vertex 66.5 24.0 3.0
    vertex 63.71007498076949 39.14474668956706 2.999999999999995
  endloop
endfacet
facet normal 1.3548433925328553e-16 -5.560939026990825e-16 1.0
  outer loop
    vertex 54.59999999999999 41.50000000000001 3.000000000000003
    vertex 63.71007498076949 39.14474668956706 2.999999999999995
    vertex 63.40000000000002 41.49999999999999 2.999999999999995
  endloop
endfacet
facet normal 1.3548433925328553e-16 -5.560939026990825e-16 1.0
  outer loop
    vertex 63.71007498076949 39.14474668956706 2.999999999999995
    vertex 66.5 24.0 3.0
    vertex 64.61916882556162 36.95 2.999999999999995
  endloop
endfacet
facet normal 1.3548433925328553e-16 -5.560939026990825e-16 1.0
  outer loop
    vertex 64.61916882556162 36.95 2.999999999999995
    vertex 66.5 24.0 3.0
    vertex 66.06532829120243 35.06532829120243 2.999999999999995
  endloop
endfacet
facet normal 1.3548433925328553e-16 -5.560939026990825e-16 1.0
  outer loop
    vertex 71.5 9.999999999999998 3.0000000000000058
    vertex 138.0000000000001 3.500000000000024 2.9999999999999583
    vertex 73.5 9.999999999999998 3.0000000000000058
  endloop
endfacet
facet normal 1.3548433925328553e-16 -5.560939026990825e-16 1.0
  outer loop
    vertex 73.5 9.999999999999998 3.0000000000000058
    vertex 138.0000000000001 3.500000000000024 2.9999999999999583
    vertex 132.56480005284718 4.21555764792959 2.9999999999999583
  endloop
endfacet
facet normal 1.3548433925328553e-16 -5.560939026990825e-16 1.0
  outer loop
    vertex 73.5 9.999999999999998 3.0000000000000058
    vertex 132.56480005284718 4.21555764792959 2.9999999999999583
    vertex 94.20590477448741 10.170370868554654 3.0000000000000058
  endloop
endfacet
facet normal 1.3548433925328553e-16 -5.560939026990825e-16 1.0
  outer loop
    vertex 73.5 9.999999999999998 3.0000000000000058
    vertex 94.20590477448741 10.170370868554654 3.0000000000000058
    vertex 93.00000000000001 10.669872981077802 3.0000000000000058
  endloop
endfacet
facet normal 1.3548433925328553e-16 -5.560939026990825e-16 1.0
  outer loop
    vertex 73.5 9.999999999999998 3.0000000000000058
    vertex 93.00000000000001 10.669872981077802 3.0000000000000058
    vertex 73.5 24.0 3.0000000000000058
  endloop
endfacet
facet normal 1.3548433925328553e-16 -5.560939026990825e-16 1.0
  outer loop
    vertex 73.5 24.0 3.0000000000000058
    vertex 93.00000000000001 10.669872981077802 3.0000000000000058
    vertex 91.96446609406728 11.464466094067259 3.0000000000000058
  endloop
endfacet
facet normal 1.3548433925328553e-16 -5.560939026990825e-16 1.0
  outer loop
    vertex 73.5 24.0 3.0000000000000058
    vertex 91.96446609406728 11.464466094067259 3.0000000000000058
    vertex 78.5 24.0 3.0
  endloop
endfacet
facet normal 1.3548433925328553e-16 -5.560939026990825e-16 1.0
  outer loop
    vertex 78.5 24.0 3.0
    vertex 91.96446609406728 11.464466094067259 3.0000000000000058
    vertex 78.5 26.00000000000002 3.0
  endloop
endfacet
facet normal 1.3548433925328553e-16 -5.560939026990825e-16 1.0
  outer loop
    vertex 78.5 26.00000000000002 3.0
    vertex 91.96446609406728 11.464466094067259 3.0000000000000058
    vertex 91.16987298107783 12.499999999999996 3.0000000000000058
  endloop
endfacet
facet normal 1.3548433925328553e-16 -5.560939026990825e-16 1.0
  outer loop
    vertex 78.5 26.00000000000002 3.0
    vertex 91.16987298107783 12.499999999999996 3.0000000000000058
    vertex 78.93467170879757 35.06532829120243 2.999999999999995
  endloop
endfacet
facet normal 1.3548433925328553e-16 -5.560939026990825e-16 1.0
  outer loop
    vertex 78.93467170879757 35.06532829120243 2.999999999999995
    vertex 91.16987298107783 12.499999999999996 3.0000000000000058
    vertex 80.38083117443838 36.95 2.999999999999995
  endloop
endfacet
facet normal 1.3548433925328553e-16 -5.560939026990825e-16 1.0
  outer loop
    vertex 80.38083117443838 36.95 2.999999999999995
    vertex 91.16987298107783 12.499999999999996 3.0000000000000058
    vertex 90.67037086855468 13.705904774487392 3.0000000000000058
  endloop
endfacet
facet normal 1.3548433925328553e-16 -5.560939026990825e-16 1.0
  outer loop
    vertex 80.38083117443838 36.95 2.999999999999995
    vertex 90.67037086855468 13.705904774487392 3.0000000000000058
    vertex 81.28992501923052 39.144746689567064 2.999999999999995
  endloop
endfacet
facet normal 1.3548433925328553e-16 -5.560939026990825e-16 1.0
  outer loop
    vertex 81.28992501923052 39.144746689567064 2.999999999999995
    vertex 90.67037086855468 13.705904774487392 3.0000000000000058
    vertex 81.6 41.5 2.999999999999995
  endloop
endfacet
facet normal 1.3548433925328553e-16 -5.560939026990825e-16 1.0
  outer loop
    vertex 81.6 41.5 2.999999999999995
    vertex 90.67037086855468 13.705904774487392 3.0000000000000058
    vertex 90.50000000000001 14.999999999999998 3.0000000000000058
  endloop
endfacet
facet normal 1.3548433925328553e-16 -5.560939026990825e-16 1.0
  outer loop
    vertex 81.6 41.5 2.999999999999995
    vertex 90.50000000000001 14.999999999999998 3.0000000000000058
    vertex 90.40000000000002 41.5 3.0000000000000124
  endloop
endfacet
facet normal 1.3548433925328553e-16 -5.560939026990825e-16 1.0
  outer loop
    vertex 94.20590477448741 10.170370868554654 3.0000000000000058
    vertex 132.56480005284718 4.21555764792959 2.9999999999999583
    vertex 95.50000000000001 9.999999999999996 3.0000000000000058
  endloop
endfacet
facet normal 1.3548433925328553e-16 -5.560939026990825e-16 1.0
  outer loop
    vertex 95.50000000000001 9.999999999999996 3.0000000000000058
    vertex 132.56480005284718 4.21555764792959 2.9999999999999583
    vertex 96.79409522551262 10.170370868554654 3.0000000000000058
  endloop
endfacet
facet normal 1.3548433925328553e-16 -5.560939026990825e-16 1.0
  outer loop
    vertex 96.79409522551262 10.170370868554654 3.0000000000000058
    vertex 132.56480005284718 4.21555764792959 2.9999999999999583
    vertex 98.00000000000001 10.669872981077802 3.0000000000000058
  endloop
endfacet
facet normal 1.3548433925328553e-16 -5.560939026990825e-16 1.0
  outer loop
    vertex 98.00000000000001 10.669872981077802 3.0000000000000058
    vertex 132.56480005284718 4.21555764792959 2.9999999999999583
    vertex 99.03553390593275 11.464466094067259 3.0000000000000058
  endloop
endfacet
facet normal 1.3548433925328553e-16 -5.560939026990825e-16 1.0
  outer loop
    vertex 99.03553390593275 11.464466094067259 3.0000000000000058
    vertex 132.56480005284718 4.21555764792959 2.9999999999999583
    vertex 99.83012701892221 12.499999999999996 3.0000000000000058
  endloop
endfacet
facet normal 1.3548433925328553e-16 -5.560939026990825e-16 1.0
  outer loop
    vertex 99.83012701892221 12.499999999999996 3.0000000000000058
    vertex 132.56480005284718 4.21555764792959 2.9999999999999583
    vertex 100.32962913144536 13.705904774487395 3.0000000000000058
  endloop
endfacet
facet normal 1.3548433925328553e-16 -5.560939026990825e-16 1.0
  outer loop
    vertex 100.32962913144536 13.705904774487395 3.0000000000000058
    vertex 132.56480005284718 4.21555764792959 2.9999999999999583
    vertex 100.50000000000001 15.0 3.0000000000000058
  endloop
endfacet
facet normal 1.3548433925328553e-16 -5.560939026990825e-16 1.0
  outer loop
    vertex 100.50000000000001 15.0 3.0000000000000058
    vertex 132.56480005284718 4.21555764792959 2.9999999999999583
    vertex 127.5000000000001 6.313466520526811 2.9999999999999583
  endloop
endfacet
facet normal 1.3548433925328553e-16 -5.560939026990825e-16 1.0
  outer loop
    vertex 100.50000000000001 15.0 3.0000000000000058
    vertex 127.5000000000001 6.313466520526811 2.9999999999999583
    vertex 100.50000000000001 26.00000000000002 3.0
  endloop
endfacet
facet normal 1.3548433925328553e-16 -5.560939026990825e-16 1.0
  outer loop
    vertex 100.50000000000001 26.00000000000002 3.0
    vertex 127.5000000000001 6.313466520526811 2.9999999999999583
    vertex 123.15075759508262 9.65075759508252 2.9999999999999583
  endloop
endfacet
facet normal 1.3548433925328553e-16 -5.560939026990825e-16 1.0
  outer loop
    vertex 100.50000000000001 26.00000000000002 3.0
    vertex 123.15075759508262 9.65075759508252 2.9999999999999583
    vertex 101.85525331043294 32.71007498076949 3.0000000000000124
  endloop
endfacet
facet normal 1.3548433925328553e-16 -5.560939026990825e-16 1.0
  outer loop
    vertex 101.85525331043294 32.71007498076949 3.0000000000000124
    vertex 123.15075759508262 9.65075759508252 2.9999999999999583
    vertex 104.05 33.619168825561616 3.0000000000000124
  endloop
endfacet
facet normal 1.3548433925328553e-16 -5.560939026990825e-16 1.0
  outer loop
    vertex 104.05 33.619168825561616 3.0000000000000124
    vertex 123.15075759508262 9.65075759508252 2.9999999999999583
    vertex 119.81346652052692 14.00000000000002 2.9999999999999583
  endloop
endfacet
facet normal 1.3548433925328553e-16 -5.560939026990825e-16 1.0
  outer loop
    vertex 104.05 33.619168825561616 3.0000000000000124
    vertex 119.81346652052692 14.00000000000002 2.9999999999999583
    vertex 105.9346717087976 35.06532829120243 3.0000000000000124
  endloop
endfacet
facet normal 1.3548433925328553e-16 -5.560939026990825e-16 1.0
  outer loop
    vertex 105.9346717087976 35.06532829120243 3.0000000000000124
    vertex 119.81346652052692 14.00000000000002 2.9999999999999583
    vertex 107.3808311744384 36.95 3.0000000000000124
  endloop
endfacet
facet normal 1.3548433925328553e-16 -5.560939026990825e-16 1.0
  outer loop
    vertex 107.3808311744384 36.95 3.0000000000000124
    vertex 119.81346652052692 14.00000000000002 2.9999999999999583
    vertex 108.28992501923054 39.144746689567064 3.0000000000000124
  endloop
endfacet
facet normal 1.3548433925328553e-16 -5.560939026990825e-16 1.0
  outer loop
    vertex 108.28992501923054 39.144746689567064 3.0000000000000124
    vertex 119.81346652052692 14.00000000000002 2.9999999999999583
    vertex 117.7155576479297 19.06480005284708 2.9999999999999583
  endloop
endfacet
facet normal 1.3548433925328553e-16 -5.560939026990825e-16 1.0
  outer loop
    vertex 108.28992501923054 39.144746689567064 3.0000000000000124
    vertex 117.7155576479297 19.06480005284708 2.9999999999999583
    vertex 108.60000000000001 41.5 3.0000000000000124
  endloop
endfacet
facet normal 1.3548433925328553e-16 -5.560939026990825e-16 1.0
  outer loop
    vertex 108.60000000000001 41.5 3.0000000000000124
    vertex 117.7155576479297 19.06480005284708 2.9999999999999583
    vertex 117.00000000000013 24.500000000000007 2.9999999999999583
  endloop
endfacet
facet normal 1.3548433925328553e-16 -5.560939026990825e-16 1.0
  outer loop
    vertex 108.60000000000001 41.5 3.0000000000000124
    vertex 117.00000000000013 24.500000000000007 2.9999999999999583
    vertex 117.0000000000001 58.00000000000001 3.0
  endloop
endfacet
facet normal 1.3548433925328553e-16 -5.560939026990825e-16 1.0
  outer loop
    vertex 138.0000000000001 3.500000000000024 2.9999999999999583
    vertex 161.0000000000001 2.000000000000001 3.0
    vertex 143.43519994715302 4.215557647929585 2.9999999999999583
  endloop
endfacet
facet normal 1.3548433925328553e-16 -5.560939026990825e-16 1.0
  outer loop
    vertex 143.43519994715302 4.215557647929585 2.9999999999999583
    vertex 161.0000000000001 2.000000000000001 3.0
    vertex 148.50000000000009 6.313466520526808 2.9999999999999583
  endloop
endfacet
facet normal 1.3548433925328553e-16 -5.560939026990825e-16 1.0
  outer loop
    vertex 148.50000000000009 6.313466520526808 2.9999999999999583
    vertex 161.0000000000001 2.000000000000001 3.0
    vertex 152.8492424049176 9.65075759508252 2.9999999999999583
  endloop
endfacet
facet normal 1.3548433925328553e-16 -5.560939026990825e-16 1.0
  outer loop
    vertex 152.8492424049176 9.65075759508252 2.9999999999999583
    vertex 161.0000000000001 2.000000000000001 3.0
    vertex 156.1865334794733 14.00000000000002 2.9999999999999583
  endloop
endfacet
facet normal 1.3548433925328553e-16 -5.560939026990825e-16 1.0
  outer loop
    vertex 156.1865334794733 14.00000000000002 2.9999999999999583
    vertex 161.0000000000001 2.000000000000001 3.0
    vertex 158.28444235207053 19.06480005284708 2.9999999999999583
  endloop
endfacet
facet normal 1.3548433925328553e-16 -5.560939026990825e-16 1.0
  outer loop
    vertex 158.28444235207053 19.06480005284708 2.9999999999999583
    vertex 161.0000000000001 2.000000000000001 3.0
    vertex 159.00000000000009 24.50000000000001 2.9999999999999583
  endloop
endfacet
facet normal 1.3548433925328553e-16 -5.560939026990825e-16 1.0
  outer loop
    vertex 159.00000000000009 24.50000000000001 2.9999999999999583
    vertex 161.0000000000001 2.000000000000001 3.0
    vertex 159.0000000000001 58.00000000000001 3.0
  endloop
endfacet
facet normal 1.3548433925328553e-16 -5.560939026990825e-16 1.0
  outer loop
    vertex 159.0000000000001 58.00000000000001 3.0
    vertex 161.0000000000001 2.000000000000001 3.0
    vertex 161.0000000000001 58.00000000000001 3.0
  endloop
endfacet
facet normal 1.3548433925328553e-16 -5.560939026990825e-16 1.0
  outer loop
    vertex 1.9999999999999907 58.00000000000001 3.0
    vertex 18.49999999999999 50.599999999999994 3.000000000000003
    vertex 117.0000000000001 58.00000000000001 3.0
  endloop
endfacet
facet normal 1.3548433925328553e-16 -5.560939026990825e-16 1.0
  outer loop
    vertex 18.49999999999999 50.599999999999994 3.000000000000003
    vertex 1.9999999999999907 58.00000000000001 3.0
    vertex 16.144746689567054 50.28992501923052 3.000000000000003
  endloop
endfacet
facet normal 1.3548433925328553e-16 -5.560939026990825e-16 1.0
  outer loop
    vertex 16.144746689567054 50.28992501923052 3.000000000000003
    vertex 1.9999999999999907 58.00000000000001 3.0
    vertex 13.949999999999994 49.3808311744384 3.000000000000003
  endloop
endfacet
facet normal 1.3548433925328553e-16 -5.560939026990825e-16 1.0
  outer loop
    vertex 13.949999999999994 49.3808311744384 3.000000000000003
    vertex 1.9999999999999907 58.00000000000001 3.0
    vertex 12.065328291202412 47.93467170879758 3.000000000000003
  endloop
endfacet
facet normal 1.3548433925328553e-16 -5.560939026990825e-16 1.0
  outer loop
    vertex 12.065328291202412 47.93467170879758 3.000000000000003
    vertex 1.9999999999999907 58.00000000000001 3.0
    vertex 10.619168825561603 46.05 3.000000000000003
  endloop
endfacet
facet normal 1.3548433925328553e-16 -5.560939026990825e-16 1.0
  outer loop
    vertex 10.619168825561603 46.05 3.000000000000003
    vertex 1.9999999999999907 58.00000000000001 3.0
    vertex 9.710074980769473 43.855253310432936 3.000000000000003
  endloop
endfacet
facet normal 1.3548433925328553e-16 -5.560939026990825e-16 1.0
  outer loop
    vertex 9.710074980769473 43.855253310432936 3.000000000000003
    vertex 1.9999999999999907 58.00000000000001 3.0
    vertex 9.399999999999993 41.50000000000001 3.000000000000003
  endloop
endfacet
facet normal 1.3548433925328553e-16 -5.560939026990825e-16 1.0
  outer loop
    vertex 117.0000000000001 58.00000000000001 3.0
    vertex 18.49999999999999 50.599999999999994 3.000000000000003
    vertex 20.85525331043293 50.28992501923052 3.000000000000003
  endloop
endfacet
facet normal 1.3548433925328553e-16 -5.560939026990825e-16 1.0
  outer loop
    vertex 117.0000000000001 58.00000000000001 3.0
    vertex 20.85525331043293 50.28992501923052 3.000000000000003
    vertex 23.04999999999999 49.38083117443839 3.000000000000003
  endloop
endfacet
facet normal 1.3548433925328553e-16 -5.560939026990825e-16 1.0
  outer loop
    vertex 117.0000000000001 58.00000000000001 3.0
    vertex 23.04999999999999 49.38083117443839 3.000000000000003
    vertex 45.499999999999986 50.599999999999994 3.000000000000003
  endloop
endfacet
facet normal 1.3548433925328553e-16 -5.560939026990825e-16 1.0
  outer loop
    vertex 45.499999999999986 50.599999999999994 3.000000000000003
    vertex 23.04999999999999 49.38083117443839 3.000000000000003
    vertex 24.934671708797573 47.93467170879758 3.000000000000003
  endloop
endfacet
facet normal 1.3548433925328553e-16 -5.560939026990825e-16 1.0
  outer loop
    vertex 45.499999999999986 50.599999999999994 3.000000000000003
    vertex 24.934671708797573 47.93467170879758 3.000000000000003
    vertex 43.14474668956703 50.289925019230516 3.000000000000003
  endloop
endfacet
facet normal 1.3548433925328553e-16 -5.560939026990825e-16 1.0
  outer loop
    vertex 43.14474668956703 50.289925019230516 3.000000000000003
    vertex 24.934671708797573 47.93467170879758 3.000000000000003
    vertex 26.38083117443838 46.05 3.000000000000003
  endloop
endfacet
facet normal 1.3548433925328553e-16 -5.560939026990825e-16 1.0
  outer loop
    vertex 43.14474668956703 50.289925019230516 3.000000000000003
    vertex 26.38083117443838 46.05 3.000000000000003
    vertex 27.28992501923051 43.855253310432936 3.000000000000003
  endloop
endfacet
facet normal 1.3548433925328553e-16 -5.560939026990825e-16 1.0
  outer loop
    vertex 43.14474668956703 50.289925019230516 3.000000000000003
    vertex 27.28992501923051 43.855253310432936 3.000000000000003
    vertex 40.949999999999974 49.38083117443838 3.000000000000003
  endloop
endfacet
facet normal 1.3548433925328553e-16 -5.560939026990825e-16 1.0
  outer loop
    vertex 40.949999999999974 49.38083117443838 3.000000000000003
    vertex 27.28992501923051 43.855253310432936 3.000000000000003
    vertex 27.599999999999987 41.5 3.000000000000003
  endloop
endfacet
facet normal 1.3548433925328553e-16 -5.560939026990825e-16 1.0
  outer loop
    vertex 40.949999999999974 49.38083117443838 3.000000000000003
    vertex 27.599999999999987 41.5 3.000000000000003
    vertex 39.0653282912024 47.93467170879757 3.000000000000003
  endloop
endfacet
facet normal 1.3548433925328553e-16 -5.560939026990825e-16 1.0
  outer loop
    vertex 39.0653282912024 47.93467170879757 3.000000000000003
    vertex 27.599999999999987 41.5 3.000000000000003
    vertex 37.619168825561594 46.04999999999999 3.000000000000003
  endloop
endfacet
facet normal 1.3548433925328553e-16 -5.560939026990825e-16 1.0
  outer loop
    vertex 37.619168825561594 46.04999999999999 3.000000000000003
    vertex 27.599999999999987 41.5 3.000000000000003
    vertex 36.71007498076947 43.855253310432936 3.000000000000003
  endloop
endfacet
facet normal 1.3548433925328553e-16 -5.560939026990825e-16 1.0
  outer loop
    vertex 36.71007498076947 43.855253310432936 3.000000000000003
    vertex 27.599999999999987 41.5 3.000000000000003
    vertex 36.4 41.5 3.000000000000003
  endloop
endfacet
facet normal 1.3548433925328553e-16 -5.560939026990825e-16 1.0
  outer loop
    vertex 117.0000000000001 58.00000000000001 3.0
    vertex 45.499999999999986 50.599999999999994 3.000000000000003
    vertex 47.85525331043292 50.289925019230516 3.000000000000003
  endloop
endfacet
facet normal 1.3548433925328553e-16 -5.560939026990825e-16 1.0
  outer loop
    vertex 117.0000000000001 58.00000000000001 3.0
    vertex 47.85525331043292 50.289925019230516 3.000000000000003
    vertex 50.04999999999998 49.38083117443839 3.000000000000003
  endloop
endfacet
facet normal 1.3548433925328553e-16 -5.560939026990825e-16 1.0
  outer loop
    vertex 117.0000000000001 58.00000000000001 3.0
    vertex 50.04999999999998 49.38083117443839 3.000000000000003
    vertex 51.93467170879756 47.93467170879759 3.000000000000003
  endloop
endfacet
facet normal 1.3548433925328553e-16 -5.560939026990825e-16 1.0
  outer loop
    vertex 117.0000000000001 58.00000000000001 3.0
    vertex 51.93467170879756 47.93467170879759 3.000000000000003
    vertex 70.14474668956707 50.289925019230516 2.999999999999995
  endloop
endfacet
facet normal 1.3548433925328553e-16 -5.560939026990825e-16 1.0
  outer loop
    vertex 70.14474668956707 50.289925019230516 2.999999999999995
    vertex 51.93467170879756 47.93467170879759 3.000000000000003
    vertex 53.38083117443836 46.050000000000004 3.000000000000003
  endloop
endfacet
facet normal 1.3548433925328553e-16 -5.560939026990825e-16 1.0
  outer loop
    vertex 70.14474668956707 50.289925019230516 2.999999999999995
    vertex 53.38083117443836 46.050000000000004 3.000000000000003
    vertex 54.28992501923051 43.85525331043295 3.000000000000003
  endloop
endfacet
facet normal 1.3548433925328553e-16 -5.560939026990825e-16 1.0
  outer loop
    vertex 70.14474668956707 50.289925019230516 2.999999999999995
    vertex 54.28992501923051 43.85525331043295 3.000000000000003
    vertex 67.95000000000002 49.38083117443839 2.999999999999995
  endloop
endfacet
facet normal 1.3548433925328553e-16 -5.560939026990825e-16 1.0
  outer loop
    vertex 67.95000000000002 49.38083117443839 2.999999999999995
    vertex 54.28992501923051 43.85525331043295 3.000000000000003
    vertex 54.59999999999999 41.50000000000001 3.000000000000003
  endloop
endfacet
facet normal 1.3548433925328553e-16 -5.560939026990825e-16 1.0
  outer loop
    vertex 67.95000000000002 49.38083117443839 2.999999999999995
    vertex 54.59999999999999 41.50000000000001 3.000000000000003
    vertex 66.06532829120243 47.93467170879758 2.999999999999995
  endloop
endfacet
facet normal 1.3548433925328553e-16 -5.560939026990825e-16 1.0
  outer loop
    vertex 66.06532829120243 47.93467170879758 2.999999999999995
    vertex 54.59999999999999 41.50000000000001 3.000000000000003
    vertex 64.61916882556162 46.05 2.999999999999995
  endloop
endfacet
facet normal 1.3548433925328553e-16 -5.560939026990825e-16 1.0
  outer loop
    vertex 64.61916882556162 46.05 2.999999999999995
    vertex 54.59999999999999 41.50000000000001 3.000000000000003
    vertex 63.71007498076949 43.85525331043293 2.999999999999995
  endloop
endfacet
facet normal 1.3548433925328553e-16 -5.560939026990825e-16 1.0
  outer loop
    vertex 63.71007498076949 43.85525331043293 2.999999999999995
    vertex 54.59999999999999 41.50000000000001 3.000000000000003
    vertex 63.40000000000002 41.49999999999999 2.999999999999995
  endloop
endfacet
facet normal 1.3548433925328553e-16 -5.560939026990825e-16 1.0
  outer loop
    vertex 117.0000000000001 58.00000000000001 3.0
    vertex 70.14474668956707 50.289925019230516 2.999999999999995
    vertex 72.5 50.599999999999994 2.999999999999995
  endloop
endfacet
facet normal 1.3548433925328553e-16 -5.560939026990825e-16 1.0
  outer loop
    vertex 117.0000000000001 58.00000000000001 3.0
    vertex 72.5 50.599999999999994 2.999999999999995
    vertex 74.85525331043294 50.28992501923051 2.999999999999995
  endloop
endfacet
facet normal 1.3548433925328553e-16 -5.560939026990825e-16 1.0
  outer loop
    vertex 117.0000000000001 58.00000000000001 3.0
    vertex 74.85525331043294 50.28992501923051 2.999999999999995
    vertex 77.05000000000001 49.380831174438384 2.999999999999995
  endloop
endfacet
facet normal 1.3548433925328553e-16 -5.560939026990825e-16 1.0
  outer loop
    vertex 117.0000000000001 58.00000000000001 3.0
    vertex 77.05000000000001 49.380831174438384 2.999999999999995
    vertex 78.93467170879758 47.93467170879758 2.999999999999995
  endloop
endfacet
facet normal 1.3548433925328553e-16 -5.560939026990825e-16 1.0
  outer loop
    vertex 117.0000000000001 58.00000000000001 3.0
    vertex 78.93467170879758 47.93467170879758 2.999999999999995
    vertex 80.38083117443838 46.05 2.999999999999995
  endloop
endfacet
facet normal 1.3548433925328553e-16 -5.560939026990825e-16 1.0
  outer loop
    vertex 117.0000000000001 58.00000000000001 3.0
    vertex 80.38083117443838 46.05 2.999999999999995
    vertex 97.14474668956706 50.289925019230516 3.0000000000000124
  endloop
endfacet
facet normal 1.3548433925328553e-16 -5.560939026990825e-16 1.0
  outer loop
    vertex 97.14474668956706 50.289925019230516 3.0000000000000124
    vertex 80.38083117443838 46.05 2.999999999999995
    vertex 81.28992501923052 43.855253310432936 2.999999999999995
  endloop
endfacet
facet normal 1.3548433925328553e-16 -5.560939026990825e-16 1.0
  outer loop
    vertex 97.14474668956706 50.289925019230516 3.0000000000000124
    vertex 81.28992501923052 43.855253310432936 2.999999999999995
    vertex 94.94999999999999 49.380831174438384 3.0000000000000124
  endloop
endfacet
facet normal 1.3548433925328553e-16 -5.560939026990825e-16 1.0
  outer loop
    vertex 94.94999999999999 49.380831174438384 3.0000000000000124
    vertex 81.28992501923052 43.855253310432936 2.999999999999995
    vertex 81.6 41.5 2.999999999999995
  endloop
endfacet
facet normal 1.3548433925328553e-16 -5.560939026990825e-16 1.0
  outer loop
    vertex 94.94999999999999 49.380831174438384 3.0000000000000124
    vertex 81.6 41.5 2.999999999999995
    vertex 93.06532829120242 47.93467170879757 3.0000000000000124
  endloop
endfacet
facet normal 1.3548433925328553e-16 -5.560939026990825e-16 1.0
  outer loop
    vertex 93.06532829120242 47.93467170879757 3.0000000000000124
    vertex 81.6 41.5 2.999999999999995
    vertex 91.61916882556162 46.05 3.0000000000000124
  endloop
endfacet
facet normal 1.3548433925328553e-16 -5.560939026990825e-16 1.0
  outer loop
    vertex 91.61916882556162 46.05 3.0000000000000124
    vertex 81.6 41.5 2.999999999999995
    vertex 90.71007498076949 43.855253310432936 3.0000000000000124
  endloop
endfacet
facet normal 1.3548433925328553e-16 -5.560939026990825e-16 1.0
  outer loop
    vertex 90.71007498076949 43.855253310432936 3.0000000000000124
    vertex 81.6 41.5 2.999999999999995
    vertex 90.40000000000002 41.5 3.0000000000000124
  endloop
endfacet
facet normal 1.3548433925328553e-16 -5.560939026990825e-16 1.0
  outer loop
    vertex 117.0000000000001 58.00000000000001 3.0
    vertex 97.14474668956706 50.289925019230516 3.0000000000000124
    vertex 99.50000000000001 50.599999999999994 3.0000000000000124
  endloop
endfacet
facet normal 1.3548433925328553e-16 -5.560939026990825e-16 1.0
  outer loop
    vertex 117.0000000000001 58.00000000000001 3.0
    vertex 99.50000000000001 50.599999999999994 3.0000000000000124
    vertex 101.85525331043294 50.289925019230516 3.0000000000000124
  endloop
endfacet
facet normal 1.3548433925328553e-16 -5.560939026990825e-16 1.0
  outer loop
    vertex 117.0000000000001 58.00000000000001 3.0
    vertex 101.85525331043294 50.289925019230516 3.0000000000000124
    vertex 104.05 49.38083117443839 3.0000000000000124
  endloop
endfacet
facet normal 1.3548433925328553e-16 -5.560939026990825e-16 1.0
  outer loop
    vertex 117.0000000000001 58.00000000000001 3.0
    vertex 104.05 49.38083117443839 3.0000000000000124
    vertex 105.9346717087976 47.93467170879758 3.0000000000000124
  endloop
endfacet
facet normal 1.3548433925328553e-16 -5.560939026990825e-16 1.0
  outer loop
    vertex 117.0000000000001 58.00000000000001 3.0
    vertex 105.9346717087976 47.93467170879758 3.0000000000000124
    vertex 107.3808311744384 46.05 3.0000000000000124
  endloop
endfacet
facet normal 1.3548433925328553e-16 -5.560939026990825e-16 1.0
  outer loop
    vertex 117.0000000000001 58.00000000000001 3.0
    vertex 107.3808311744384 46.05 3.0000000000000124
    vertex 108.28992501923054 43.85525331043294 3.0000000000000124
  endloop
endfacet
facet normal 1.3548433925328553e-16 -5.560939026990825e-16 1.0
  outer loop
    vertex 117.0000000000001 58.00000000000001 3.0
    vertex 108.28992501923054 43.85525331043294 3.0000000000000124
    vertex 108.60000000000001 41.5 3.0000000000000124
  endloop
endfacet
facet normal 1.3548433925328553e-16 -5.560939026990825e-16 1.0
  outer loop
    vertex 90.50000000000001 14.999999999999998 3.0000000000000058
    vertex 90.71007498076949 39.144746689567064 3.0000000000000124
    vertex 90.40000000000002 41.5 3.0000000000000124
  endloop
endfacet
facet normal 1.3548433925328553e-16 -5.560939026990825e-16 1.0
  outer loop
    vertex 90.71007498076949 39.144746689567064 3.0000000000000124
    vertex 90.50000000000001 14.999999999999998 3.0000000000000058
    vertex 92.50000000000001 14.999999999999998 3.0000000000000058
  endloop
endfacet
facet normal 1.3548433925328553e-16 -5.560939026990825e-16 1.0
  outer loop
    vertex 90.71007498076949 39.144746689567064 3.0000000000000124
    vertex 92.50000000000001 14.999999999999998 3.0000000000000058
    vertex 91.61916882556162 36.95000000000001 3.0000000000000124
  endloop
endfacet
facet normal 1.3548433925328553e-16 -5.560939026990825e-16 1.0
  outer loop
    vertex 91.61916882556162 36.95000000000001 3.0000000000000124
    vertex 92.50000000000001 14.999999999999998 3.0000000000000058
    vertex 93.06532829120243 35.065328291202434 3.0000000000000124
  endloop
endfacet
facet normal 1.3548433925328553e-16 -5.560939026990825e-16 1.0
  outer loop
    vertex 93.06532829120243 35.065328291202434 3.0000000000000124
    vertex 92.50000000000001 14.999999999999998 3.0000000000000058
    vertex 92.6022225211328 14.223542864692435 3.0000000000000058
  endloop
endfacet
facet normal 1.3548433925328553e-16 -5.560939026990825e-16 1.0
  outer loop
    vertex 93.06532829120243 35.065328291202434 3.0000000000000124
    vertex 92.6022225211328 14.223542864692435 3.0000000000000058
    vertex 92.9019237886467 13.499999999999995 3.0000000000000058
  endloop
endfacet
facet normal 1.3548433925328553e-16 -5.560939026990825e-16 1.0
  outer loop
    vertex 93.06532829120243 35.065328291202434 3.0000000000000124
    vertex 92.9019237886467 13.499999999999995 3.0000000000000058
    vertex 93.37867965644037 12.87867965644035 3.0000000000000058
  endloop
endfacet
facet normal 1.3548433925328553e-16 -5.560939026990825e-16 1.0
  outer loop
    vertex 93.06532829120243 35.065328291202434 3.0000000000000124
    vertex 93.37867965644037 12.87867965644035 3.0000000000000058
    vertex 94.95 33.61916882556162 3.0000000000000124
  endloop
endfacet
facet normal 1.3548433925328553e-16 -5.560939026990825e-16 1.0
  outer loop
    vertex 94.95 33.61916882556162 3.0000000000000124
    vertex 93.37867965644037 12.87867965644035 3.0000000000000058
    vertex 94.00000000000001 12.401923788646677 3.0000000000000058
  endloop
endfacet
facet normal 1.3548433925328553e-16 -5.560939026990825e-16 1.0
  outer loop
    vertex 94.95 33.61916882556162 3.0000000000000124
    vertex 94.00000000000001 12.401923788646677 3.0000000000000058
    vertex 94.72354286469245 12.102222521132788 3.0000000000000058
  endloop
endfacet
facet normal 1.3548433925328553e-16 -5.560939026990825e-16 1.0
  outer loop
    vertex 94.95 33.61916882556162 3.0000000000000124
    vertex 94.72354286469245 12.102222521132788 3.0000000000000058
    vertex 95.50000000000001 11.999999999999993 3.0000000000000058
  endloop
endfacet
facet normal 1.3548433925328553e-16 -5.560939026990825e-16 1.0
  outer loop
    vertex 94.95 33.61916882556162 3.0000000000000124
    vertex 95.50000000000001 11.999999999999993 3.0000000000000058
    vertex 97.14474668956707 32.71007498076949 3.0000000000000124
  endloop
endfacet
facet normal 1.3548433925328553e-16 -5.560939026990825e-16 1.0
  outer loop
    vertex 97.14474668956707 32.71007498076949 3.0000000000000124
    vertex 95.50000000000001 11.999999999999993 3.0000000000000058
    vertex 96.27645713530758 12.102222521132788 3.0000000000000058
  endloop
endfacet
facet normal 1.3548433925328553e-16 -5.560939026990825e-16 1.0
  outer loop
    vertex 97.14474668956707 32.71007498076949 3.0000000000000124
    vertex 96.27645713530758 12.102222521132788 3.0000000000000058
    vertex 97.00000000000001 12.401923788646677 3.0000000000000058
  endloop
endfacet
facet normal 1.3548433925328553e-16 -5.560939026990825e-16 1.0
  outer loop
    vertex 97.14474668956707 32.71007498076949 3.0000000000000124
    vertex 97.00000000000001 12.401923788646677 3.0000000000000058
    vertex 97.62132034355966 12.87867965644035 3.0000000000000058
  endloop
endfacet
facet normal 1.3548433925328553e-16 -5.560939026990825e-16 1.0
  outer loop
    vertex 97.14474668956707 32.71007498076949 3.0000000000000124
    vertex 97.62132034355966 12.87867965644035 3.0000000000000058
    vertex 98.50000000000003 26.00000000000002 3.0
  endloop
endfacet
facet normal 1.3548433925328553e-16 -5.560939026990825e-16 1.0
  outer loop
    vertex 97.14474668956707 32.71007498076949 3.0000000000000124
    vertex 98.50000000000003 26.00000000000002 3.0
    vertex 99.50000000000001 32.400000000000006 3.0000000000000124
  endloop
endfacet
facet normal 1.3548433925328553e-16 -5.560939026990825e-16 1.0
  outer loop
    vertex 98.50000000000003 26.00000000000002 3.0
    vertex 97.62132034355966 12.87867965644035 3.0000000000000058
    vertex 98.09807621135334 13.499999999999995 3.0000000000000058
  endloop
endfacet
facet normal 1.3548433925328553e-16 -5.560939026990825e-16 1.0
  outer loop
    vertex 98.50000000000003 26.00000000000002 3.0
    vertex 98.09807621135334 13.499999999999995 3.0000000000000058
    vertex 98.39777747886723 14.223542864692435 3.0000000000000058
  endloop
endfacet
facet normal 1.3548433925328553e-16 -5.560939026990825e-16 1.0
  outer loop
    vertex 98.50000000000003 26.00000000000002 3.0
    vertex 98.39777747886723 14.223542864692435 3.0000000000000058
    vertex 98.50000000000003 14.999999999999998 3.0000000000000058
  endloop
endfacet
facet normal 1.3548433925328553e-16 -5.560939026990825e-16 1.0
  outer loop
    vertex 99.50000000000001 32.400000000000006 3.0000000000000124
    vertex 98.50000000000003 26.00000000000002 3.0
    vertex 100.50000000000001 26.00000000000002 3.0
  endloop
endfacet
facet normal 1.3548433925328553e-16 -5.560939026990825e-16 1.0
  outer loop
    vertex 99.50000000000001 32.400000000000006 3.0000000000000124
    vertex 100.50000000000001 26.00000000000002 3.0
    vertex 101.85525331043294 32.71007498076949 3.0000000000000124
  endloop
endfacet
facet normal 1.3548433925328553e-16 -5.560939026990825e-16 1.0
  outer loop
    vertex 66.06532829120243 35.06532829120243 2.999999999999995
    vertex 66.5 26.00000000000002 3.0
    vertex 67.95 33.61916882556162 2.999999999999995
  endloop
endfacet
facet normal 1.3548433925328553e-16 -5.560939026990825e-16 1.0
  outer loop
    vertex 66.5 26.00000000000002 3.0
    vertex 66.06532829120243 35.06532829120243 2.999999999999995
    vertex 66.5 24.0 3.0
  endloop
endfacet
facet normal 1.3548433925328553e-16 -5.560939026990825e-16 1.0
  outer loop
    vertex 67.95 33.61916882556162 2.999999999999995
    vertex 66.5 26.00000000000002 3.0
    vertex 78.5 26.00000000000002 3.0
  endloop
endfacet
facet normal 1.3548433925328553e-16 -5.560939026990825e-16 1.0
  outer loop
    vertex 67.95 33.61916882556162 2.999999999999995
    vertex 78.5 26.00000000000002 3.0
    vertex 70.14474668956707 32.71007498076949 2.999999999999995
  endloop
endfacet
facet normal 1.3548433925328553e-16 -5.560939026990825e-16 1.0
  outer loop
    vertex 70.14474668956707 32.71007498076949 2.999999999999995
    vertex 78.5 26.00000000000002 3.0
    vertex 72.5 32.40000000000001 2.999999999999995
  endloop
endfacet
facet normal 1.3548433925328553e-16 -5.560939026990825e-16 1.0
  outer loop
    vertex 72.5 32.40000000000001 2.999999999999995
    vertex 78.5 26.00000000000002 3.0
    vertex 74.85525331043293 32.71007498076949 2.999999999999995
  endloop
endfacet
facet normal 1.3548433925328553e-16 -5.560939026990825e-16 1.0
  outer loop
    vertex 74.85525331043293 32.71007498076949 2.999999999999995
    vertex 78.5 26.00000000000002 3.0
    vertex 77.05 33.619168825561616 2.999999999999995
  endloop
endfacet
facet normal 1.3548433925328553e-16 -5.560939026990825e-16 1.0
  outer loop
    vertex 77.05 33.619168825561616 2.999999999999995
    vertex 78.5 26.00000000000002 3.0
    vertex 78.93467170879757 35.06532829120243 2.999999999999995
  endloop
endfacet
facet normal 1.3548433925328553e-16 -5.560939026990825e-16 1.0
  outer loop
    vertex 71.5 24.0 3.0000000000000058
    vertex 66.5 24.0 3.0
    vertex 71.5 9.999999999999998 3.0000000000000058
  endloop
endfacet
facet normal -0.9914448613738105 0.13052619222005146 0.0
  outer loop
    vertex 41.63629669484372 42.5352761804101 8.000000000000004
    vertex 41.49999999999999 41.500000000000014 1.9999999999999936
    vertex 41.49999999999999 41.500000000000014 8.000000000000004
  endloop
endfacet
facet normal -0.9914448613738105 0.13052619222005146 0.0
  outer loop
    vertex 41.49999999999999 41.500000000000014 1.9999999999999936
    vertex 41.63629669484372 42.5352761804101 8.000000000000004
    vertex 41.63629669484372 42.5352761804101 1.9999999999999936
  endloop
endfacet
facet normal -0.9914448613738105 -0.13052619222005146 0.0
  outer loop
    vertex 41.49999999999999 41.500000000000014 8.000000000000004
    vertex 41.63629669484372 40.46472381958993 1.9999999999999936
    vertex 41.63629669484372 40.46472381958993 8.000000000000004
  endloop
endfacet
facet normal -0.9914448613738105 -0.13052619222005146 0.0
  outer loop
    vertex 41.63629669484372 40.46472381958993 1.9999999999999936
    vertex 41.49999999999999 41.500000000000014 8.000000000000004
    vertex 41.49999999999999 41.500000000000014 1.9999999999999936
  endloop
endfacet
facet normal -0.9238795325112862 -0.3826834323650913 0.0
  outer loop
    vertex 41.63629669484372 40.46472381958993 8.000000000000004
    vertex 42.035898384862236 39.500000000000014 1.9999999999999936
    vertex 42.035898384862236 39.500000000000014 8.000000000000004
  endloop
endfacet
facet normal -0.9238795325112862 -0.3826834323650913 0.0
  outer loop
    vertex 42.035898384862236 39.500000000000014 1.9999999999999936
    vertex 41.63629669484372 40.46472381958993 8.000000000000004
    vertex 41.63629669484372 40.46472381958993 1.9999999999999936
  endloop
endfacet
facet normal -0.7933533402912347 -0.6087614290087213 0.0
  outer loop
    vertex 42.035898384862236 39.500000000000014 8.000000000000004
    vertex 42.6715728752538 38.67157287525382 1.9999999999999936
    vertex 42.6715728752538 38.67157287525382 8.000000000000004
  endloop
endfacet
facet normal -0.7933533402912347 -0.6087614290087213 0.0
  outer loop
    vertex 42.6715728752538 38.67157287525382 1.9999999999999936
    vertex 42.035898384862236 39.500000000000014 8.000000000000004
    vertex 42.035898384862236 39.500000000000014 1.9999999999999936
  endloop
endfacet
facet normal -0.6087614290087188 -0.7933533402912366 0.0
  outer loop
    vertex 43.5 38.03589838486226 8.000000000000004
    vertex 42.6715728752538 38.67157287525382 1.9999999999999936
    vertex 43.5 38.03589838486226 1.9999999999999936
  endloop
endfacet
facet normal -0.6087614290087188 -0.7933533402912366 0.0
  outer loop
    vertex 42.6715728752538 38.67157287525382 1.9999999999999936
    vertex 43.5 38.03589838486226 8.000000000000004
    vertex 42.6715728752538 38.67157287525382 8.000000000000004
  endloop
endfacet
facet normal -0.38268343236508673 -0.9238795325112881 0.0
  outer loop
    vertex 44.46472381958991 37.63629669484374 8.000000000000004
    vertex 43.5 38.03589838486226 1.9999999999999936
    vertex 44.46472381958991 37.63629669484374 1.9999999999999936
  endloop
endfacet
facet normal -0.38268343236508673 -0.9238795325112881 0.0
  outer loop
    vertex 43.5 38.03589838486226 1.9999999999999936
    vertex 44.46472381958991 37.63629669484374 8.000000000000004
    vertex 43.5 38.03589838486226 8.000000000000004
  endloop
endfacet
facet normal -0.13052619222005146 -0.9914448613738105 0.0
  outer loop
    vertex 45.5 37.500000000000014 8.000000000000004
    vertex 44.46472381958991 37.63629669484374 1.9999999999999936
    vertex 45.5 37.500000000000014 1.9999999999999936
  endloop
endfacet
facet normal -0.13052619222005146 -0.9914448613738105 0.0
  outer loop
    vertex 44.46472381958991 37.63629669484374 1.9999999999999936
    vertex 45.5 37.500000000000014 8.000000000000004
    vertex 44.46472381958991 37.63629669484374 8.000000000000004
  endloop
endfacet
facet normal 0.13052619222005146 -0.9914448613738105 0.0
  outer loop
    vertex 46.53527618041009 37.63629669484374 8.000000000000004
    vertex 45.5 37.500000000000014 1.9999999999999936
    vertex 46.53527618041009 37.63629669484374 1.9999999999999936
  endloop
endfacet
facet normal 0.13052619222005146 -0.9914448613738105 0.0
  outer loop
    vertex 45.5 37.500000000000014 1.9999999999999936
    vertex 46.53527618041009 37.63629669484374 8.000000000000004
    vertex 45.5 37.500000000000014 8.000000000000004
  endloop
endfacet
facet normal 0.3826834323650959 -0.9238795325112843 0.0
  outer loop
    vertex 47.5 38.03589838486227 8.000000000000004
    vertex 46.53527618041009 37.63629669484374 1.9999999999999936
    vertex 47.5 38.03589838486227 1.9999999999999936
  endloop
endfacet
facet normal 0.3826834323650959 -0.9238795325112843 0.0
  outer loop
    vertex 46.53527618041009 37.63629669484374 1.9999999999999936
    vertex 47.5 38.03589838486227 8.000000000000004
    vertex 46.53527618041009 37.63629669484374 8.000000000000004
  endloop
endfacet
facet normal 0.6087614290087213 -0.7933533402912347 0.0
  outer loop
    vertex 48.32842712474619 38.67157287525384 8.000000000000004
    vertex 47.5 38.03589838486227 1.9999999999999936
    vertex 48.32842712474619 38.67157287525384 1.9999999999999936
  endloop
endfacet
facet normal 0.6087614290087213 -0.7933533402912347 0.0
  outer loop
    vertex 47.5 38.03589838486227 1.9999999999999936
    vertex 48.32842712474619 38.67157287525384 8.000000000000004
    vertex 47.5 38.03589838486227 8.000000000000004
  endloop
endfacet
facet normal 0.7933533402912347 -0.6087614290087213 -0.0
  outer loop
    vertex 48.96410161513776 39.50000000000002 1.9999999999999936
    vertex 48.32842712474619 38.67157287525384 8.000000000000004
    vertex 48.32842712474619 38.67157287525384 1.9999999999999936
  endloop
endfacet
facet normal 0.7933533402912347 -0.6087614290087213 -0.0
  outer loop
    vertex 48.32842712474619 38.67157287525384 8.000000000000004
    vertex 48.96410161513776 39.50000000000002 1.9999999999999936
    vertex 48.96410161513776 39.50000000000002 8.000000000000004
  endloop
endfacet
facet normal 0.9238795325112888 -0.3826834323650848 -0.0
  outer loop
    vertex 49.36370330515627 40.46472381958995 1.9999999999999936
    vertex 48.96410161513776 39.50000000000002 8.000000000000004
    vertex 48.96410161513776 39.50000000000002 1.9999999999999936
  endloop
endfacet
facet normal 0.9238795325112888 -0.3826834323650848 -0.0
  outer loop
    vertex 48.96410161513776 39.50000000000002 8.000000000000004
    vertex 49.36370330515627 40.46472381958995 1.9999999999999936
    vertex 49.36370330515627 40.46472381958995 8.000000000000004
  endloop
endfacet
facet normal 0.9914448613738105 -0.13052619222005146 -0.0
  outer loop
    vertex 49.5 41.50000000000003 1.9999999999999936
    vertex 49.36370330515627 40.46472381958995 8.000000000000004
    vertex 49.36370330515627 40.46472381958995 1.9999999999999936
  endloop
endfacet
facet normal 0.9914448613738105 -0.13052619222005146 -0.0
  outer loop
    vertex 49.36370330515627 40.46472381958995 8.000000000000004
    vertex 49.5 41.50000000000003 1.9999999999999936
    vertex 49.5 41.50000000000003 8.000000000000004
  endloop
endfacet
facet normal 0.9914448613738105 0.13052619222005213 -0.0
  outer loop
    vertex 49.36370330515627 42.53527618041011 1.9999999999999936
    vertex 49.5 41.50000000000003 8.000000000000004
    vertex 49.5 41.50000000000003 1.9999999999999936
  endloop
endfacet
facet normal 0.9914448613738105 0.13052619222005213 -0.0
  outer loop
    vertex 49.5 41.50000000000003 8.000000000000004
    vertex 49.36370330515627 42.53527618041011 1.9999999999999936
    vertex 49.36370330515627 42.53527618041011 8.000000000000004
  endloop
endfacet
facet normal 0.9238795325112843 0.3826834323650959 -0.0
  outer loop
    vertex 48.96410161513775 43.50000000000003 1.9999999999999936
    vertex 49.36370330515627 42.53527618041011 8.000000000000004
    vertex 49.36370330515627 42.53527618041011 1.9999999999999936
  endloop
endfacet
facet normal 0.9238795325112843 0.3826834323650959 -0.0
  outer loop
    vertex 49.36370330515627 42.53527618041011 8.000000000000004
    vertex 48.96410161513775 43.50000000000003 1.9999999999999936
    vertex 48.96410161513775 43.50000000000003 8.000000000000004
  endloop
endfacet
facet normal 0.7933533402912347 0.6087614290087213 -0.0
  outer loop
    vertex 48.328427124746185 44.32842712474622 1.9999999999999936
    vertex 48.96410161513775 43.50000000000003 8.000000000000004
    vertex 48.96410161513775 43.50000000000003 1.9999999999999936
  endloop
endfacet
facet normal 0.7933533402912347 0.6087614290087213 -0.0
  outer loop
    vertex 48.96410161513775 43.50000000000003 8.000000000000004
    vertex 48.328427124746185 44.32842712474622 1.9999999999999936
    vertex 48.328427124746185 44.32842712474622 8.000000000000004
  endloop
endfacet
facet normal 0.6087614290087213 0.7933533402912347 -0.0
  outer loop
    vertex 47.49999999999999 44.964101615137785 8.000000000000004
    vertex 48.328427124746185 44.32842712474622 1.9999999999999936
    vertex 47.49999999999999 44.964101615137785 1.9999999999999936
  endloop
endfacet
facet normal 0.6087614290087213 0.7933533402912347 -0.0
  outer loop
    vertex 48.328427124746185 44.32842712474622 1.9999999999999936
    vertex 47.49999999999999 44.964101615137785 8.000000000000004
    vertex 48.328427124746185 44.32842712474622 8.000000000000004
  endloop
endfacet
facet normal 0.38268343236508945 0.9238795325112871 -0.0
  outer loop
    vertex 46.53527618041007 45.3637033051563 8.000000000000004
    vertex 47.49999999999999 44.964101615137785 1.9999999999999936
    vertex 46.53527618041007 45.3637033051563 1.9999999999999936
  endloop
endfacet
facet normal 0.38268343236508945 0.9238795325112871 -0.0
  outer loop
    vertex 47.49999999999999 44.964101615137785 1.9999999999999936
    vertex 46.53527618041007 45.3637033051563 8.000000000000004
    vertex 47.49999999999999 44.964101615137785 8.000000000000004
  endloop
endfacet
facet normal 0.13052619222004613 0.9914448613738112 -0.0
  outer loop
    vertex 45.499999999999986 45.50000000000002 8.000000000000004
    vertex 46.53527618041007 45.3637033051563 1.9999999999999936
    vertex 45.499999999999986 45.50000000000002 1.9999999999999936
  endloop
endfacet
facet normal 0.13052619222004613 0.9914448613738112 -0.0
  outer loop
    vertex 46.53527618041007 45.3637033051563 1.9999999999999936
    vertex 45.499999999999986 45.50000000000002 8.000000000000004
    vertex 46.53527618041007 45.3637033051563 8.000000000000004
  endloop
endfacet
facet normal -0.13052619222005213 0.9914448613738105 -0.0
  outer loop
    vertex 44.464723819589906 45.3637033051563 8.000000000000004
    vertex 45.499999999999986 45.50000000000002 1.9999999999999936
    vertex 44.464723819589906 45.3637033051563 1.9999999999999936
  endloop
endfacet
facet normal -0.13052619222005213 0.9914448613738105 -0.0
  outer loop
    vertex 45.499999999999986 45.50000000000002 1.9999999999999936
    vertex 44.464723819589906 45.3637033051563 8.000000000000004
    vertex 45.499999999999986 45.50000000000002 8.000000000000004
  endloop
endfacet
facet normal -0.3826834323650959 0.9238795325112843 -0.0
  outer loop
    vertex 43.499999999999986 44.96410161513777 8.000000000000004
    vertex 44.464723819589906 45.3637033051563 1.9999999999999936
    vertex 43.499999999999986 44.96410161513777 1.9999999999999936
  endloop
endfacet
facet normal -0.3826834323650959 0.9238795325112843 -0.0
  outer loop
    vertex 44.464723819589906 45.3637033051563 1.9999999999999936
    vertex 43.499999999999986 44.96410161513777 8.000000000000004
    vertex 44.464723819589906 45.3637033051563 8.000000000000004
  endloop
endfacet
facet normal -0.6087614290087213 0.7933533402912347 -0.0
  outer loop
    vertex 42.6715728752538 44.328427124746206 8.000000000000004
    vertex 43.499999999999986 44.96410161513777 1.9999999999999936
    vertex 42.6715728752538 44.328427124746206 1.9999999999999936
  endloop
endfacet
facet normal -0.6087614290087213 0.7933533402912347 -0.0
  outer loop
    vertex 43.499999999999986 44.96410161513777 1.9999999999999936
    vertex 42.6715728752538 44.328427124746206 8.000000000000004
    vertex 43.499999999999986 44.96410161513777 8.000000000000004
  endloop
endfacet
facet normal -0.7933533402912347 0.6087614290087213 0.0
  outer loop
    vertex 42.6715728752538 44.328427124746206 8.000000000000004
    vertex 42.035898384862236 43.500000000000014 1.9999999999999936
    vertex 42.035898384862236 43.500000000000014 8.000000000000004
  endloop
endfacet
facet normal -0.7933533402912347 0.6087614290087213 0.0
  outer loop
    vertex 42.035898384862236 43.500000000000014 1.9999999999999936
    vertex 42.6715728752538 44.328427124746206 8.000000000000004
    vertex 42.6715728752538 44.328427124746206 1.9999999999999936
  endloop
endfacet
facet normal -0.9238795325112881 0.38268343236508673 0.0
  outer loop
    vertex 42.035898384862236 43.500000000000014 8.000000000000004
    vertex 41.63629669484372 42.5352761804101 1.9999999999999936
    vertex 41.63629669484372 42.5352761804101 8.000000000000004
  endloop
endfacet
facet normal -0.9238795325112881 0.38268343236508673 0.0
  outer loop
    vertex 41.63629669484372 42.5352761804101 1.9999999999999936
    vertex 42.035898384862236 43.500000000000014 8.000000000000004
    vertex 42.035898384862236 43.500000000000014 1.9999999999999936
  endloop
endfacet
facet normal -0.6087614290087227 0.7933533402912337 0.0
  outer loop
    vertex 15.671572875253789 44.328427124746185 7.999999999999996
    vertex 16.499999999999975 44.96410161513775 1.9999999999999938
    vertex 15.671572875253789 44.328427124746185 1.9999999999999938
  endloop
endfacet
facet normal -0.6087614290087227 0.7933533402912337 0.0
  outer loop
    vertex 16.499999999999975 44.96410161513775 1.9999999999999938
    vertex 15.671572875253789 44.328427124746185 7.999999999999996
    vertex 16.499999999999975 44.96410161513775 7.999999999999996
  endloop
endfacet
facet normal -0.793353340291238 0.6087614290087171 0.0
  outer loop
    vertex 15.671572875253789 44.328427124746185 7.999999999999996
    vertex 15.035898384862227 43.499999999999986 1.9999999999999938
    vertex 15.035898384862227 43.499999999999986 7.999999999999996
  endloop
endfacet
facet normal -0.793353340291238 0.6087614290087171 0.0
  outer loop
    vertex 15.035898384862227 43.499999999999986 1.9999999999999938
    vertex 15.671572875253789 44.328427124746185 7.999999999999996
    vertex 15.671572875253789 44.328427124746185 1.9999999999999938
  endloop
endfacet
facet normal -0.9238795325112881 0.3826834323650867 0.0
  outer loop
    vertex 15.035898384862227 43.499999999999986 7.999999999999996
    vertex 14.636296694843711 42.53527618041007 1.9999999999999938
    vertex 14.636296694843711 42.53527618041007 7.999999999999996
  endloop
endfacet
facet normal -0.9238795325112881 0.3826834323650867 0.0
  outer loop
    vertex 14.636296694843711 42.53527618041007 1.9999999999999938
    vertex 15.035898384862227 43.499999999999986 7.999999999999996
    vertex 15.035898384862227 43.499999999999986 1.9999999999999938
  endloop
endfacet
facet normal -0.9914448613738112 0.13052619222004685 0.0
  outer loop
    vertex 14.636296694843711 42.53527618041007 7.999999999999996
    vertex 14.499999999999991 41.49999999999999 1.9999999999999938
    vertex 14.499999999999991 41.49999999999999 7.999999999999996
  endloop
endfacet
facet normal -0.9914448613738112 0.13052619222004685 0.0
  outer loop
    vertex 14.499999999999991 41.49999999999999 1.9999999999999938
    vertex 14.636296694843711 42.53527618041007 7.999999999999996
    vertex 14.636296694843711 42.53527618041007 1.9999999999999938
  endloop
endfacet
facet normal -0.9914448613738105 -0.13052619222005143 -0.0
  outer loop
    vertex 14.499999999999991 41.49999999999999 7.999999999999996
    vertex 14.636296694843717 40.464723819589906 1.9999999999999938
    vertex 14.636296694843717 40.464723819589906 7.999999999999996
  endloop
endfacet
facet normal -0.9914448613738105 -0.13052619222005143 -0.0
  outer loop
    vertex 14.636296694843717 40.464723819589906 1.9999999999999938
    vertex 14.499999999999991 41.49999999999999 7.999999999999996
    vertex 14.499999999999991 41.49999999999999 1.9999999999999938
  endloop
endfacet
facet normal -0.9238795325112852 -0.3826834323650936 -0.0
  outer loop
    vertex 14.636296694843717 40.464723819589906 7.999999999999996
    vertex 15.035898384862241 39.49999999999999 1.9999999999999938
    vertex 15.035898384862241 39.49999999999999 7.999999999999996
  endloop
endfacet
facet normal -0.9238795325112852 -0.3826834323650936 -0.0
  outer loop
    vertex 15.035898384862241 39.49999999999999 1.9999999999999938
    vertex 14.636296694843717 40.464723819589906 7.999999999999996
    vertex 14.636296694843717 40.464723819589906 1.9999999999999938
  endloop
endfacet
facet normal -0.7933533402912322 -0.6087614290087248 -0.0
  outer loop
    vertex 15.035898384862241 39.49999999999999 7.999999999999996
    vertex 15.671572875253812 38.6715728752538 1.9999999999999938
    vertex 15.671572875253812 38.6715728752538 7.999999999999996
  endloop
endfacet
facet normal -0.7933533402912322 -0.6087614290087248 -0.0
  outer loop
    vertex 15.671572875253812 38.6715728752538 1.9999999999999938
    vertex 15.035898384862241 39.49999999999999 7.999999999999996
    vertex 15.035898384862241 39.49999999999999 1.9999999999999938
  endloop
endfacet
facet normal -0.6087614290087167 -0.7933533402912383 -0.0
  outer loop
    vertex 16.500000000000004 38.03589838486224 7.999999999999996
    vertex 15.671572875253812 38.6715728752538 1.9999999999999938
    vertex 16.500000000000004 38.03589838486224 1.9999999999999938
  endloop
endfacet
facet normal -0.6087614290087167 -0.7933533402912383 -0.0
  outer loop
    vertex 15.671572875253812 38.6715728752538 1.9999999999999938
    vertex 16.500000000000004 38.03589838486224 7.999999999999996
    vertex 15.671572875253812 38.6715728752538 7.999999999999996
  endloop
endfacet
facet normal -0.38268343236508573 -0.9238795325112885 -0.0
  outer loop
    vertex 17.464723819589924 37.63629669484373 7.999999999999996
    vertex 16.500000000000004 38.03589838486224 1.9999999999999938
    vertex 17.464723819589924 37.63629669484373 1.9999999999999938
  endloop
endfacet
facet normal -0.38268343236508573 -0.9238795325112885 -0.0
  outer loop
    vertex 16.500000000000004 38.03589838486224 1.9999999999999938
    vertex 17.464723819589924 37.63629669484373 7.999999999999996
    vertex 16.500000000000004 38.03589838486224 7.999999999999996
  endloop
endfacet
facet normal -0.1305261922200465 -0.991444861373811 -0.0
  outer loop
    vertex 18.500000000000007 37.50000000000001 7.999999999999996
    vertex 17.464723819589924 37.63629669484373 1.9999999999999938
    vertex 18.500000000000007 37.50000000000001 1.9999999999999938
  endloop
endfacet
facet normal -0.1305261922200465 -0.991444861373811 -0.0
  outer loop
    vertex 17.464723819589924 37.63629669484373 1.9999999999999938
    vertex 18.500000000000007 37.50000000000001 7.999999999999996
    vertex 17.464723819589924 37.63629669484373 7.999999999999996
  endloop
endfacet
facet normal 0.13052619222005676 -0.9914448613738097 0.0
  outer loop
    vertex 19.53527618041009 37.636296694843736 7.999999999999996
    vertex 18.500000000000007 37.50000000000001 1.9999999999999938
    vertex 19.53527618041009 37.636296694843736 1.9999999999999938
  endloop
endfacet
facet normal 0.13052619222005676 -0.9914448613738097 0.0
  outer loop
    vertex 18.500000000000007 37.50000000000001 1.9999999999999938
    vertex 19.53527618041009 37.636296694843736 7.999999999999996
    vertex 18.500000000000007 37.50000000000001 7.999999999999996
  endloop
endfacet
facet normal 0.3826834323650914 -0.9238795325112863 0.0
  outer loop
    vertex 20.500000000000007 38.03589838486226 7.999999999999996
    vertex 19.53527618041009 37.636296694843736 1.9999999999999938
    vertex 20.500000000000007 38.03589838486226 1.9999999999999938
  endloop
endfacet
facet normal 0.3826834323650914 -0.9238795325112863 0.0
  outer loop
    vertex 19.53527618041009 37.636296694843736 1.9999999999999938
    vertex 20.500000000000007 38.03589838486226 7.999999999999996
    vertex 19.53527618041009 37.636296694843736 7.999999999999996
  endloop
endfacet
facet normal 0.6087614290087227 -0.7933533402912337 0.0
  outer loop
    vertex 21.328427124746195 38.67157287525382 7.999999999999996
    vertex 20.500000000000007 38.03589838486226 1.9999999999999938
    vertex 21.328427124746195 38.67157287525382 1.9999999999999938
  endloop
endfacet
facet normal 0.6087614290087227 -0.7933533402912337 0.0
  outer loop
    vertex 20.500000000000007 38.03589838486226 1.9999999999999938
    vertex 21.328427124746195 38.67157287525382 7.999999999999996
    vertex 20.500000000000007 38.03589838486226 7.999999999999996
  endloop
endfacet
facet normal 0.793353340291238 -0.6087614290087171 0.0
  outer loop
    vertex 21.964101615137757 39.50000000000002 1.9999999999999938
    vertex 21.328427124746195 38.67157287525382 7.999999999999996
    vertex 21.328427124746195 38.67157287525382 1.9999999999999938
  endloop
endfacet
facet normal 0.793353340291238 -0.6087614290087171 0.0
  outer loop
    vertex 21.328427124746195 38.67157287525382 7.999999999999996
    vertex 21.964101615137757 39.50000000000002 1.9999999999999938
    vertex 21.964101615137757 39.50000000000002 7.999999999999996
  endloop
endfacet
facet normal 0.9238795325112888 -0.3826834323650848 0.0
  outer loop
    vertex 22.36370330515627 40.46472381958994 1.9999999999999938
    vertex 21.964101615137757 39.50000000000002 7.999999999999996
    vertex 21.964101615137757 39.50000000000002 1.9999999999999938
  endloop
endfacet
facet normal 0.9238795325112888 -0.3826834323650848 0.0
  outer loop
    vertex 21.964101615137757 39.50000000000002 7.999999999999996
    vertex 22.36370330515627 40.46472381958994 1.9999999999999938
    vertex 22.36370330515627 40.46472381958994 7.999999999999996
  endloop
endfacet
facet normal 0.9914448613738112 -0.13052619222004685 0.0
  outer loop
    vertex 22.499999999999993 41.50000000000002 1.9999999999999938
    vertex 22.36370330515627 40.46472381958994 7.999999999999996
    vertex 22.36370330515627 40.46472381958994 1.9999999999999938
  endloop
endfacet
facet normal 0.9914448613738112 -0.13052619222004685 0.0
  outer loop
    vertex 22.36370330515627 40.46472381958994 7.999999999999996
    vertex 22.499999999999993 41.50000000000002 1.9999999999999938
    vertex 22.499999999999993 41.50000000000002 7.999999999999996
  endloop
endfacet
facet normal 0.99144486137381 0.1305261922200541 0.0
  outer loop
    vertex 22.363703305156264 42.53527618041011 1.9999999999999938
    vertex 22.499999999999993 41.50000000000002 7.999999999999996
    vertex 22.499999999999993 41.50000000000002 1.9999999999999938
  endloop
endfacet
facet normal 0.99144486137381 0.1305261922200541 0.0
  outer loop
    vertex 22.499999999999993 41.50000000000002 7.999999999999996
    vertex 22.363703305156264 42.53527618041011 1.9999999999999938
    vertex 22.363703305156264 42.53527618041011 7.999999999999996
  endloop
endfacet
facet normal 0.9238795325112844 0.38268343236509555 0.0
  outer loop
    vertex 21.96410161513774 43.500000000000014 1.9999999999999938
    vertex 22.363703305156264 42.53527618041011 7.999999999999996
    vertex 22.363703305156264 42.53527618041011 1.9999999999999938
  endloop
endfacet
facet normal 0.9238795325112844 0.38268343236509555 0.0
  outer loop
    vertex 22.363703305156264 42.53527618041011 7.999999999999996
    vertex 21.96410161513774 43.500000000000014 1.9999999999999938
    vertex 21.96410161513774 43.500000000000014 7.999999999999996
  endloop
endfacet
facet normal 0.7933533402912335 0.6087614290087231 0.0
  outer loop
    vertex 21.32842712474617 44.328427124746206 1.9999999999999938
    vertex 21.96410161513774 43.500000000000014 7.999999999999996
    vertex 21.96410161513774 43.500000000000014 1.9999999999999938
  endloop
endfacet
facet normal 0.7933533402912335 0.6087614290087231 0.0
  outer loop
    vertex 21.96410161513774 43.500000000000014 7.999999999999996
    vertex 21.32842712474617 44.328427124746206 1.9999999999999938
    vertex 21.32842712474617 44.328427124746206 7.999999999999996
  endloop
endfacet
facet normal 0.6087614290087174 0.7933533402912377 0.0
  outer loop
    vertex 20.499999999999975 44.96410161513777 7.999999999999996
    vertex 21.32842712474617 44.328427124746206 1.9999999999999938
    vertex 20.499999999999975 44.96410161513777 1.9999999999999938
  endloop
endfacet
facet normal 0.6087614290087174 0.7933533402912377 0.0
  outer loop
    vertex 21.32842712474617 44.328427124746206 1.9999999999999938
    vertex 20.499999999999975 44.96410161513777 7.999999999999996
    vertex 21.32842712474617 44.328427124746206 7.999999999999996
  endloop
endfacet
facet normal 0.38268343236508573 0.9238795325112885 0.0
  outer loop
    vertex 19.535276180410055 45.363703305156285 7.999999999999996
    vertex 20.499999999999975 44.96410161513777 1.9999999999999938
    vertex 19.535276180410055 45.363703305156285 1.9999999999999938
  endloop
endfacet
facet normal 0.38268343236508573 0.9238795325112885 0.0
  outer loop
    vertex 20.499999999999975 44.96410161513777 1.9999999999999938
    vertex 19.535276180410055 45.363703305156285 7.999999999999996
    vertex 20.499999999999975 44.96410161513777 7.999999999999996
  endloop
endfacet
facet normal 0.1305261922200465 0.991444861373811 0.0
  outer loop
    vertex 18.49999999999997 45.50000000000001 7.999999999999996
    vertex 19.535276180410055 45.363703305156285 1.9999999999999938
    vertex 18.49999999999997 45.50000000000001 1.9999999999999938
  endloop
endfacet
facet normal 0.1305261922200465 0.991444861373811 0.0
  outer loop
    vertex 19.535276180410055 45.363703305156285 1.9999999999999938
    vertex 18.49999999999997 45.50000000000001 7.999999999999996
    vertex 19.535276180410055 45.363703305156285 7.999999999999996
  endloop
endfacet
facet normal -0.13052619222005712 0.9914448613738098 0.0
  outer loop
    vertex 17.46472381958989 45.36370330515627 7.999999999999996
    vertex 18.49999999999997 45.50000000000001 1.9999999999999938
    vertex 17.46472381958989 45.36370330515627 1.9999999999999938
  endloop
endfacet
facet normal -0.13052619222005712 0.9914448613738098 0.0
  outer loop
    vertex 18.49999999999997 45.50000000000001 1.9999999999999938
    vertex 17.46472381958989 45.36370330515627 7.999999999999996
    vertex 18.49999999999997 45.50000000000001 7.999999999999996
  endloop
endfacet
facet normal -0.3826834323650969 0.9238795325112839 0.0
  outer loop
    vertex 16.499999999999975 44.96410161513775 7.999999999999996
    vertex 17.46472381958989 45.36370330515627 1.9999999999999938
    vertex 16.499999999999975 44.96410161513775 1.9999999999999938
  endloop
endfacet
facet normal -0.3826834323650969 0.9238795325112839 0.0
  outer loop
    vertex 17.46472381958989 45.36370330515627 1.9999999999999938
    vertex 16.499999999999975 44.96410161513775 7.999999999999996
    vertex 17.46472381958989 45.36370330515627 7.999999999999996
  endloop
endfacet
facet normal 0.7933533402912353 0.6087614290087205 -0.0
  outer loop
    vertex 75.32842712474618 44.32842712474622 1.9999999999999907
    vertex 75.96410161513775 43.500000000000036 8.000000000000014
    vertex 75.96410161513775 43.500000000000036 1.9999999999999907
  endloop
endfacet
facet normal 0.7933533402912353 0.6087614290087205 -0.0
  outer loop
    vertex 75.96410161513775 43.500000000000036 8.000000000000014
    vertex 75.32842712474618 44.32842712474622 1.9999999999999907
    vertex 75.32842712474618 44.32842712474622 8.000000000000014
  endloop
endfacet
facet normal 0.6087614290087213 0.7933533402912347 -0.0
  outer loop
    vertex 74.5 44.964101615137785 8.000000000000014
    vertex 75.32842712474618 44.32842712474622 1.9999999999999907
    vertex 74.5 44.964101615137785 1.9999999999999907
  endloop
endfacet
facet normal 0.6087614290087213 0.7933533402912347 -0.0
  outer loop
    vertex 75.32842712474618 44.32842712474622 1.9999999999999907
    vertex 74.5 44.964101615137785 8.000000000000014
    vertex 75.32842712474618 44.32842712474622 8.000000000000014
  endloop
endfacet
facet normal 0.3826834323650867 0.9238795325112881 -0.0
  outer loop
    vertex 73.53527618041008 45.3637033051563 8.000000000000014
    vertex 74.5 44.964101615137785 1.9999999999999907
    vertex 73.53527618041008 45.3637033051563 1.9999999999999907
  endloop
endfacet
facet normal 0.3826834323650867 0.9238795325112881 -0.0
  outer loop
    vertex 74.5 44.964101615137785 1.9999999999999907
    vertex 73.53527618041008 45.3637033051563 8.000000000000014
    vertex 74.5 44.964101615137785 8.000000000000014
  endloop
endfacet
facet normal 0.13052619222005216 0.9914448613738105 -0.0
  outer loop
    vertex 72.5 45.50000000000002 8.000000000000014
    vertex 73.53527618041008 45.3637033051563 1.9999999999999907
    vertex 72.5 45.50000000000002 1.9999999999999907
  endloop
endfacet
facet normal 0.13052619222005216 0.9914448613738105 -0.0
  outer loop
    vertex 73.53527618041008 45.3637033051563 1.9999999999999907
    vertex 72.5 45.50000000000002 8.000000000000014
    vertex 73.53527618041008 45.3637033051563 8.000000000000014
  endloop
endfacet
facet normal -0.13052619222005077 0.9914448613738105 -0.0
  outer loop
    vertex 71.4647238195899 45.3637033051563 8.000000000000014
    vertex 72.5 45.50000000000002 1.9999999999999907
    vertex 71.4647238195899 45.3637033051563 1.9999999999999907
  endloop
endfacet
facet normal -0.13052619222005077 0.9914448613738105 -0.0
  outer loop
    vertex 72.5 45.50000000000002 1.9999999999999907
    vertex 71.4647238195899 45.3637033051563 8.000000000000014
    vertex 72.5 45.50000000000002 8.000000000000014
  endloop
endfacet
facet normal -0.38268343236509056 0.9238795325112865 -0.0
  outer loop
    vertex 70.5 44.964101615137785 8.000000000000014
    vertex 71.4647238195899 45.3637033051563 1.9999999999999907
    vertex 70.5 44.964101615137785 1.9999999999999907
  endloop
endfacet
facet normal -0.38268343236509056 0.9238795325112865 -0.0
  outer loop
    vertex 71.4647238195899 45.3637033051563 1.9999999999999907
    vertex 70.5 44.964101615137785 8.000000000000014
    vertex 71.4647238195899 45.3637033051563 8.000000000000014
  endloop
endfacet
facet normal -0.6087614290087232 0.7933533402912333 -0.0
  outer loop
    vertex 69.67157287525383 44.32842712474622 8.000000000000014
    vertex 70.5 44.964101615137785 1.9999999999999907
    vertex 69.67157287525383 44.32842712474622 1.9999999999999907
  endloop
endfacet
facet normal -0.6087614290087232 0.7933533402912333 -0.0
  outer loop
    vertex 70.5 44.964101615137785 1.9999999999999907
    vertex 69.67157287525383 44.32842712474622 8.000000000000014
    vertex 70.5 44.964101615137785 8.000000000000014
  endloop
endfacet
facet normal -0.7933533402912321 0.6087614290087247 0.0
  outer loop
    vertex 69.67157287525383 44.32842712474622 8.000000000000014
    vertex 69.03589838486225 43.500000000000036 1.9999999999999907
    vertex 69.03589838486225 43.500000000000036 8.000000000000014
  endloop
endfacet
facet normal -0.7933533402912321 0.6087614290087247 0.0
  outer loop
    vertex 69.03589838486225 43.500000000000036 1.9999999999999907
    vertex 69.67157287525383 44.32842712474622 8.000000000000014
    vertex 69.67157287525383 44.32842712474622 1.9999999999999907
  endloop
endfacet
facet normal -0.9238795325112892 0.382683432365084 0.0
  outer loop
    vertex 69.03589838486225 43.500000000000036 8.000000000000014
    vertex 68.63629669484375 42.53527618041012 1.9999999999999907
    vertex 68.63629669484375 42.53527618041012 8.000000000000014
  endloop
endfacet
facet normal -0.9238795325112892 0.382683432365084 0.0
  outer loop
    vertex 68.63629669484375 42.53527618041012 1.9999999999999907
    vertex 69.03589838486225 43.500000000000036 8.000000000000014
    vertex 69.03589838486225 43.500000000000036 1.9999999999999907
  endloop
endfacet
facet normal -0.9914448613738092 0.1305261922200621 0.0
  outer loop
    vertex 68.63629669484375 42.53527618041012 8.000000000000014
    vertex 68.50000000000001 41.500000000000036 1.9999999999999907
    vertex 68.50000000000001 41.500000000000036 8.000000000000014
  endloop
endfacet
facet normal -0.9914448613738092 0.1305261922200621 0.0
  outer loop
    vertex 68.50000000000001 41.500000000000036 1.9999999999999907
    vertex 68.63629669484375 42.53527618041012 8.000000000000014
    vertex 68.63629669484375 42.53527618041012 1.9999999999999907
  endloop
endfacet
facet normal -0.9914448613738103 -0.13052619222005285 0.0
  outer loop
    vertex 68.50000000000001 41.500000000000036 8.000000000000014
    vertex 68.63629669484374 40.46472381958996 1.9999999999999907
    vertex 68.63629669484374 40.46472381958996 8.000000000000014
  endloop
endfacet
facet normal -0.9914448613738103 -0.13052619222005285 0.0
  outer loop
    vertex 68.63629669484374 40.46472381958996 1.9999999999999907
    vertex 68.50000000000001 41.500000000000036 8.000000000000014
    vertex 68.50000000000001 41.500000000000036 1.9999999999999907
  endloop
endfacet
facet normal -0.9238795325112862 -0.3826834323650913 0.0
  outer loop
    vertex 68.63629669484374 40.46472381958996 8.000000000000014
    vertex 69.03589838486225 39.50000000000004 1.9999999999999907
    vertex 69.03589838486225 39.50000000000004 8.000000000000014
  endloop
endfacet
facet normal -0.9238795325112862 -0.3826834323650913 0.0
  outer loop
    vertex 69.03589838486225 39.50000000000004 1.9999999999999907
    vertex 68.63629669484374 40.46472381958996 8.000000000000014
    vertex 68.63629669484374 40.46472381958996 1.9999999999999907
  endloop
endfacet
facet normal -0.7933533402912353 -0.6087614290087205 0.0
  outer loop
    vertex 69.03589838486225 39.50000000000004 8.000000000000014
    vertex 69.67157287525382 38.671572875253865 1.9999999999999907
    vertex 69.67157287525382 38.671572875253865 8.000000000000014
  endloop
endfacet
facet normal -0.7933533402912353 -0.6087614290087205 0.0
  outer loop
    vertex 69.67157287525382 38.671572875253865 1.9999999999999907
    vertex 69.03589838486225 39.50000000000004 8.000000000000014
    vertex 69.03589838486225 39.50000000000004 1.9999999999999907
  endloop
endfacet
facet normal -0.6087614290087247 -0.7933533402912321 0.0
  outer loop
    vertex 70.5 38.03589838486229 8.000000000000014
    vertex 69.67157287525382 38.671572875253865 1.9999999999999907
    vertex 70.5 38.03589838486229 1.9999999999999907
  endloop
endfacet
facet normal -0.6087614290087247 -0.7933533402912321 0.0
  outer loop
    vertex 69.67157287525382 38.671572875253865 1.9999999999999907
    vertex 70.5 38.03589838486229 8.000000000000014
    vertex 69.67157287525382 38.671572875253865 8.000000000000014
  endloop
endfacet
facet normal -0.3826834323650867 -0.9238795325112881 0.0
  outer loop
    vertex 71.46472381958992 37.63629669484378 8.000000000000014
    vertex 70.5 38.03589838486229 1.9999999999999907
    vertex 71.46472381958992 37.63629669484378 1.9999999999999907
  endloop
endfacet
facet normal -0.3826834323650867 -0.9238795325112881 0.0
  outer loop
    vertex 70.5 38.03589838486229 1.9999999999999907
    vertex 71.46472381958992 37.63629669484378 8.000000000000014
    vertex 70.5 38.03589838486229 8.000000000000014
  endloop
endfacet
facet normal -0.13052619222005887 -0.9914448613738096 0.0
  outer loop
    vertex 72.49999999999999 37.50000000000004 8.000000000000014
    vertex 71.46472381958992 37.63629669484378 1.9999999999999907
    vertex 72.49999999999999 37.50000000000004 1.9999999999999907
  endloop
endfacet
facet normal -0.13052619222005887 -0.9914448613738096 0.0
  outer loop
    vertex 71.46472381958992 37.63629669484378 1.9999999999999907
    vertex 72.49999999999999 37.50000000000004 8.000000000000014
    vertex 71.46472381958992 37.63629669484378 8.000000000000014
  endloop
endfacet
facet normal 0.13052619222005077 -0.9914448613738105 0.0
  outer loop
    vertex 73.53527618041008 37.63629669484377 8.000000000000014
    vertex 72.49999999999999 37.50000000000004 1.9999999999999907
    vertex 73.53527618041008 37.63629669484377 1.9999999999999907
  endloop
endfacet
facet normal 0.13052619222005077 -0.9914448613738105 0.0
  outer loop
    vertex 72.49999999999999 37.50000000000004 1.9999999999999907
    vertex 73.53527618041008 37.63629669484377 8.000000000000014
    vertex 72.49999999999999 37.50000000000004 8.000000000000014
  endloop
endfacet
facet normal 0.3826834323650913 -0.9238795325112862 0.0
  outer loop
    vertex 74.5 38.03589838486229 8.000000000000014
    vertex 73.53527618041008 37.63629669484377 1.9999999999999907
    vertex 74.5 38.03589838486229 1.9999999999999907
  endloop
endfacet
facet normal 0.3826834323650913 -0.9238795325112862 0.0
  outer loop
    vertex 73.53527618041008 37.63629669484377 1.9999999999999907
    vertex 74.5 38.03589838486229 8.000000000000014
    vertex 73.53527618041008 37.63629669484377 8.000000000000014
  endloop
endfacet
facet normal 0.6087614290087232 -0.7933533402912333 0.0
  outer loop
    vertex 75.32842712474617 38.67157287525385 8.000000000000014
    vertex 74.5 38.03589838486229 1.9999999999999907
    vertex 75.32842712474617 38.67157287525385 1.9999999999999907
  endloop
endfacet
facet normal 0.6087614290087232 -0.7933533402912333 0.0
  outer loop
    vertex 74.5 38.03589838486229 1.9999999999999907
    vertex 75.32842712474617 38.67157287525385 8.000000000000014
    vertex 74.5 38.03589838486229 8.000000000000014
  endloop
endfacet
facet normal 0.7933533402912321 -0.6087614290087247 -0.0
  outer loop
    vertex 75.96410161513775 39.50000000000004 1.9999999999999907
    vertex 75.32842712474617 38.67157287525385 8.000000000000014
    vertex 75.32842712474617 38.67157287525385 1.9999999999999907
  endloop
endfacet
facet normal 0.7933533402912321 -0.6087614290087247 -0.0
  outer loop
    vertex 75.32842712474617 38.67157287525385 8.000000000000014
    vertex 75.96410161513775 39.50000000000004 1.9999999999999907
    vertex 75.96410161513775 39.50000000000004 8.000000000000014
  endloop
endfacet
facet normal 0.9238795325112854 -0.3826834323650932 -0.0
  outer loop
    vertex 76.36370330515626 40.46472381958995 1.9999999999999907
    vertex 75.96410161513775 39.50000000000004 8.000000000000014
    vertex 75.96410161513775 39.50000000000004 1.9999999999999907
  endloop
endfacet
facet normal 0.9238795325112854 -0.3826834323650932 -0.0
  outer loop
    vertex 75.96410161513775 39.50000000000004 8.000000000000014
    vertex 76.36370330515626 40.46472381958995 1.9999999999999907
    vertex 76.36370330515626 40.46472381958995 8.000000000000014
  endloop
endfacet
facet normal 0.9914448613738105 -0.13052619222005146 -0.0
  outer loop
    vertex 76.5 41.500000000000036 1.9999999999999907
    vertex 76.36370330515626 40.46472381958995 8.000000000000014
    vertex 76.36370330515626 40.46472381958995 1.9999999999999907
  endloop
endfacet
facet normal 0.9914448613738105 -0.13052619222005146 -0.0
  outer loop
    vertex 76.36370330515626 40.46472381958995 8.000000000000014
    vertex 76.5 41.500000000000036 1.9999999999999907
    vertex 76.5 41.500000000000036 8.000000000000014
  endloop
endfacet
facet normal 0.9914448613738089 0.1305261922200628 -0.0
  outer loop
    vertex 76.36370330515626 42.535276180410115 1.9999999999999907
    vertex 76.5 41.500000000000036 8.000000000000014
    vertex 76.5 41.500000000000036 1.9999999999999907
  endloop
endfacet
facet normal 0.9914448613738089 0.1305261922200628 -0.0
  outer loop
    vertex 76.5 41.500000000000036 8.000000000000014
    vertex 76.36370330515626 42.535276180410115 1.9999999999999907
    vertex 76.36370330515626 42.535276180410115 8.000000000000014
  endloop
endfacet
facet normal 0.92387953251129 0.3826834323650822 -0.0
  outer loop
    vertex 75.96410161513775 43.500000000000036 1.9999999999999907
    vertex 76.36370330515626 42.535276180410115 8.000000000000014
    vertex 76.36370330515626 42.535276180410115 1.9999999999999907
  endloop
endfacet
facet normal 0.92387953251129 0.3826834323650822 -0.0
  outer loop
    vertex 76.36370330515626 42.535276180410115 8.000000000000014
    vertex 75.96410161513775 43.500000000000036 1.9999999999999907
    vertex 75.96410161513775 43.500000000000036 8.000000000000014
  endloop
endfacet
facet normal 0.13052619222004683 0.9914448613738112 -0.0
  outer loop
    vertex 99.49999999999999 45.50000000000005 8.000000000000007
    vertex 100.53527618041007 45.36370330515633 2.0000000000000133
    vertex 99.49999999999999 45.50000000000005 2.0000000000000133
  endloop
endfacet
facet normal 0.13052619222004683 0.9914448613738112 -0.0
  outer loop
    vertex 100.53527618041007 45.36370330515633 2.0000000000000133
    vertex 99.49999999999999 45.50000000000005 8.000000000000007
    vertex 100.53527618041007 45.36370330515633 8.000000000000007
  endloop
endfacet
facet normal -0.13052619222005746 0.9914448613738098 -0.0
  outer loop
    vertex 98.4647238195899 45.363703305156314 8.000000000000007
    vertex 99.49999999999999 45.50000000000005 2.0000000000000133
    vertex 98.4647238195899 45.363703305156314 2.0000000000000133
  endloop
endfacet
facet normal -0.13052619222005746 0.9914448613738098 -0.0
  outer loop
    vertex 99.49999999999999 45.50000000000005 2.0000000000000133
    vertex 98.4647238195899 45.363703305156314 8.000000000000007
    vertex 99.49999999999999 45.50000000000005 8.000000000000007
  endloop
endfacet
facet normal -0.3826834323650959 0.9238795325112843 -0.0
  outer loop
    vertex 97.49999999999999 44.964101615137785 8.000000000000007
    vertex 98.4647238195899 45.363703305156314 2.0000000000000133
    vertex 97.49999999999999 44.964101615137785 2.0000000000000133
  endloop
endfacet
facet normal -0.3826834323650959 0.9238795325112843 -0.0
  outer loop
    vertex 98.4647238195899 45.363703305156314 2.0000000000000133
    vertex 97.49999999999999 44.964101615137785 8.000000000000007
    vertex 98.4647238195899 45.363703305156314 8.000000000000007
  endloop
endfacet
facet normal -0.6087614290087265 0.7933533402912306 -0.0
  outer loop
    vertex 96.67157287525382 44.32842712474622 8.000000000000007
    vertex 97.49999999999999 44.964101615137785 2.0000000000000133
    vertex 96.67157287525382 44.32842712474622 2.0000000000000133
  endloop
endfacet
facet normal -0.6087614290087265 0.7933533402912306 -0.0
  outer loop
    vertex 97.49999999999999 44.964101615137785 2.0000000000000133
    vertex 96.67157287525382 44.32842712474622 8.000000000000007
    vertex 97.49999999999999 44.964101615137785 8.000000000000007
  endloop
endfacet
facet normal -0.7933533402912374 0.608761429008718 0.0
  outer loop
    vertex 96.67157287525382 44.32842712474622 8.000000000000007
    vertex 96.03589838486225 43.500000000000036 2.0000000000000133
    vertex 96.03589838486225 43.500000000000036 8.000000000000007
  endloop
endfacet
facet normal -0.7933533402912374 0.608761429008718 0.0
  outer loop
    vertex 96.03589838486225 43.500000000000036 2.0000000000000133
    vertex 96.67157287525382 44.32842712474622 8.000000000000007
    vertex 96.67157287525382 44.32842712474622 2.0000000000000133
  endloop
endfacet
facet normal -0.92387953251129 0.3826834323650822 0.0
  outer loop
    vertex 96.03589838486225 43.500000000000036 8.000000000000007
    vertex 95.63629669484375 42.535276180410115 2.0000000000000133
    vertex 95.63629669484375 42.535276180410115 8.000000000000007
  endloop
endfacet
facet normal -0.92387953251129 0.3826834323650822 0.0
  outer loop
    vertex 95.63629669484375 42.535276180410115 2.0000000000000133
    vertex 96.03589838486225 43.500000000000036 8.000000000000007
    vertex 96.03589838486225 43.500000000000036 2.0000000000000133
  endloop
endfacet
facet normal -0.9914448613738118 0.13052619222004083 0.0
  outer loop
    vertex 95.63629669484375 42.535276180410115 8.000000000000007
    vertex 95.50000000000003 41.50000000000003 2.0000000000000133
    vertex 95.50000000000003 41.50000000000003 8.000000000000007
  endloop
endfacet
facet normal -0.9914448613738118 0.13052619222004083 0.0
  outer loop
    vertex 95.50000000000003 41.50000000000003 2.0000000000000133
    vertex 95.63629669484375 42.535276180410115 8.000000000000007
    vertex 95.63629669484375 42.535276180410115 2.0000000000000133
  endloop
endfacet
facet normal -0.9914448613738105 -0.13052619222005216 0.0
  outer loop
    vertex 95.50000000000003 41.50000000000003 8.000000000000007
    vertex 95.63629669484375 40.46472381958995 2.0000000000000133
    vertex 95.63629669484375 40.46472381958995 8.000000000000007
  endloop
endfacet
facet normal -0.9914448613738105 -0.13052619222005216 0.0
  outer loop
    vertex 95.63629669484375 40.46472381958995 2.0000000000000133
    vertex 95.50000000000003 41.50000000000003 8.000000000000007
    vertex 95.50000000000003 41.50000000000003 2.0000000000000133
  endloop
endfacet
facet normal -0.9238795325112816 -0.38268343236510255 0.0
  outer loop
    vertex 95.63629669484375 40.46472381958995 8.000000000000007
    vertex 96.03589838486229 39.50000000000004 2.0000000000000133
    vertex 96.03589838486229 39.50000000000004 8.000000000000007
  endloop
endfacet
facet normal -0.9238795325112816 -0.38268343236510255 0.0
  outer loop
    vertex 96.03589838486229 39.50000000000004 2.0000000000000133
    vertex 95.63629669484375 40.46472381958995 8.000000000000007
    vertex 95.63629669484375 40.46472381958995 2.0000000000000133
  endloop
endfacet
facet normal -0.7933533402912335 -0.6087614290087231 0.0
  outer loop
    vertex 96.03589838486229 39.50000000000004 8.000000000000007
    vertex 96.67157287525384 38.671572875253865 2.0000000000000133
    vertex 96.67157287525384 38.671572875253865 8.000000000000007
  endloop
endfacet
facet normal -0.7933533402912335 -0.6087614290087231 0.0
  outer loop
    vertex 96.67157287525384 38.671572875253865 2.0000000000000133
    vertex 96.03589838486229 39.50000000000004 8.000000000000007
    vertex 96.03589838486229 39.50000000000004 2.0000000000000133
  endloop
endfacet
facet normal -0.6087614290087144 -0.7933533402912398 0.0
  outer loop
    vertex 97.50000000000004 38.03589838486231 8.000000000000007
    vertex 96.67157287525384 38.671572875253865 2.0000000000000133
    vertex 97.50000000000004 38.03589838486231 2.0000000000000133
  endloop
endfacet
facet normal -0.6087614290087144 -0.7933533402912398 0.0
  outer loop
    vertex 96.67157287525384 38.671572875253865 2.0000000000000133
    vertex 97.50000000000004 38.03589838486231 8.000000000000007
    vertex 96.67157287525384 38.671572875253865 8.000000000000007
  endloop
endfacet
facet normal -0.3826834323650867 -0.9238795325112881 0.0
  outer loop
    vertex 98.46472381958995 37.63629669484379 8.000000000000007
    vertex 97.50000000000004 38.03589838486231 2.0000000000000133
    vertex 98.46472381958995 37.63629669484379 2.0000000000000133
  endloop
endfacet
facet normal -0.3826834323650867 -0.9238795325112881 0.0
  outer loop
    vertex 97.50000000000004 38.03589838486231 2.0000000000000133
    vertex 98.46472381958995 37.63629669484379 8.000000000000007
    vertex 97.50000000000004 38.03589838486231 8.000000000000007
  endloop
endfacet
facet normal -0.13052619222004683 -0.9914448613738112 0.0
  outer loop
    vertex 99.50000000000003 37.50000000000007 8.000000000000007
    vertex 98.46472381958995 37.63629669484379 2.0000000000000133
    vertex 99.50000000000003 37.50000000000007 2.0000000000000133
  endloop
endfacet
facet normal -0.13052619222004683 -0.9914448613738112 0.0
  outer loop
    vertex 98.46472381958995 37.63629669484379 2.0000000000000133
    vertex 99.50000000000003 37.50000000000007 8.000000000000007
    vertex 98.46472381958995 37.63629669484379 8.000000000000007
  endloop
endfacet
facet normal 0.13052619222005746 -0.9914448613738098 0.0
  outer loop
    vertex 100.53527618041011 37.63629669484381 8.000000000000007
    vertex 99.50000000000003 37.50000000000007 2.0000000000000133
    vertex 100.53527618041011 37.63629669484381 2.0000000000000133
  endloop
endfacet
facet normal 0.13052619222005746 -0.9914448613738098 0.0
  outer loop
    vertex 99.50000000000003 37.50000000000007 2.0000000000000133
    vertex 100.53527618041011 37.63629669484381 8.000000000000007
    vertex 99.50000000000003 37.50000000000007 8.000000000000007
  endloop
endfacet
facet normal 0.3826834323650913 -0.9238795325112862 0.0
  outer loop
    vertex 101.50000000000003 38.03589838486233 8.000000000000007
    vertex 100.53527618041011 37.63629669484381 2.0000000000000133
    vertex 101.50000000000003 38.03589838486233 2.0000000000000133
  endloop
endfacet
facet normal 0.3826834323650913 -0.9238795325112862 0.0
  outer loop
    vertex 100.53527618041011 37.63629669484381 2.0000000000000133
    vertex 101.50000000000003 38.03589838486233 8.000000000000007
    vertex 100.53527618041011 37.63629669484381 8.000000000000007
  endloop
endfacet
facet normal 0.6087614290087247 -0.7933533402912321 0.0
  outer loop
    vertex 102.32842712474621 38.671572875253894 8.000000000000007
    vertex 101.50000000000003 38.03589838486233 2.0000000000000133
    vertex 102.32842712474621 38.671572875253894 2.0000000000000133
  endloop
endfacet
facet normal 0.6087614290087247 -0.7933533402912321 0.0
  outer loop
    vertex 101.50000000000003 38.03589838486233 2.0000000000000133
    vertex 102.32842712474621 38.671572875253894 8.000000000000007
    vertex 101.50000000000003 38.03589838486233 8.000000000000007
  endloop
endfacet
facet normal 0.7933533402912374 -0.608761429008718 -0.0
  outer loop
    vertex 102.96410161513778 39.500000000000085 2.0000000000000133
    vertex 102.32842712474621 38.671572875253894 8.000000000000007
    vertex 102.32842712474621 38.671572875253894 2.0000000000000133
  endloop
endfacet
facet normal 0.7933533402912374 -0.608761429008718 -0.0
  outer loop
    vertex 102.32842712474621 38.671572875253894 8.000000000000007
    vertex 102.96410161513778 39.500000000000085 2.0000000000000133
    vertex 102.96410161513778 39.500000000000085 8.000000000000007
  endloop
endfacet
facet normal 0.9238795325112977 -0.38268343236506375 -0.0
  outer loop
    vertex 103.36370330515626 40.46472381959 2.0000000000000133
    vertex 102.96410161513778 39.500000000000085 8.000000000000007
    vertex 102.96410161513778 39.500000000000085 2.0000000000000133
  endloop
endfacet
facet normal 0.9238795325112977 -0.38268343236506375 -0.0
  outer loop
    vertex 102.96410161513778 39.500000000000085 8.000000000000007
    vertex 103.36370330515626 40.46472381959 2.0000000000000133
    vertex 103.36370330515626 40.46472381959 8.000000000000007
  endloop
endfacet
facet normal 0.9914448613738105 -0.13052619222005216 -0.0
  outer loop
    vertex 103.49999999999999 41.500000000000085 2.0000000000000133
    vertex 103.36370330515626 40.46472381959 8.000000000000007
    vertex 103.36370330515626 40.46472381959 2.0000000000000133
  endloop
endfacet
facet normal 0.9914448613738105 -0.13052619222005216 -0.0
  outer loop
    vertex 103.36370330515626 40.46472381959 8.000000000000007
    vertex 103.49999999999999 41.500000000000085 2.0000000000000133
    vertex 103.49999999999999 41.500000000000085 8.000000000000007
  endloop
endfacet
facet normal 0.7933533402912247 0.6087614290087342 -0.0
  outer loop
    vertex 102.32842712474617 44.328427124746256 2.0000000000000133
    vertex 102.96410161513775 43.50000000000007 8.000000000000007
    vertex 102.96410161513775 43.50000000000007 2.0000000000000133
  endloop
endfacet
facet normal 0.7933533402912247 0.6087614290087342 -0.0
  outer loop
    vertex 102.96410161513775 43.50000000000007 8.000000000000007
    vertex 102.32842712474617 44.328427124746256 2.0000000000000133
    vertex 102.32842712474617 44.328427124746256 8.000000000000007
  endloop
endfacet
facet normal 0.6087614290087144 0.7933533402912398 -0.0
  outer loop
    vertex 101.49999999999999 44.964101615137814 8.000000000000007
    vertex 102.32842712474617 44.328427124746256 2.0000000000000133
    vertex 101.49999999999999 44.964101615137814 2.0000000000000133
  endloop
endfacet
facet normal 0.6087614290087144 0.7933533402912398 -0.0
  outer loop
    vertex 102.32842712474617 44.328427124746256 2.0000000000000133
    vertex 101.49999999999999 44.964101615137814 8.000000000000007
    vertex 102.32842712474617 44.328427124746256 8.000000000000007
  endloop
endfacet
facet normal 0.3826834323650867 0.9238795325112881 -0.0
  outer loop
    vertex 100.53527618041007 45.36370330515633 8.000000000000007
    vertex 101.49999999999999 44.964101615137814 2.0000000000000133
    vertex 100.53527618041007 45.36370330515633 2.0000000000000133
  endloop
endfacet
facet normal 0.3826834323650867 0.9238795325112881 -0.0
  outer loop
    vertex 101.49999999999999 44.964101615137814 2.0000000000000133
    vertex 100.53527618041007 45.36370330515633 8.000000000000007
    vertex 101.49999999999999 44.964101615137814 8.000000000000007
  endloop
endfacet
facet normal 0.0 0.0 1.0
  outer loop
    vertex 13.95 33.61916882556161 2.0000000000000036
    vertex 14.636296694843717 40.464723819589906 1.9999999999999938
    vertex 14.499999999999991 41.49999999999999 1.9999999999999938
  endloop
endfacet
facet normal 0.0 0.0 1.0
  outer loop
    vertex 14.636296694843717 40.464723819589906 1.9999999999999938
    vertex 13.95 33.61916882556161 2.0000000000000036
    vertex 16.144746689567057 32.710074980769484 2.0000000000000036
  endloop
endfacet
facet normal 0.0 0.0 1.0
  outer loop
    vertex 14.636296694843717 40.464723819589906 1.9999999999999938
    vertex 16.144746689567057 32.710074980769484 2.0000000000000036
    vertex 15.035898384862241 39.49999999999999 1.9999999999999938
  endloop
endfacet
facet normal 0.0 0.0 1.0
  outer loop
    vertex 15.035898384862241 39.49999999999999 1.9999999999999938
    vertex 16.144746689567057 32.710074980769484 2.0000000000000036
    vertex 15.671572875253812 38.6715728752538 1.9999999999999938
  endloop
endfacet
facet normal 0.0 0.0 1.0
  outer loop
    vertex 15.671572875253812 38.6715728752538 1.9999999999999938
    vertex 16.144746689567057 32.710074980769484 2.0000000000000036
    vertex 16.500000000000004 38.03589838486224 1.9999999999999938
  endloop
endfacet
facet normal 0.0 0.0 1.0
  outer loop
    vertex 16.500000000000004 38.03589838486224 1.9999999999999938
    vertex 16.144746689567057 32.710074980769484 2.0000000000000036
    vertex 18.499999999999993 32.400000000000006 2.0000000000000036
  endloop
endfacet
facet normal 0.0 0.0 1.0
  outer loop
    vertex 16.500000000000004 38.03589838486224 1.9999999999999938
    vertex 18.499999999999993 32.400000000000006 2.0000000000000036
    vertex 17.464723819589924 37.63629669484373 1.9999999999999938
  endloop
endfacet
facet normal 0.0 0.0 1.0
  outer loop
    vertex 17.464723819589924 37.63629669484373 1.9999999999999938
    vertex 18.499999999999993 32.400000000000006 2.0000000000000036
    vertex 18.500000000000007 37.50000000000001 1.9999999999999938
  endloop
endfacet
facet normal 0.0 0.0 1.0
  outer loop
    vertex 18.500000000000007 37.50000000000001 1.9999999999999938
    vertex 18.499999999999993 32.400000000000006 2.0000000000000036
    vertex 20.85525331043293 32.710074980769484 2.0000000000000036
  endloop
endfacet
facet normal 0.0 0.0 1.0
  outer loop
    vertex 18.500000000000007 37.50000000000001 1.9999999999999938
    vertex 20.85525331043293 32.710074980769484 2.0000000000000036
    vertex 19.53527618041009 37.636296694843736 1.9999999999999938
  endloop
endfacet
facet normal 0.0 0.0 1.0
  outer loop
    vertex 19.53527618041009 37.636296694843736 1.9999999999999938
    vertex 20.85525331043293 32.710074980769484 2.0000000000000036
    vertex 20.500000000000007 38.03589838486226 1.9999999999999938
  endloop
endfacet
facet normal 0.0 0.0 1.0
  outer loop
    vertex 20.500000000000007 38.03589838486226 1.9999999999999938
    vertex 20.85525331043293 32.710074980769484 2.0000000000000036
    vertex 21.328427124746195 38.67157287525382 1.9999999999999938
  endloop
endfacet
facet normal 0.0 0.0 1.0
  outer loop
    vertex 21.328427124746195 38.67157287525382 1.9999999999999938
    vertex 20.85525331043293 32.710074980769484 2.0000000000000036
    vertex 23.049999999999986 33.61916882556161 2.0000000000000036
  endloop
endfacet
facet normal 0.0 0.0 1.0
  outer loop
    vertex 21.328427124746195 38.67157287525382 1.9999999999999938
    vertex 23.049999999999986 33.61916882556161 2.0000000000000036
    vertex 21.964101615137757 39.50000000000002 1.9999999999999938
  endloop
endfacet
facet normal 0.0 0.0 1.0
  outer loop
    vertex 21.964101615137757 39.50000000000002 1.9999999999999938
    vertex 23.049999999999986 33.61916882556161 2.0000000000000036
    vertex 22.36370330515627 40.46472381958994 1.9999999999999938
  endloop
endfacet
facet normal 0.0 0.0 1.0
  outer loop
    vertex 22.36370330515627 40.46472381958994 1.9999999999999938
    vertex 23.049999999999986 33.61916882556161 2.0000000000000036
    vertex 22.499999999999993 41.50000000000002 1.9999999999999938
  endloop
endfacet
facet normal 0.0 0.0 1.0
  outer loop
    vertex 9.710074980769473 39.144746689567064 2.0000000000000036
    vertex 9.710074980769473 43.855253310432936 2.0000000000000036
    vertex 9.399999999999993 41.50000000000001 2.0000000000000036
  endloop
endfacet
facet normal 0.0 0.0 1.0
  outer loop
    vertex 9.710074980769473 43.855253310432936 2.0000000000000036
    vertex 9.710074980769473 39.144746689567064 2.0000000000000036
    vertex 10.619168825561609 36.949999999999996 2.0000000000000036
  endloop
endfacet
facet normal 0.0 0.0 1.0
  outer loop
    vertex 9.710074980769473 43.855253310432936 2.0000000000000036
    vertex 10.619168825561609 36.949999999999996 2.0000000000000036
    vertex 10.619168825561603 46.05 2.0000000000000036
  endloop
endfacet
facet normal 0.0 0.0 1.0
  outer loop
    vertex 10.619168825561603 46.05 2.0000000000000036
    vertex 10.619168825561609 36.949999999999996 2.0000000000000036
    vertex 12.065328291202412 47.93467170879758 2.0000000000000036
  endloop
endfacet
facet normal 0.0 0.0 1.0
  outer loop
    vertex 12.065328291202412 47.93467170879758 2.0000000000000036
    vertex 10.619168825561609 36.949999999999996 2.0000000000000036
    vertex 12.06532829120242 35.06532829120242 2.0000000000000036
  endloop
endfacet
facet normal 0.0 0.0 1.0
  outer loop
    vertex 12.065328291202412 47.93467170879758 2.0000000000000036
    vertex 12.06532829120242 35.06532829120242 2.0000000000000036
    vertex 13.949999999999994 49.3808311744384 2.0000000000000036
  endloop
endfacet
facet normal 0.0 0.0 1.0
  outer loop
    vertex 13.949999999999994 49.3808311744384 2.0000000000000036
    vertex 12.06532829120242 35.06532829120242 2.0000000000000036
    vertex 13.95 33.61916882556161 2.0000000000000036
  endloop
endfacet
facet normal 0.0 0.0 1.0
  outer loop
    vertex 13.949999999999994 49.3808311744384 2.0000000000000036
    vertex 13.95 33.61916882556161 2.0000000000000036
    vertex 14.499999999999991 41.49999999999999 1.9999999999999938
  endloop
endfacet
facet normal 0.0 0.0 1.0
  outer loop
    vertex 13.949999999999994 49.3808311744384 2.0000000000000036
    vertex 14.499999999999991 41.49999999999999 1.9999999999999938
    vertex 14.636296694843711 42.53527618041007 1.9999999999999938
  endloop
endfacet
facet normal 0.0 0.0 1.0
  outer loop
    vertex 13.949999999999994 49.3808311744384 2.0000000000000036
    vertex 14.636296694843711 42.53527618041007 1.9999999999999938
    vertex 16.144746689567054 50.28992501923052 2.0000000000000036
  endloop
endfacet
facet normal 0.0 0.0 1.0
  outer loop
    vertex 16.144746689567054 50.28992501923052 2.0000000000000036
    vertex 14.636296694843711 42.53527618041007 1.9999999999999938
    vertex 15.035898384862227 43.499999999999986 1.9999999999999938
  endloop
endfacet
facet normal 0.0 0.0 1.0
  outer loop
    vertex 16.144746689567054 50.28992501923052 2.0000000000000036
    vertex 15.035898384862227 43.499999999999986 1.9999999999999938
    vertex 15.671572875253789 44.328427124746185 1.9999999999999938
  endloop
endfacet
facet normal 0.0 0.0 1.0
  outer loop
    vertex 16.144746689567054 50.28992501923052 2.0000000000000036
    vertex 15.671572875253789 44.328427124746185 1.9999999999999938
    vertex 16.499999999999975 44.96410161513775 1.9999999999999938
  endloop
endfacet
facet normal 0.0 0.0 1.0
  outer loop
    vertex 16.144746689567054 50.28992501923052 2.0000000000000036
    vertex 16.499999999999975 44.96410161513775 1.9999999999999938
    vertex 18.49999999999999 50.599999999999994 2.0000000000000036
  endloop
endfacet
facet normal 0.0 0.0 1.0
  outer loop
    vertex 18.49999999999999 50.599999999999994 2.0000000000000036
    vertex 16.499999999999975 44.96410161513775 1.9999999999999938
    vertex 17.46472381958989 45.36370330515627 1.9999999999999938
  endloop
endfacet
facet normal 0.0 0.0 1.0
  outer loop
    vertex 18.49999999999999 50.599999999999994 2.0000000000000036
    vertex 17.46472381958989 45.36370330515627 1.9999999999999938
    vertex 18.49999999999997 45.50000000000001 1.9999999999999938
  endloop
endfacet
facet normal 0.0 0.0 1.0
  outer loop
    vertex 18.49999999999999 50.599999999999994 2.0000000000000036
    vertex 18.49999999999997 45.50000000000001 1.9999999999999938
    vertex 19.535276180410055 45.363703305156285 1.9999999999999938
  endloop
endfacet
facet normal 0.0 0.0 1.0
  outer loop
    vertex 18.49999999999999 50.599999999999994 2.0000000000000036
    vertex 19.535276180410055 45.363703305156285 1.9999999999999938
    vertex 20.85525331043293 50.28992501923052 2.0000000000000036
  endloop
endfacet
facet normal 0.0 0.0 1.0
  outer loop
    vertex 20.85525331043293 50.28992501923052 2.0000000000000036
    vertex 19.535276180410055 45.363703305156285 1.9999999999999938
    vertex 20.499999999999975 44.96410161513777 1.9999999999999938
  endloop
endfacet
facet normal 0.0 0.0 1.0
  outer loop
    vertex 20.85525331043293 50.28992501923052 2.0000000000000036
    vertex 20.499999999999975 44.96410161513777 1.9999999999999938
    vertex 21.32842712474617 44.328427124746206 1.9999999999999938
  endloop
endfacet
facet normal 0.0 0.0 1.0
  outer loop
    vertex 20.85525331043293 50.28992501923052 2.0000000000000036
    vertex 21.32842712474617 44.328427124746206 1.9999999999999938
    vertex 23.04999999999999 49.38083117443839 2.0000000000000036
  endloop
endfacet
facet normal 0.0 0.0 1.0
  outer loop
    vertex 23.04999999999999 49.38083117443839 2.0000000000000036
    vertex 21.32842712474617 44.328427124746206 1.9999999999999938
    vertex 21.96410161513774 43.500000000000014 1.9999999999999938
  endloop
endfacet
facet normal 0.0 0.0 1.0
  outer loop
    vertex 23.04999999999999 49.38083117443839 2.0000000000000036
    vertex 21.96410161513774 43.500000000000014 1.9999999999999938
    vertex 22.363703305156264 42.53527618041011 1.9999999999999938
  endloop
endfacet
facet normal 0.0 0.0 1.0
  outer loop
    vertex 23.04999999999999 49.38083117443839 2.0000000000000036
    vertex 22.363703305156264 42.53527618041011 1.9999999999999938
    vertex 22.499999999999993 41.50000000000002 1.9999999999999938
  endloop
endfacet
facet normal 0.0 0.0 1.0
  outer loop
    vertex 23.04999999999999 49.38083117443839 2.0000000000000036
    vertex 22.499999999999993 41.50000000000002 1.9999999999999938
    vertex 23.049999999999986 33.61916882556161 2.0000000000000036
  endloop
endfacet
facet normal 0.0 0.0 1.0
  outer loop
    vertex 23.04999999999999 49.38083117443839 2.0000000000000036
    vertex 23.049999999999986 33.61916882556161 2.0000000000000036
    vertex 24.934671708797563 35.06532829120242 2.0000000000000036
  endloop
endfacet
facet normal 0.0 0.0 1.0
  outer loop
    vertex 23.04999999999999 49.38083117443839 2.0000000000000036
    vertex 24.934671708797563 35.06532829120242 2.0000000000000036
    vertex 24.934671708797573 47.93467170879758 2.0000000000000036
  endloop
endfacet
facet normal 0.0 0.0 1.0
  outer loop
    vertex 24.934671708797573 47.93467170879758 2.0000000000000036
    vertex 24.934671708797563 35.06532829120242 2.0000000000000036
    vertex 26.380831174438377 36.95 2.0000000000000036
  endloop
endfacet
facet normal 0.0 0.0 1.0
  outer loop
    vertex 24.934671708797573 47.93467170879758 2.0000000000000036
    vertex 26.380831174438377 36.95 2.0000000000000036
    vertex 26.38083117443838 46.05 2.0000000000000036
  endloop
endfacet
facet normal 0.0 0.0 1.0
  outer loop
    vertex 26.38083117443838 46.05 2.0000000000000036
    vertex 26.380831174438377 36.95 2.0000000000000036
    vertex 27.28992501923051 39.144746689567064 2.0000000000000036
  endloop
endfacet
facet normal 0.0 0.0 1.0
  outer loop
    vertex 26.38083117443838 46.05 2.0000000000000036
    vertex 27.28992501923051 39.144746689567064 2.0000000000000036
    vertex 27.28992501923051 43.855253310432936 2.0000000000000036
  endloop
endfacet
facet normal 0.0 0.0 1.0
  outer loop
    vertex 27.28992501923051 43.855253310432936 2.0000000000000036
    vertex 27.28992501923051 39.144746689567064 2.0000000000000036
    vertex 27.599999999999987 41.5 2.0000000000000036
  endloop
endfacet
facet normal -0.9238795325112863 0.3826834323650908 -0.0
  outer loop
    vertex 27.28992501923051 39.144746689567064 3.000000000000003
    vertex 26.380831174438377 36.95 2.0000000000000036
    vertex 26.380831174438377 36.95 3.000000000000003
  endloop
endfacet
facet normal -0.9238795325112863 0.3826834323650908 -0.0
  outer loop
    vertex 26.380831174438377 36.95 2.0000000000000036
    vertex 27.28992501923051 39.144746689567064 3.000000000000003
    vertex 27.28992501923051 39.144746689567064 2.0000000000000036
  endloop
endfacet
facet normal -0.9914448613738104 0.13052619222005263 -0.0
  outer loop
    vertex 27.599999999999987 41.5 3.000000000000003
    vertex 27.28992501923051 39.144746689567064 2.0000000000000036
    vertex 27.28992501923051 39.144746689567064 3.000000000000003
  endloop
endfacet
facet normal -0.9914448613738104 0.13052619222005263 -0.0
  outer loop
    vertex 27.28992501923051 39.144746689567064 2.0000000000000036
    vertex 27.599999999999987 41.5 3.000000000000003
    vertex 27.599999999999987 41.5 2.0000000000000036
  endloop
endfacet
facet normal -0.9914448613738104 -0.13052619222005263 -0.0
  outer loop
    vertex 27.28992501923051 43.855253310432936 3.000000000000003
    vertex 27.599999999999987 41.5 2.0000000000000036
    vertex 27.599999999999987 41.5 3.000000000000003
  endloop
endfacet
facet normal -0.9914448613738104 -0.13052619222005263 -0.0
  outer loop
    vertex 27.599999999999987 41.5 2.0000000000000036
    vertex 27.28992501923051 43.855253310432936 3.000000000000003
    vertex 27.28992501923051 43.855253310432936 2.0000000000000036
  endloop
endfacet
facet normal -0.9238795325112873 -0.3826834323650888 -0.0
  outer loop
    vertex 26.38083117443838 46.05 3.000000000000003
    vertex 27.28992501923051 43.855253310432936 2.0000000000000036
    vertex 27.28992501923051 43.855253310432936 3.000000000000003
  endloop
endfacet
facet normal -0.9238795325112873 -0.3826834323650888 -0.0
  outer loop
    vertex 27.28992501923051 43.855253310432936 2.0000000000000036
    vertex 26.38083117443838 46.05 3.000000000000003
    vertex 26.38083117443838 46.05 2.0000000000000036
  endloop
endfacet
facet normal -0.7933533402912359 -0.6087614290087197 -0.0
  outer loop
    vertex 24.934671708797573 47.93467170879758 3.000000000000003
    vertex 26.38083117443838 46.05 2.0000000000000036
    vertex 26.38083117443838 46.05 3.000000000000003
  endloop
endfacet
facet normal -0.7933533402912359 -0.6087614290087197 -0.0
  outer loop
    vertex 26.38083117443838 46.05 2.0000000000000036
    vertex 24.934671708797573 47.93467170879758 3.000000000000003
    vertex 24.934671708797573 47.93467170879758 2.0000000000000036
  endloop
endfacet
facet normal -0.6087614290087203 -0.7933533402912356 -0.0
  outer loop
    vertex 24.934671708797573 47.93467170879758 3.000000000000003
    vertex 23.04999999999999 49.38083117443839 2.0000000000000036
    vertex 24.934671708797573 47.93467170879758 2.0000000000000036
  endloop
endfacet
facet normal -0.6087614290087203 -0.7933533402912356 -0.0
  outer loop
    vertex 23.04999999999999 49.38083117443839 2.0000000000000036
    vertex 24.934671708797573 47.93467170879758 3.000000000000003
    vertex 23.04999999999999 49.38083117443839 3.000000000000003
  endloop
endfacet
facet normal -0.3826834323650912 -0.9238795325112862 -0.0
  outer loop
    vertex 23.04999999999999 49.38083117443839 3.000000000000003
    vertex 20.85525331043293 50.28992501923052 2.0000000000000036
    vertex 23.04999999999999 49.38083117443839 2.0000000000000036
  endloop
endfacet
facet normal -0.3826834323650912 -0.9238795325112862 -0.0
  outer loop
    vertex 20.85525331043293 50.28992501923052 2.0000000000000036
    vertex 23.04999999999999 49.38083117443839 3.000000000000003
    vertex 20.85525331043293 50.28992501923052 3.000000000000003
  endloop
endfacet
facet normal -0.13052619222004996 -0.9914448613738106 -0.0
  outer loop
    vertex 20.85525331043293 50.28992501923052 3.000000000000003
    vertex 18.49999999999999 50.599999999999994 2.0000000000000036
    vertex 20.85525331043293 50.28992501923052 2.0000000000000036
  endloop
endfacet
facet normal -0.13052619222004996 -0.9914448613738106 -0.0
  outer loop
    vertex 18.49999999999999 50.599999999999994 2.0000000000000036
    vertex 20.85525331043293 50.28992501923052 3.000000000000003
    vertex 18.49999999999999 50.599999999999994 3.000000000000003
  endloop
endfacet
facet normal 0.1305261922200503 -0.9914448613738107 -0.0
  outer loop
    vertex 18.49999999999999 50.599999999999994 3.000000000000003
    vertex 16.144746689567054 50.28992501923052 2.0000000000000036
    vertex 18.49999999999999 50.599999999999994 2.0000000000000036
  endloop
endfacet
facet normal 0.1305261922200503 -0.9914448613738107 -0.0
  outer loop
    vertex 16.144746689567054 50.28992501923052 2.0000000000000036
    vertex 18.49999999999999 50.599999999999994 3.000000000000003
    vertex 16.144746689567054 50.28992501923052 3.000000000000003
  endloop
endfacet
facet normal 0.38268343236508917 -0.923879532511287 -0.0
  outer loop
    vertex 16.144746689567054 50.28992501923052 3.000000000000003
    vertex 13.949999999999994 49.3808311744384 2.0000000000000036
    vertex 16.144746689567054 50.28992501923052 2.0000000000000036
  endloop
endfacet
facet normal 0.38268343236508917 -0.923879532511287 -0.0
  outer loop
    vertex 13.949999999999994 49.3808311744384 2.0000000000000036
    vertex 16.144746689567054 50.28992501923052 3.000000000000003
    vertex 13.949999999999994 49.3808311744384 3.000000000000003
  endloop
endfacet
facet normal 0.6087614290087223 -0.793353340291234 -0.0
  outer loop
    vertex 13.949999999999994 49.3808311744384 3.000000000000003
    vertex 12.065328291202412 47.93467170879758 2.0000000000000036
    vertex 13.949999999999994 49.3808311744384 2.0000000000000036
  endloop
endfacet
facet normal 0.6087614290087223 -0.793353340291234 -0.0
  outer loop
    vertex 12.065328291202412 47.93467170879758 2.0000000000000036
    vertex 13.949999999999994 49.3808311744384 3.000000000000003
    vertex 12.065328291202412 47.93467170879758 3.000000000000003
  endloop
endfacet
facet normal 0.7933533402912347 -0.6087614290087212 -0.0
  outer loop
    vertex 12.065328291202412 47.93467170879758 2.0000000000000036
    vertex 10.619168825561603 46.05 3.000000000000003
    vertex 10.619168825561603 46.05 2.0000000000000036
  endloop
endfacet
facet normal 0.7933533402912347 -0.6087614290087212 -0.0
  outer loop
    vertex 10.619168825561603 46.05 3.000000000000003
    vertex 12.065328291202412 47.93467170879758 2.0000000000000036
    vertex 12.065328291202412 47.93467170879758 3.000000000000003
  endloop
endfacet
facet normal 0.9238795325112867 -0.3826834323650898 -0.0
  outer loop
    vertex 10.619168825561603 46.05 2.0000000000000036
    vertex 9.710074980769473 43.855253310432936 3.000000000000003
    vertex 9.710074980769473 43.855253310432936 2.0000000000000036
  endloop
endfacet
facet normal 0.9238795325112867 -0.3826834323650898 -0.0
  outer loop
    vertex 9.710074980769473 43.855253310432936 3.000000000000003
    vertex 10.619168825561603 46.05 2.0000000000000036
    vertex 10.619168825561603 46.05 3.000000000000003
  endloop
endfacet
facet normal 0.9914448613738105 -0.13052619222005235 -0.0
  outer loop
    vertex 9.710074980769473 43.855253310432936 2.0000000000000036
    vertex 9.399999999999993 41.50000000000001 3.000000000000003
    vertex 9.399999999999993 41.50000000000001 2.0000000000000036
  endloop
endfacet
facet normal 0.9914448613738105 -0.13052619222005235 -0.0
  outer loop
    vertex 9.399999999999993 41.50000000000001 3.000000000000003
    vertex 9.710074980769473 43.855253310432936 2.0000000000000036
    vertex 9.710074980769473 43.855253310432936 3.000000000000003
  endloop
endfacet
facet normal 0.9914448613738105 0.13052619222005174 0.0
  outer loop
    vertex 9.399999999999993 41.50000000000001 2.0000000000000036
    vertex 9.710074980769473 39.144746689567064 3.000000000000003
    vertex 9.710074980769473 39.144746689567064 2.0000000000000036
  endloop
endfacet
facet normal 0.9914448613738105 0.13052619222005174 0.0
  outer loop
    vertex 9.710074980769473 39.144746689567064 3.000000000000003
    vertex 9.399999999999993 41.50000000000001 2.0000000000000036
    vertex 9.399999999999993 41.50000000000001 3.000000000000003
  endloop
endfacet
facet normal 0.9238795325112866 0.3826834323650901 0.0
  outer loop
    vertex 9.710074980769473 39.144746689567064 2.0000000000000036
    vertex 10.619168825561609 36.949999999999996 3.000000000000003
    vertex 10.619168825561609 36.949999999999996 2.0000000000000036
  endloop
endfacet
facet normal 0.9238795325112866 0.3826834323650901 0.0
  outer loop
    vertex 10.619168825561609 36.949999999999996 3.000000000000003
    vertex 9.710074980769473 39.144746689567064 2.0000000000000036
    vertex 9.710074980769473 39.144746689567064 3.000000000000003
  endloop
endfacet
facet normal 0.7933533402912338 0.6087614290087223 0.0
  outer loop
    vertex 10.619168825561609 36.949999999999996 2.0000000000000036
    vertex 12.06532829120242 35.06532829120242 3.000000000000003
    vertex 12.06532829120242 35.06532829120242 2.0000000000000036
  endloop
endfacet
facet normal 0.7933533402912338 0.6087614290087223 0.0
  outer loop
    vertex 12.06532829120242 35.06532829120242 3.000000000000003
    vertex 10.619168825561609 36.949999999999996 2.0000000000000036
    vertex 10.619168825561609 36.949999999999996 3.000000000000003
  endloop
endfacet
facet normal 0.6087614290087208 0.793353340291235 0.0
  outer loop
    vertex 12.06532829120242 35.06532829120242 3.000000000000003
    vertex 13.95 33.61916882556161 2.0000000000000036
    vertex 12.06532829120242 35.06532829120242 2.0000000000000036
  endloop
endfacet
facet normal 0.6087614290087208 0.793353340291235 0.0
  outer loop
    vertex 13.95 33.61916882556161 2.0000000000000036
    vertex 12.06532829120242 35.06532829120242 3.000000000000003
    vertex 13.95 33.61916882556161 3.000000000000003
  endloop
endfacet
facet normal 0.38268343236508917 0.923879532511287 0.0
  outer loop
    vertex 13.95 33.61916882556161 3.000000000000003
    vertex 16.144746689567057 32.710074980769484 2.0000000000000036
    vertex 13.95 33.61916882556161 2.0000000000000036
  endloop
endfacet
facet normal 0.38268343236508917 0.923879532511287 0.0
  outer loop
    vertex 16.144746689567057 32.710074980769484 2.0000000000000036
    vertex 13.95 33.61916882556161 3.000000000000003
    vertex 16.144746689567057 32.710074980769484 3.000000000000003
  endloop
endfacet
facet normal 0.1305261922200503 0.9914448613738107 0.0
  outer loop
    vertex 16.144746689567057 32.710074980769484 3.000000000000003
    vertex 18.499999999999993 32.400000000000006 2.0000000000000036
    vertex 16.144746689567057 32.710074980769484 2.0000000000000036
  endloop
endfacet
facet normal 0.1305261922200503 0.9914448613738107 0.0
  outer loop
    vertex 18.499999999999993 32.400000000000006 2.0000000000000036
    vertex 16.144746689567057 32.710074980769484 3.000000000000003
    vertex 18.499999999999993 32.400000000000006 3.000000000000003
  endloop
endfacet
facet normal -0.1305261922200503 0.9914448613738107 -0.0
  outer loop
    vertex 18.499999999999993 32.400000000000006 3.000000000000003
    vertex 20.85525331043293 32.710074980769484 2.0000000000000036
    vertex 18.499999999999993 32.400000000000006 2.0000000000000036
  endloop
endfacet
facet normal -0.1305261922200503 0.9914448613738107 -0.0
  outer loop
    vertex 20.85525331043293 32.710074980769484 2.0000000000000036
    vertex 18.499999999999993 32.400000000000006 3.000000000000003
    vertex 20.85525331043293 32.710074980769484 3.000000000000003
  endloop
endfacet
facet normal -0.38268343236508967 0.923879532511287 -0.0
  outer loop
    vertex 20.85525331043293 32.710074980769484 3.000000000000003
    vertex 23.049999999999986 33.61916882556161 2.0000000000000036
    vertex 20.85525331043293 32.710074980769484 2.0000000000000036
  endloop
endfacet
facet normal -0.38268343236508967 0.923879532511287 -0.0
  outer loop
    vertex 23.049999999999986 33.61916882556161 2.0000000000000036
    vertex 20.85525331043293 32.710074980769484 3.000000000000003
    vertex 23.049999999999986 33.61916882556161 3.000000000000003
  endloop
endfacet
facet normal -0.6087614290087214 0.7933533402912346 -0.0
  outer loop
    vertex 23.049999999999986 33.61916882556161 3.000000000000003
    vertex 24.934671708797563 35.06532829120242 2.0000000000000036
    vertex 23.049999999999986 33.61916882556161 2.0000000000000036
  endloop
endfacet
facet normal -0.6087614290087214 0.7933533402912346 -0.0
  outer loop
    vertex 24.934671708797563 35.06532829120242 2.0000000000000036
    vertex 23.049999999999986 33.61916882556161 3.000000000000003
    vertex 24.934671708797563 35.06532829120242 3.000000000000003
  endloop
endfacet
facet normal -0.7933533402912345 0.6087614290087215 -0.0
  outer loop
    vertex 26.380831174438377 36.95 3.000000000000003
    vertex 24.934671708797563 35.06532829120242 2.0000000000000036
    vertex 24.934671708797563 35.06532829120242 3.000000000000003
  endloop
endfacet
facet normal -0.7933533402912345 0.6087614290087215 -0.0
  outer loop
    vertex 24.934671708797563 35.06532829120242 2.0000000000000036
    vertex 26.380831174438377 36.95 3.000000000000003
    vertex 26.380831174438377 36.95 2.0000000000000036
  endloop
endfacet
facet normal 6.401973161609761e-32 2.0006166130030606e-33 1.0
  outer loop
    vertex 40.949999999999996 33.619168825561616 2.000000000000005
    vertex 41.63629669484372 40.46472381958993 1.9999999999999936
    vertex 41.49999999999999 41.500000000000014 1.9999999999999936
  endloop
endfacet
facet normal 6.401973161609761e-32 2.0006166130030606e-33 1.0
  outer loop
    vertex 41.63629669484372 40.46472381958993 1.9999999999999936
    vertex 40.949999999999996 33.619168825561616 2.000000000000005
    vertex 43.14474668956706 32.71007498076949 2.000000000000005
  endloop
endfacet
facet normal 6.401973161609761e-32 2.0006166130030606e-33 1.0
  outer loop
    vertex 41.63629669484372 40.46472381958993 1.9999999999999936
    vertex 43.14474668956706 32.71007498076949 2.000000000000005
    vertex 42.035898384862236 39.500000000000014 1.9999999999999936
  endloop
endfacet
facet normal 6.401973161609761e-32 2.0006166130030606e-33 1.0
  outer loop
    vertex 42.035898384862236 39.500000000000014 1.9999999999999936
    vertex 43.14474668956706 32.71007498076949 2.000000000000005
    vertex 42.6715728752538 38.67157287525382 1.9999999999999936
  endloop
endfacet
facet normal 6.401973161609761e-32 2.0006166130030606e-33 1.0
  outer loop
    vertex 42.6715728752538 38.67157287525382 1.9999999999999936
    vertex 43.14474668956706 32.71007498076949 2.000000000000005
    vertex 43.5 38.03589838486226 1.9999999999999936
  endloop
endfacet
facet normal 6.401973161609761e-32 2.0006166130030606e-33 1.0
  outer loop
    vertex 43.5 38.03589838486226 1.9999999999999936
    vertex 43.14474668956706 32.71007498076949 2.000000000000005
    vertex 45.49999999999999 32.400000000000006 2.000000000000005
  endloop
endfacet
facet normal 6.401973161609761e-32 2.0006166130030606e-33 1.0
  outer loop
    vertex 43.5 38.03589838486226 1.9999999999999936
    vertex 45.49999999999999 32.400000000000006 2.000000000000005
    vertex 44.46472381958991 37.63629669484374 1.9999999999999936
  endloop
endfacet
facet normal 6.401973161609761e-32 2.0006166130030606e-33 1.0
  outer loop
    vertex 44.46472381958991 37.63629669484374 1.9999999999999936
    vertex 45.49999999999999 32.400000000000006 2.000000000000005
    vertex 45.5 37.500000000000014 1.9999999999999936
  endloop
endfacet
facet normal 6.401973161609761e-32 2.0006166130030606e-33 1.0
  outer loop
    vertex 45.5 37.500000000000014 1.9999999999999936
    vertex 45.49999999999999 32.400000000000006 2.000000000000005
    vertex 47.85525331043293 32.71007498076949 2.000000000000005
  endloop
endfacet
facet normal 6.401973161609761e-32 2.0006166130030606e-33 1.0
  outer loop
    vertex 45.5 37.500000000000014 1.9999999999999936
    vertex 47.85525331043293 32.71007498076949 2.000000000000005
    vertex 46.53527618041009 37.63629669484374 1.9999999999999936
  endloop
endfacet
facet normal 6.401973161609761e-32 2.0006166130030606e-33 1.0
  outer loop
    vertex 46.53527618041009 37.63629669484374 1.9999999999999936
    vertex 47.85525331043293 32.71007498076949 2.000000000000005
    vertex 47.5 38.03589838486227 1.9999999999999936
  endloop
endfacet
facet normal 6.401973161609761e-32 2.0006166130030606e-33 1.0
  outer loop
    vertex 47.5 38.03589838486227 1.9999999999999936
    vertex 47.85525331043293 32.71007498076949 2.000000000000005
    vertex 48.32842712474619 38.67157287525384 1.9999999999999936
  endloop
endfacet
facet normal 6.401973161609761e-32 2.0006166130030606e-33 1.0
  outer loop
    vertex 48.32842712474619 38.67157287525384 1.9999999999999936
    vertex 47.85525331043293 32.71007498076949 2.000000000000005
    vertex 50.04999999999999 33.619168825561616 2.000000000000005
  endloop
endfacet
facet normal 6.401973161609761e-32 2.0006166130030606e-33 1.0
  outer loop
    vertex 48.32842712474619 38.67157287525384 1.9999999999999936
    vertex 50.04999999999999 33.619168825561616 2.000000000000005
    vertex 48.96410161513776 39.50000000000002 1.9999999999999936
  endloop
endfacet
facet normal 6.401973161609761e-32 2.0006166130030606e-33 1.0
  outer loop
    vertex 48.96410161513776 39.50000000000002 1.9999999999999936
    vertex 50.04999999999999 33.619168825561616 2.000000000000005
    vertex 49.36370330515627 40.46472381958995 1.9999999999999936
  endloop
endfacet
facet normal 6.401973161609761e-32 2.0006166130030606e-33 1.0
  outer loop
    vertex 49.36370330515627 40.46472381958995 1.9999999999999936
    vertex 50.04999999999999 33.619168825561616 2.000000000000005
    vertex 49.5 41.50000000000003 1.9999999999999936
  endloop
endfacet
facet normal 6.401973161609761e-32 2.0006166130030606e-33 1.0
  outer loop
    vertex 49.5 41.50000000000003 1.9999999999999936
    vertex 50.04999999999999 33.619168825561616 2.000000000000005
    vertex 50.04999999999998 49.38083117443839 2.000000000000005
  endloop
endfacet
facet normal 6.401973161609761e-32 2.0006166130030606e-33 1.0
  outer loop
    vertex 50.04999999999998 49.38083117443839 2.000000000000005
    vertex 50.04999999999999 33.619168825561616 2.000000000000005
    vertex 51.93467170879756 47.93467170879759 2.000000000000005
  endloop
endfacet
facet normal 6.401973161609761e-32 2.0006166130030606e-33 1.0
  outer loop
    vertex 51.93467170879756 47.93467170879759 2.000000000000005
    vertex 50.04999999999999 33.619168825561616 2.000000000000005
    vertex 51.93467170879757 35.065328291202434 2.000000000000005
  endloop
endfacet
facet normal 6.401973161609761e-32 2.0006166130030606e-33 1.0
  outer loop
    vertex 51.93467170879756 47.93467170879759 2.000000000000005
    vertex 51.93467170879757 35.065328291202434 2.000000000000005
    vertex 53.38083117443836 46.050000000000004 2.000000000000005
  endloop
endfacet
facet normal 6.401973161609761e-32 2.0006166130030606e-33 1.0
  outer loop
    vertex 53.38083117443836 46.050000000000004 2.000000000000005
    vertex 51.93467170879757 35.065328291202434 2.000000000000005
    vertex 53.38083117443838 36.95000000000001 2.000000000000005
  endloop
endfacet
facet normal 6.401973161609761e-32 2.0006166130030606e-33 1.0
  outer loop
    vertex 53.38083117443836 46.050000000000004 2.000000000000005
    vertex 53.38083117443838 36.95000000000001 2.000000000000005
    vertex 54.28992501923051 43.85525331043295 2.000000000000005
  endloop
endfacet
facet normal 6.401973161609761e-32 2.0006166130030606e-33 1.0
  outer loop
    vertex 54.28992501923051 43.85525331043295 2.000000000000005
    vertex 53.38083117443838 36.95000000000001 2.000000000000005
    vertex 54.28992501923051 39.14474668956707 2.000000000000005
  endloop
endfacet
facet normal 6.401973161609761e-32 2.0006166130030606e-33 1.0
  outer loop
    vertex 54.28992501923051 43.85525331043295 2.000000000000005
    vertex 54.28992501923051 39.14474668956707 2.000000000000005
    vertex 54.59999999999999 41.50000000000001 2.000000000000005
  endloop
endfacet
facet normal 6.401973161609761e-32 2.0006166130030606e-33 1.0
  outer loop
    vertex 36.71007498076947 39.144746689567064 2.000000000000005
    vertex 36.71007498076947 43.855253310432936 2.000000000000005
    vertex 36.4 41.5 2.000000000000005
  endloop
endfacet
facet normal 6.401973161609761e-32 2.0006166130030606e-33 1.0
  outer loop
    vertex 36.71007498076947 43.855253310432936 2.000000000000005
    vertex 36.71007498076947 39.144746689567064 2.000000000000005
    vertex 37.6191688255616 36.95 2.000000000000005
  endloop
endfacet
facet normal 6.401973161609761e-32 2.0006166130030606e-33 1.0
  outer loop
    vertex 36.71007498076947 43.855253310432936 2.000000000000005
    vertex 37.6191688255616 36.95 2.000000000000005
    vertex 37.619168825561594 46.04999999999999 2.000000000000005
  endloop
endfacet
facet normal 6.401973161609761e-32 2.0006166130030606e-33 1.0
  outer loop
    vertex 37.619168825561594 46.04999999999999 2.000000000000005
    vertex 37.6191688255616 36.95 2.000000000000005
    vertex 39.0653282912024 47.93467170879757 2.000000000000005
  endloop
endfacet
facet normal 6.401973161609761e-32 2.0006166130030606e-33 1.0
  outer loop
    vertex 39.0653282912024 47.93467170879757 2.000000000000005
    vertex 37.6191688255616 36.95 2.000000000000005
    vertex 39.06532829120241 35.06532829120243 2.000000000000005
  endloop
endfacet
facet normal 6.401973161609761e-32 2.0006166130030606e-33 1.0
  outer loop
    vertex 39.0653282912024 47.93467170879757 2.000000000000005
    vertex 39.06532829120241 35.06532829120243 2.000000000000005
    vertex 40.949999999999974 49.38083117443838 2.000000000000005
  endloop
endfacet
facet normal 6.401973161609761e-32 2.0006166130030606e-33 1.0
  outer loop
    vertex 40.949999999999974 49.38083117443838 2.000000000000005
    vertex 39.06532829120241 35.06532829120243 2.000000000000005
    vertex 40.949999999999996 33.619168825561616 2.000000000000005
  endloop
endfacet
facet normal 6.401973161609761e-32 2.0006166130030606e-33 1.0
  outer loop
    vertex 40.949999999999974 49.38083117443838 2.000000000000005
    vertex 40.949999999999996 33.619168825561616 2.000000000000005
    vertex 41.49999999999999 41.500000000000014 1.9999999999999936
  endloop
endfacet
facet normal 6.401973161609761e-32 2.0006166130030606e-33 1.0
  outer loop
    vertex 40.949999999999974 49.38083117443838 2.000000000000005
    vertex 41.49999999999999 41.500000000000014 1.9999999999999936
    vertex 41.63629669484372 42.5352761804101 1.9999999999999936
  endloop
endfacet
facet normal 6.401973161609761e-32 2.0006166130030606e-33 1.0
  outer loop
    vertex 40.949999999999974 49.38083117443838 2.000000000000005
    vertex 41.63629669484372 42.5352761804101 1.9999999999999936
    vertex 43.14474668956703 50.289925019230516 2.000000000000005
  endloop
endfacet
facet normal 6.401973161609761e-32 2.0006166130030606e-33 1.0
  outer loop
    vertex 43.14474668956703 50.289925019230516 2.000000000000005
    vertex 41.63629669484372 42.5352761804101 1.9999999999999936
    vertex 42.035898384862236 43.500000000000014 1.9999999999999936
  endloop
endfacet
facet normal 6.401973161609761e-32 2.0006166130030606e-33 1.0
  outer loop
    vertex 43.14474668956703 50.289925019230516 2.000000000000005
    vertex 42.035898384862236 43.500000000000014 1.9999999999999936
    vertex 42.6715728752538 44.328427124746206 1.9999999999999936
  endloop
endfacet
facet normal 6.401973161609761e-32 2.0006166130030606e-33 1.0
  outer loop
    vertex 43.14474668956703 50.289925019230516 2.000000000000005
    vertex 42.6715728752538 44.328427124746206 1.9999999999999936
    vertex 43.499999999999986 44.96410161513777 1.9999999999999936
  endloop
endfacet
facet normal 6.401973161609761e-32 2.0006166130030606e-33 1.0
  outer loop
    vertex 43.14474668956703 50.289925019230516 2.000000000000005
    vertex 43.499999999999986 44.96410161513777 1.9999999999999936
    vertex 45.499999999999986 50.599999999999994 2.000000000000005
  endloop
endfacet
facet normal 6.401973161609761e-32 2.0006166130030606e-33 1.0
  outer loop
    vertex 45.499999999999986 50.599999999999994 2.000000000000005
    vertex 43.499999999999986 44.96410161513777 1.9999999999999936
    vertex 44.464723819589906 45.3637033051563 1.9999999999999936
  endloop
endfacet
facet normal 6.401973161609761e-32 2.0006166130030606e-33 1.0
  outer loop
    vertex 45.499999999999986 50.599999999999994 2.000000000000005
    vertex 44.464723819589906 45.3637033051563 1.9999999999999936
    vertex 45.499999999999986 45.50000000000002 1.9999999999999936
  endloop
endfacet
facet normal 6.401973161609761e-32 2.0006166130030606e-33 1.0
  outer loop
    vertex 45.499999999999986 50.599999999999994 2.000000000000005
    vertex 45.499999999999986 45.50000000000002 1.9999999999999936
    vertex 46.53527618041007 45.3637033051563 1.9999999999999936
  endloop
endfacet
facet normal 6.401973161609761e-32 2.0006166130030606e-33 1.0
  outer loop
    vertex 45.499999999999986 50.599999999999994 2.000000000000005
    vertex 46.53527618041007 45.3637033051563 1.9999999999999936
    vertex 47.85525331043292 50.289925019230516 2.000000000000005
  endloop
endfacet
facet normal 6.401973161609761e-32 2.0006166130030606e-33 1.0
  outer loop
    vertex 47.85525331043292 50.289925019230516 2.000000000000005
    vertex 46.53527618041007 45.3637033051563 1.9999999999999936
    vertex 47.49999999999999 44.964101615137785 1.9999999999999936
  endloop
endfacet
facet normal 6.401973161609761e-32 2.0006166130030606e-33 1.0
  outer loop
    vertex 47.85525331043292 50.289925019230516 2.000000000000005
    vertex 47.49999999999999 44.964101615137785 1.9999999999999936
    vertex 48.328427124746185 44.32842712474622 1.9999999999999936
  endloop
endfacet
facet normal 6.401973161609761e-32 2.0006166130030606e-33 1.0
  outer loop
    vertex 47.85525331043292 50.289925019230516 2.000000000000005
    vertex 48.328427124746185 44.32842712474622 1.9999999999999936
    vertex 50.04999999999998 49.38083117443839 2.000000000000005
  endloop
endfacet
facet normal 6.401973161609761e-32 2.0006166130030606e-33 1.0
  outer loop
    vertex 50.04999999999998 49.38083117443839 2.000000000000005
    vertex 48.328427124746185 44.32842712474622 1.9999999999999936
    vertex 48.96410161513775 43.50000000000003 1.9999999999999936
  endloop
endfacet
facet normal 6.401973161609761e-32 2.0006166130030606e-33 1.0
  outer loop
    vertex 50.04999999999998 49.38083117443839 2.000000000000005
    vertex 48.96410161513775 43.50000000000003 1.9999999999999936
    vertex 49.36370330515627 42.53527618041011 1.9999999999999936
  endloop
endfacet
facet normal 6.401973161609761e-32 2.0006166130030606e-33 1.0
  outer loop
    vertex 50.04999999999998 49.38083117443839 2.000000000000005
    vertex 49.36370330515627 42.53527618041011 1.9999999999999936
    vertex 49.5 41.50000000000003 1.9999999999999936
  endloop
endfacet
facet normal -0.3826834323650888 -0.9238795325112873 2.634761937509561e-32
  outer loop
    vertex 50.04999999999998 49.38083117443839 3.000000000000003
    vertex 47.85525331043292 50.289925019230516 2.000000000000005
    vertex 50.04999999999998 49.38083117443839 2.000000000000005
  endloop
endfacet
facet normal -0.3826834323650888 -0.9238795325112873 2.634761937509561e-32
  outer loop
    vertex 47.85525331043292 50.289925019230516 2.000000000000005
    vertex 50.04999999999998 49.38083117443839 3.000000000000003
    vertex 47.85525331043292 50.289925019230516 3.000000000000003
  endloop
endfacet
facet normal -0.13052619222005263 -0.9914448613738104 1.0339752855339901e-32
  outer loop
    vertex 47.85525331043292 50.289925019230516 3.000000000000003
    vertex 45.499999999999986 50.599999999999994 2.000000000000005
    vertex 47.85525331043292 50.289925019230516 2.000000000000005
  endloop
endfacet
facet normal -0.13052619222005263 -0.9914448613738104 1.0339752855339901e-32
  outer loop
    vertex 45.499999999999986 50.599999999999994 2.000000000000005
    vertex 47.85525331043292 50.289925019230516 3.000000000000003
    vertex 45.499999999999986 50.599999999999994 3.000000000000003
  endloop
endfacet
facet normal 0.13052619222005168 -0.9914448613738104 -6.372750734257916e-33
  outer loop
    vertex 45.499999999999986 50.599999999999994 3.000000000000003
    vertex 43.14474668956703 50.289925019230516 2.000000000000005
    vertex 45.499999999999986 50.599999999999994 2.000000000000005
  endloop
endfacet
facet normal 0.13052619222005168 -0.9914448613738104 -6.372750734257916e-33
  outer loop
    vertex 43.14474668956703 50.289925019230516 2.000000000000005
    vertex 45.499999999999986 50.599999999999994 3.000000000000003
    vertex 43.14474668956703 50.289925019230516 3.000000000000003
  endloop
endfacet
facet normal 0.38268343236509367 -0.9238795325112852 -2.265096189278476e-32
  outer loop
    vertex 43.14474668956703 50.289925019230516 3.000000000000003
    vertex 40.949999999999974 49.38083117443838 2.000000000000005
    vertex 43.14474668956703 50.289925019230516 2.000000000000005
  endloop
endfacet
facet normal 0.38268343236509367 -0.9238795325112852 -2.265096189278476e-32
  outer loop
    vertex 40.949999999999974 49.38083117443838 2.000000000000005
    vertex 43.14474668956703 50.289925019230516 3.000000000000003
    vertex 40.949999999999974 49.38083117443838 3.000000000000003
  endloop
endfacet
facet normal 0.6087614290087208 -0.793353340291235 -3.738554743080225e-32
  outer loop
    vertex 40.949999999999974 49.38083117443838 3.000000000000003
    vertex 39.0653282912024 47.93467170879757 2.000000000000005
    vertex 40.949999999999974 49.38083117443838 2.000000000000005
  endloop
endfacet
facet normal 0.6087614290087208 -0.793353340291235 -3.738554743080225e-32
  outer loop
    vertex 39.0653282912024 47.93467170879757 2.000000000000005
    vertex 40.949999999999974 49.38083117443838 3.000000000000003
    vertex 39.0653282912024 47.93467170879757 3.000000000000003
  endloop
endfacet
facet normal 0.7933533402912375 -0.6087614290087179 -4.957236969394925e-32
  outer loop
    vertex 39.0653282912024 47.93467170879757 2.000000000000005
    vertex 37.619168825561594 46.04999999999999 3.000000000000003
    vertex 37.619168825561594 46.04999999999999 2.000000000000005
  endloop
endfacet
facet normal 0.7933533402912375 -0.6087614290087179 -4.957236969394925e-32
  outer loop
    vertex 37.619168825561594 46.04999999999999 3.000000000000003
    vertex 39.0653282912024 47.93467170879757 2.000000000000005
    vertex 39.0653282912024 47.93467170879757 3.000000000000003
  endloop
endfacet
facet normal 0.923879532511287 -0.38268343236508967 -5.838091688466768e-32
  outer loop
    vertex 37.619168825561594 46.04999999999999 2.000000000000005
    vertex 36.71007498076947 43.855253310432936 3.000000000000003
    vertex 36.71007498076947 43.855253310432936 2.000000000000005
  endloop
endfacet
facet normal 0.923879532511287 -0.38268343236508967 -5.838091688466768e-32
  outer loop
    vertex 36.71007498076947 43.855253310432936 3.000000000000003
    vertex 37.619168825561594 46.04999999999999 2.000000000000005
    vertex 37.619168825561594 46.04999999999999 3.000000000000003
  endloop
endfacet
facet normal 0.9914448613738107 -0.1305261922200503 -6.3210901068723e-32
  outer loop
    vertex 36.71007498076947 43.855253310432936 2.000000000000005
    vertex 36.4 41.5 3.000000000000003
    vertex 36.4 41.5 2.000000000000005
  endloop
endfacet
facet normal 0.9914448613738107 -0.1305261922200503 -6.3210901068723e-32
  outer loop
    vertex 36.4 41.5 3.000000000000003
    vertex 36.71007498076947 43.855253310432936 2.000000000000005
    vertex 36.71007498076947 43.855253310432936 3.000000000000003
  endloop
endfacet
facet normal 0.9914448613738107 0.1305261922200503 -6.373316680589793e-32
  outer loop
    vertex 36.4 41.5 2.000000000000005
    vertex 36.71007498076947 39.144746689567064 3.000000000000003
    vertex 36.71007498076947 39.144746689567064 2.000000000000005
  endloop
endfacet
facet normal 0.9914448613738107 0.1305261922200503 -6.373316680589793e-32
  outer loop
    vertex 36.71007498076947 39.144746689567064 3.000000000000003
    vertex 36.4 41.5 2.000000000000005
    vertex 36.4 41.5 3.000000000000003
  endloop
endfacet
facet normal 0.923879532511286 0.3826834323650916 -5.991212254928889e-32
  outer loop
    vertex 36.71007498076947 39.144746689567064 2.000000000000005
    vertex 37.6191688255616 36.95 3.000000000000003
    vertex 37.6191688255616 36.95 2.000000000000005
  endloop
endfacet
facet normal 0.923879532511286 0.3826834323650916 -5.991212254928889e-32
  outer loop
    vertex 37.6191688255616 36.95 3.000000000000003
    vertex 36.71007498076947 39.144746689567064 2.000000000000005
    vertex 36.71007498076947 39.144746689567064 3.000000000000003
  endloop
endfacet
facet normal 0.793353340291235 0.6087614290087208 -5.200816615040976e-32
  outer loop
    vertex 37.6191688255616 36.95 2.000000000000005
    vertex 39.06532829120241 35.06532829120243 3.000000000000003
    vertex 39.06532829120241 35.06532829120243 2.000000000000005
  endloop
endfacet
facet normal 0.793353340291235 0.6087614290087208 -5.200816615040976e-32
  outer loop
    vertex 39.06532829120241 35.06532829120243 3.000000000000003
    vertex 37.6191688255616 36.95 2.000000000000005
    vertex 37.6191688255616 36.95 3.000000000000003
  endloop
endfacet
facet normal 0.6087614290087208 0.793353340291235 -4.055993917593848e-32
  outer loop
    vertex 39.06532829120241 35.06532829120243 3.000000000000003
    vertex 40.949999999999996 33.619168825561616 2.000000000000005
    vertex 39.06532829120241 35.06532829120243 2.000000000000005
  endloop
endfacet
facet normal 0.6087614290087208 0.793353340291235 -4.055993917593848e-32
  outer loop
    vertex 40.949999999999996 33.619168825561616 2.000000000000005
    vertex 39.06532829120241 35.06532829120243 3.000000000000003
    vertex 40.949999999999996 33.619168825561616 3.000000000000003
  endloop
endfacet
facet normal 0.3826834323650888 0.9238795325112873 -2.634761937509561e-32
  outer loop
    vertex 40.949999999999996 33.619168825561616 3.000000000000003
    vertex 43.14474668956706 32.71007498076949 2.000000000000005
    vertex 40.949999999999996 33.619168825561616 2.000000000000005
  endloop
endfacet
facet normal 0.3826834323650888 0.9238795325112873 -2.634761937509561e-32
  outer loop
    vertex 43.14474668956706 32.71007498076949 2.000000000000005
    vertex 40.949999999999996 33.619168825561616 3.000000000000003
    vertex 43.14474668956706 32.71007498076949 3.000000000000003
  endloop
endfacet
facet normal 0.13052619222005263 0.9914448613738104 -1.0339752855339901e-32
  outer loop
    vertex 43.14474668956706 32.71007498076949 3.000000000000003
    vertex 45.49999999999999 32.400000000000006 2.000000000000005
    vertex 43.14474668956706 32.71007498076949 2.000000000000005
  endloop
endfacet
facet normal 0.13052619222005263 0.9914448613738104 -1.0339752855339901e-32
  outer loop
    vertex 45.49999999999999 32.400000000000006 2.000000000000005
    vertex 43.14474668956706 32.71007498076949 3.000000000000003
    vertex 45.49999999999999 32.400000000000006 3.000000000000003
  endloop
endfacet
facet normal -0.13052619222005232 0.9914448613738105 6.372750734257957e-33
  outer loop
    vertex 45.49999999999999 32.400000000000006 3.000000000000003
    vertex 47.85525331043293 32.71007498076949 2.000000000000005
    vertex 45.49999999999999 32.400000000000006 2.000000000000005
  endloop
endfacet
facet normal -0.13052619222005232 0.9914448613738105 6.372750734257957e-33
  outer loop
    vertex 47.85525331043293 32.71007498076949 2.000000000000005
    vertex 45.49999999999999 32.400000000000006 3.000000000000003
    vertex 47.85525331043293 32.71007498076949 3.000000000000003
  endloop
endfacet
facet normal -0.3826834323650888 0.9238795325112873 2.2650961892784443e-32
  outer loop
    vertex 47.85525331043293 32.71007498076949 3.000000000000003
    vertex 50.04999999999999 33.619168825561616 2.000000000000005
    vertex 47.85525331043293 32.71007498076949 2.000000000000005
  endloop
endfacet
facet normal -0.3826834323650888 0.9238795325112873 2.2650961892784443e-32
  outer loop
    vertex 50.04999999999999 33.619168825561616 2.000000000000005
    vertex 47.85525331043293 32.71007498076949 3.000000000000003
    vertex 50.04999999999999 33.619168825561616 3.000000000000003
  endloop
endfacet
facet normal -0.6087614290087223 0.793353340291234 3.7385547430802357e-32
  outer loop
    vertex 50.04999999999999 33.619168825561616 3.000000000000003
    vertex 51.93467170879757 35.065328291202434 2.000000000000005
    vertex 50.04999999999999 33.619168825561616 2.000000000000005
  endloop
endfacet
facet normal -0.6087614290087223 0.793353340291234 3.7385547430802357e-32
  outer loop
    vertex 51.93467170879757 35.065328291202434 2.000000000000005
    vertex 50.04999999999999 33.619168825561616 3.000000000000003
    vertex 51.93467170879757 35.065328291202434 3.000000000000003
  endloop
endfacet
facet normal -0.7933533402912363 0.6087614290087193 4.957236969394918e-32
  outer loop
    vertex 53.38083117443838 36.95000000000001 3.000000000000003
    vertex 51.93467170879757 35.065328291202434 2.000000000000005
    vertex 51.93467170879757 35.065328291202434 3.000000000000003
  endloop
endfacet
facet normal -0.7933533402912363 0.6087614290087193 4.957236969394918e-32
  outer loop
    vertex 51.93467170879757 35.065328291202434 2.000000000000005
    vertex 53.38083117443838 36.95000000000001 3.000000000000003
    vertex 53.38083117443838 36.95000000000001 2.000000000000005
  endloop
endfacet
facet normal -0.9238795325112863 0.3826834323650908 5.838091688466765e-32
  outer loop
    vertex 54.28992501923051 39.14474668956707 3.000000000000003
    vertex 53.38083117443838 36.95000000000001 2.000000000000005
    vertex 53.38083117443838 36.95000000000001 3.000000000000003
  endloop
endfacet
facet normal -0.9238795325112863 0.3826834323650908 5.838091688466765e-32
  outer loop
    vertex 53.38083117443838 36.95000000000001 2.000000000000005
    vertex 54.28992501923051 39.14474668956707 3.000000000000003
    vertex 54.28992501923051 39.14474668956707 2.000000000000005
  endloop
endfacet
facet normal -0.9914448613738104 0.13052619222005263 6.321090106872297e-32
  outer loop
    vertex 54.59999999999999 41.50000000000001 3.000000000000003
    vertex 54.28992501923051 39.14474668956707 2.000000000000005
    vertex 54.28992501923051 39.14474668956707 3.000000000000003
  endloop
endfacet
facet normal -0.9914448613738104 0.13052619222005263 6.321090106872297e-32
  outer loop
    vertex 54.28992501923051 39.14474668956707 2.000000000000005
    vertex 54.59999999999999 41.50000000000001 3.000000000000003
    vertex 54.59999999999999 41.50000000000001 2.000000000000005
  endloop
endfacet
facet normal -0.9914448613738105 -0.13052619222005232 6.373316680589792e-32
  outer loop
    vertex 54.28992501923051 43.85525331043295 3.000000000000003
    vertex 54.59999999999999 41.50000000000001 2.000000000000005
    vertex 54.59999999999999 41.50000000000001 3.000000000000003
  endloop
endfacet
facet normal -0.9914448613738105 -0.13052619222005232 6.373316680589792e-32
  outer loop
    vertex 54.59999999999999 41.50000000000001 2.000000000000005
    vertex 54.28992501923051 43.85525331043295 3.000000000000003
    vertex 54.28992501923051 43.85525331043295 2.000000000000005
  endloop
endfacet
facet normal -0.9238795325112845 -0.3826834323650958 5.99121225492888e-32
  outer loop
    vertex 53.38083117443836 46.050000000000004 3.000000000000003
    vertex 54.28992501923051 43.85525331043295 2.000000000000005
    vertex 54.28992501923051 43.85525331043295 3.000000000000003
  endloop
endfacet
facet normal -0.9238795325112845 -0.3826834323650958 5.99121225492888e-32
  outer loop
    vertex 54.28992501923051 43.85525331043295 2.000000000000005
    vertex 53.38083117443836 46.050000000000004 3.000000000000003
    vertex 53.38083117443836 46.050000000000004 2.000000000000005
  endloop
endfacet
facet normal -0.7933533402912363 -0.6087614290087193 5.200816615040983e-32
  outer loop
    vertex 51.93467170879756 47.93467170879759 3.000000000000003
    vertex 53.38083117443836 46.050000000000004 2.000000000000005
    vertex 53.38083117443836 46.050000000000004 3.000000000000003
  endloop
endfacet
facet normal -0.7933533402912363 -0.6087614290087193 5.200816615040983e-32
  outer loop
    vertex 53.38083117443836 46.050000000000004 2.000000000000005
    vertex 51.93467170879756 47.93467170879759 3.000000000000003
    vertex 51.93467170879756 47.93467170879759 2.000000000000005
  endloop
endfacet
facet normal -0.6087614290087193 -0.7933533402912363 4.0559939175938397e-32
  outer loop
    vertex 51.93467170879756 47.93467170879759 3.000000000000003
    vertex 50.04999999999998 49.38083117443839 2.000000000000005
    vertex 51.93467170879756 47.93467170879759 2.000000000000005
  endloop
endfacet
facet normal -0.6087614290087193 -0.7933533402912363 4.0559939175938397e-32
  outer loop
    vertex 50.04999999999998 49.38083117443839 2.000000000000005
    vertex 51.93467170879756 47.93467170879759 3.000000000000003
    vertex 50.04999999999998 49.38083117443839 3.000000000000003
  endloop
endfacet
facet normal 0.0 0.0 1.0
  outer loop
    vertex 63.71007498076949 39.14474668956706 2.0000000000000018
    vertex 63.71007498076949 43.85525331043293 2.0000000000000018
    vertex 63.40000000000002 41.49999999999999 2.0000000000000018
  endloop
endfacet
facet normal 0.0 0.0 1.0
  outer loop
    vertex 63.71007498076949 43.85525331043293 2.0000000000000018
    vertex 63.71007498076949 39.14474668956706 2.0000000000000018
    vertex 64.61916882556162 36.95 2.0000000000000018
  endloop
endfacet
facet normal 0.0 0.0 1.0
  outer loop
    vertex 63.71007498076949 43.85525331043293 2.0000000000000018
    vertex 64.61916882556162 36.95 2.0000000000000018
    vertex 64.61916882556162 46.05 2.0000000000000018
  endloop
endfacet
facet normal 0.0 0.0 1.0
  outer loop
    vertex 64.61916882556162 46.05 2.0000000000000018
    vertex 64.61916882556162 36.95 2.0000000000000018
    vertex 66.06532829120243 35.06532829120243 2.0000000000000018
  endloop
endfacet
facet normal 0.0 0.0 1.0
  outer loop
    vertex 64.61916882556162 46.05 2.0000000000000018
    vertex 66.06532829120243 35.06532829120243 2.0000000000000018
    vertex 66.06532829120243 47.93467170879758 2.0000000000000018
  endloop
endfacet
facet normal 0.0 0.0 1.0
  outer loop
    vertex 66.06532829120243 47.93467170879758 2.0000000000000018
    vertex 66.06532829120243 35.06532829120243 2.0000000000000018
    vertex 67.95 33.61916882556162 2.0000000000000018
  endloop
endfacet
facet normal 0.0 0.0 1.0
  outer loop
    vertex 66.06532829120243 47.93467170879758 2.0000000000000018
    vertex 67.95 33.61916882556162 2.0000000000000018
    vertex 67.95000000000002 49.38083117443839 2.0000000000000018
  endloop
endfacet
facet normal 0.0 0.0 1.0
  outer loop
    vertex 67.95000000000002 49.38083117443839 2.0000000000000018
    vertex 67.95 33.61916882556162 2.0000000000000018
    vertex 68.50000000000001 41.500000000000036 1.9999999999999907
  endloop
endfacet
facet normal 0.0 0.0 1.0
  outer loop
    vertex 68.50000000000001 41.500000000000036 1.9999999999999907
    vertex 67.95 33.61916882556162 2.0000000000000018
    vertex 68.63629669484374 40.46472381958996 1.9999999999999907
  endloop
endfacet
facet normal 0.0 0.0 1.0
  outer loop
    vertex 68.63629669484374 40.46472381958996 1.9999999999999907
    vertex 67.95 33.61916882556162 2.0000000000000018
    vertex 70.14474668956707 32.71007498076949 2.0000000000000018
  endloop
endfacet
facet normal 0.0 0.0 1.0
  outer loop
    vertex 68.63629669484374 40.46472381958996 1.9999999999999907
    vertex 70.14474668956707 32.71007498076949 2.0000000000000018
    vertex 69.03589838486225 39.50000000000004 1.9999999999999907
  endloop
endfacet
facet normal 0.0 0.0 1.0
  outer loop
    vertex 69.03589838486225 39.50000000000004 1.9999999999999907
    vertex 70.14474668956707 32.71007498076949 2.0000000000000018
    vertex 69.67157287525382 38.671572875253865 1.9999999999999907
  endloop
endfacet
facet normal 0.0 0.0 1.0
  outer loop
    vertex 69.67157287525382 38.671572875253865 1.9999999999999907
    vertex 70.14474668956707 32.71007498076949 2.0000000000000018
    vertex 70.5 38.03589838486229 1.9999999999999907
  endloop
endfacet
facet normal 0.0 0.0 1.0
  outer loop
    vertex 70.5 38.03589838486229 1.9999999999999907
    vertex 70.14474668956707 32.71007498076949 2.0000000000000018
    vertex 72.5 32.40000000000001 2.0000000000000018
  endloop
endfacet
facet normal 0.0 0.0 1.0
  outer loop
    vertex 70.5 38.03589838486229 1.9999999999999907
    vertex 72.5 32.40000000000001 2.0000000000000018
    vertex 71.46472381958992 37.63629669484378 1.9999999999999907
  endloop
endfacet
facet normal 0.0 0.0 1.0
  outer loop
    vertex 71.46472381958992 37.63629669484378 1.9999999999999907
    vertex 72.5 32.40000000000001 2.0000000000000018
    vertex 72.49999999999999 37.50000000000004 1.9999999999999907
  endloop
endfacet
facet normal 0.0 0.0 1.0
  outer loop
    vertex 72.49999999999999 37.50000000000004 1.9999999999999907
    vertex 72.5 32.40000000000001 2.0000000000000018
    vertex 73.53527618041008 37.63629669484377 1.9999999999999907
  endloop
endfacet
facet normal 0.0 0.0 1.0
  outer loop
    vertex 73.53527618041008 37.63629669484377 1.9999999999999907
    vertex 72.5 32.40000000000001 2.0000000000000018
    vertex 74.85525331043293 32.71007498076949 2.0000000000000018
  endloop
endfacet
facet normal 0.0 0.0 1.0
  outer loop
    vertex 73.53527618041008 37.63629669484377 1.9999999999999907
    vertex 74.85525331043293 32.71007498076949 2.0000000000000018
    vertex 74.5 38.03589838486229 1.9999999999999907
  endloop
endfacet
facet normal 0.0 0.0 1.0
  outer loop
    vertex 74.5 38.03589838486229 1.9999999999999907
    vertex 74.85525331043293 32.71007498076949 2.0000000000000018
    vertex 75.32842712474617 38.67157287525385 1.9999999999999907
  endloop
endfacet
facet normal 0.0 0.0 1.0
  outer loop
    vertex 75.32842712474617 38.67157287525385 1.9999999999999907
    vertex 74.85525331043293 32.71007498076949 2.0000000000000018
    vertex 77.05 33.619168825561616 2.0000000000000018
  endloop
endfacet
facet normal 0.0 0.0 1.0
  outer loop
    vertex 75.32842712474617 38.67157287525385 1.9999999999999907
    vertex 77.05 33.619168825561616 2.0000000000000018
    vertex 75.96410161513775 39.50000000000004 1.9999999999999907
  endloop
endfacet
facet normal 0.0 0.0 1.0
  outer loop
    vertex 75.96410161513775 39.50000000000004 1.9999999999999907
    vertex 77.05 33.619168825561616 2.0000000000000018
    vertex 76.36370330515626 40.46472381958995 1.9999999999999907
  endloop
endfacet
facet normal 0.0 0.0 1.0
  outer loop
    vertex 76.36370330515626 40.46472381958995 1.9999999999999907
    vertex 77.05 33.619168825561616 2.0000000000000018
    vertex 76.5 41.500000000000036 1.9999999999999907
  endloop
endfacet
facet normal 0.0 0.0 1.0
  outer loop
    vertex 67.95000000000002 49.38083117443839 2.0000000000000018
    vertex 68.63629669484375 42.53527618041012 1.9999999999999907
    vertex 70.14474668956707 50.289925019230516 2.0000000000000018
  endloop
endfacet
facet normal 0.0 0.0 1.0
  outer loop
    vertex 68.63629669484375 42.53527618041012 1.9999999999999907
    vertex 67.95000000000002 49.38083117443839 2.0000000000000018
    vertex 68.50000000000001 41.500000000000036 1.9999999999999907
  endloop
endfacet
facet normal 0.0 0.0 1.0
  outer loop
    vertex 70.14474668956707 50.289925019230516 2.0000000000000018
    vertex 68.63629669484375 42.53527618041012 1.9999999999999907
    vertex 69.03589838486225 43.500000000000036 1.9999999999999907
  endloop
endfacet
facet normal 0.0 0.0 1.0
  outer loop
    vertex 70.14474668956707 50.289925019230516 2.0000000000000018
    vertex 69.03589838486225 43.500000000000036 1.9999999999999907
    vertex 69.67157287525383 44.32842712474622 1.9999999999999907
  endloop
endfacet
facet normal 0.0 0.0 1.0
  outer loop
    vertex 70.14474668956707 50.289925019230516 2.0000000000000018
    vertex 69.67157287525383 44.32842712474622 1.9999999999999907
    vertex 70.5 44.964101615137785 1.9999999999999907
  endloop
endfacet
facet normal 0.0 0.0 1.0
  outer loop
    vertex 70.14474668956707 50.289925019230516 2.0000000000000018
    vertex 70.5 44.964101615137785 1.9999999999999907
    vertex 72.5 50.599999999999994 2.0000000000000018
  endloop
endfacet
facet normal 0.0 0.0 1.0
  outer loop
    vertex 72.5 50.599999999999994 2.0000000000000018
    vertex 70.5 44.964101615137785 1.9999999999999907
    vertex 71.4647238195899 45.3637033051563 1.9999999999999907
  endloop
endfacet
facet normal 0.0 0.0 1.0
  outer loop
    vertex 72.5 50.599999999999994 2.0000000000000018
    vertex 71.4647238195899 45.3637033051563 1.9999999999999907
    vertex 72.5 45.50000000000002 1.9999999999999907
  endloop
endfacet
facet normal 0.0 0.0 1.0
  outer loop
    vertex 72.5 50.599999999999994 2.0000000000000018
    vertex 72.5 45.50000000000002 1.9999999999999907
    vertex 73.53527618041008 45.3637033051563 1.9999999999999907
  endloop
endfacet
facet normal 0.0 0.0 1.0
  outer loop
    vertex 72.5 50.599999999999994 2.0000000000000018
    vertex 73.53527618041008 45.3637033051563 1.9999999999999907
    vertex 74.85525331043294 50.28992501923051 2.0000000000000018
  endloop
endfacet
facet normal 0.0 0.0 1.0
  outer loop
    vertex 74.85525331043294 50.28992501923051 2.0000000000000018
    vertex 73.53527618041008 45.3637033051563 1.9999999999999907
    vertex 74.5 44.964101615137785 1.9999999999999907
  endloop
endfacet
facet normal 0.0 0.0 1.0
  outer loop
    vertex 74.85525331043294 50.28992501923051 2.0000000000000018
    vertex 74.5 44.964101615137785 1.9999999999999907
    vertex 75.32842712474618 44.32842712474622 1.9999999999999907
  endloop
endfacet
facet normal 0.0 0.0 1.0
  outer loop
    vertex 74.85525331043294 50.28992501923051 2.0000000000000018
    vertex 75.32842712474618 44.32842712474622 1.9999999999999907
    vertex 77.05000000000001 49.380831174438384 2.0000000000000018
  endloop
endfacet
facet normal 0.0 0.0 1.0
  outer loop
    vertex 77.05000000000001 49.380831174438384 2.0000000000000018
    vertex 75.32842712474618 44.32842712474622 1.9999999999999907
    vertex 75.96410161513775 43.500000000000036 1.9999999999999907
  endloop
endfacet
facet normal 0.0 0.0 1.0
  outer loop
    vertex 77.05000000000001 49.380831174438384 2.0000000000000018
    vertex 75.96410161513775 43.500000000000036 1.9999999999999907
    vertex 76.36370330515626 42.535276180410115 1.9999999999999907
  endloop
endfacet
facet normal 0.0 0.0 1.0
  outer loop
    vertex 77.05000000000001 49.380831174438384 2.0000000000000018
    vertex 76.36370330515626 42.535276180410115 1.9999999999999907
    vertex 76.5 41.500000000000036 1.9999999999999907
  endloop
endfacet
facet normal 0.0 0.0 1.0
  outer loop
    vertex 77.05000000000001 49.380831174438384 2.0000000000000018
    vertex 76.5 41.500000000000036 1.9999999999999907
    vertex 77.05 33.619168825561616 2.0000000000000018
  endloop
endfacet
facet normal 0.0 0.0 1.0
  outer loop
    vertex 77.05000000000001 49.380831174438384 2.0000000000000018
    vertex 77.05 33.619168825561616 2.0000000000000018
    vertex 78.93467170879757 35.06532829120243 2.0000000000000018
  endloop
endfacet
facet normal 0.0 0.0 1.0
  outer loop
    vertex 77.05000000000001 49.380831174438384 2.0000000000000018
    vertex 78.93467170879757 35.06532829120243 2.0000000000000018
    vertex 78.93467170879758 47.93467170879758 2.0000000000000018
  endloop
endfacet
facet normal 0.0 0.0 1.0
  outer loop
    vertex 78.93467170879758 47.93467170879758 2.0000000000000018
    vertex 78.93467170879757 35.06532829120243 2.0000000000000018
    vertex 80.38083117443838 36.95 2.0000000000000018
  endloop
endfacet
facet normal 0.0 0.0 1.0
  outer loop
    vertex 78.93467170879758 47.93467170879758 2.0000000000000018
    vertex 80.38083117443838 36.95 2.0000000000000018
    vertex 80.38083117443838 46.05 2.0000000000000018
  endloop
endfacet
facet normal 0.0 0.0 1.0
  outer loop
    vertex 80.38083117443838 46.05 2.0000000000000018
    vertex 80.38083117443838 36.95 2.0000000000000018
    vertex 81.28992501923052 39.144746689567064 2.0000000000000018
  endloop
endfacet
facet normal 0.0 0.0 1.0
  outer loop
    vertex 80.38083117443838 46.05 2.0000000000000018
    vertex 81.28992501923052 39.144746689567064 2.0000000000000018
    vertex 81.28992501923052 43.855253310432936 2.0000000000000018
  endloop
endfacet
facet normal 0.0 0.0 1.0
  outer loop
    vertex 81.28992501923052 43.855253310432936 2.0000000000000018
    vertex 81.28992501923052 39.144746689567064 2.0000000000000018
    vertex 81.6 41.5 2.0000000000000018
  endloop
endfacet
facet normal -0.9238795325112863 -0.3826834323650908 -0.0
  outer loop
    vertex 80.38083117443838 46.05 2.999999999999995
    vertex 81.28992501923052 43.855253310432936 2.0000000000000018
    vertex 81.28992501923052 43.855253310432936 2.999999999999995
  endloop
endfacet
facet normal -0.9238795325112863 -0.3826834323650908 -0.0
  outer loop
    vertex 81.28992501923052 43.855253310432936 2.0000000000000018
    vertex 80.38083117443838 46.05 2.999999999999995
    vertex 80.38083117443838 46.05 2.0000000000000018
  endloop
endfacet
facet normal -0.7933533402912363 -0.6087614290087193 -0.0
  outer loop
    vertex 78.93467170879758 47.93467170879758 2.999999999999995
    vertex 80.38083117443838 46.05 2.0000000000000018
    vertex 80.38083117443838 46.05 2.999999999999995
  endloop
endfacet
facet normal -0.7933533402912363 -0.6087614290087193 -0.0
  outer loop
    vertex 80.38083117443838 46.05 2.0000000000000018
    vertex 78.93467170879758 47.93467170879758 2.999999999999995
    vertex 78.93467170879758 47.93467170879758 2.0000000000000018
  endloop
endfacet
facet normal -0.6087614290087204 -0.7933533402912353 -0.0
  outer loop
    vertex 78.93467170879758 47.93467170879758 2.999999999999995
    vertex 77.05000000000001 49.380831174438384 2.0000000000000018
    vertex 78.93467170879758 47.93467170879758 2.0000000000000018
  endloop
endfacet
facet normal -0.6087614290087204 -0.7933533402912353 -0.0
  outer loop
    vertex 77.05000000000001 49.380831174438384 2.0000000000000018
    vertex 78.93467170879758 47.93467170879758 2.999999999999995
    vertex 77.05000000000001 49.380831174438384 2.999999999999995
  endloop
endfacet
facet normal -0.3826834323650879 -0.9238795325112875 -0.0
  outer loop
    vertex 77.05000000000001 49.380831174438384 2.999999999999995
    vertex 74.85525331043294 50.28992501923051 2.0000000000000018
    vertex 77.05000000000001 49.380831174438384 2.0000000000000018
  endloop
endfacet
facet normal -0.3826834323650879 -0.9238795325112875 -0.0
  outer loop
    vertex 74.85525331043294 50.28992501923051 2.0000000000000018
    vertex 77.05000000000001 49.380831174438384 2.999999999999995
    vertex 74.85525331043294 50.28992501923051 2.999999999999995
  endloop
endfacet
facet normal -0.13052619222005496 -0.99144486137381 -0.0
  outer loop
    vertex 74.85525331043294 50.28992501923051 2.999999999999995
    vertex 72.5 50.599999999999994 2.0000000000000018
    vertex 74.85525331043294 50.28992501923051 2.0000000000000018
  endloop
endfacet
facet normal -0.13052619222005496 -0.99144486137381 -0.0
  outer loop
    vertex 72.5 50.599999999999994 2.0000000000000018
    vertex 74.85525331043294 50.28992501923051 2.999999999999995
    vertex 72.5 50.599999999999994 2.999999999999995
  endloop
endfacet
facet normal 0.13052619222005324 -0.9914448613738103 -0.0
  outer loop
    vertex 72.5 50.599999999999994 2.999999999999995
    vertex 70.14474668956707 50.289925019230516 2.0000000000000018
    vertex 72.5 50.599999999999994 2.0000000000000018
  endloop
endfacet
facet normal 0.13052619222005324 -0.9914448613738103 -0.0
  outer loop
    vertex 70.14474668956707 50.289925019230516 2.0000000000000018
    vertex 72.5 50.599999999999994 2.999999999999995
    vertex 70.14474668956707 50.289925019230516 2.999999999999995
  endloop
endfacet
facet normal 0.3826834323650879 -0.9238795325112875 -0.0
  outer loop
    vertex 70.14474668956707 50.289925019230516 2.999999999999995
    vertex 67.95000000000002 49.38083117443839 2.0000000000000018
    vertex 70.14474668956707 50.289925019230516 2.0000000000000018
  endloop
endfacet
facet normal 0.3826834323650879 -0.9238795325112875 -0.0
  outer loop
    vertex 67.95000000000002 49.38083117443839 2.0000000000000018
    vertex 70.14474668956707 50.289925019230516 2.999999999999995
    vertex 67.95000000000002 49.38083117443839 2.999999999999995
  endloop
endfacet
facet normal 0.608761429008722 -0.7933533402912343 -0.0
  outer loop
    vertex 67.95000000000002 49.38083117443839 2.999999999999995
    vertex 66.06532829120243 47.93467170879758 2.0000000000000018
    vertex 67.95000000000002 49.38083117443839 2.0000000000000018
  endloop
endfacet
facet normal 0.608761429008722 -0.7933533402912343 -0.0
  outer loop
    vertex 66.06532829120243 47.93467170879758 2.0000000000000018
    vertex 67.95000000000002 49.38083117443839 2.999999999999995
    vertex 66.06532829120243 47.93467170879758 2.999999999999995
  endloop
endfacet
facet normal 0.793353340291234 -0.6087614290087223 -0.0
  outer loop
    vertex 66.06532829120243 47.93467170879758 2.0000000000000018
    vertex 64.61916882556162 46.05 2.999999999999995
    vertex 64.61916882556162 46.05 2.0000000000000018
  endloop
endfacet
facet normal 0.793353340291234 -0.6087614290087223 -0.0
  outer loop
    vertex 64.61916882556162 46.05 2.999999999999995
    vertex 66.06532829120243 47.93467170879758 2.0000000000000018
    vertex 66.06532829120243 47.93467170879758 2.999999999999995
  endloop
endfacet
facet normal 0.9238795325112871 -0.3826834323650891 -0.0
  outer loop
    vertex 64.61916882556162 46.05 2.0000000000000018
    vertex 63.71007498076949 43.85525331043293 2.999999999999995
    vertex 63.71007498076949 43.85525331043293 2.0000000000000018
  endloop
endfacet
facet normal 0.9238795325112871 -0.3826834323650891 -0.0
  outer loop
    vertex 63.71007498076949 43.85525331043293 2.999999999999995
    vertex 64.61916882556162 46.05 2.0000000000000018
    vertex 64.61916882556162 46.05 2.999999999999995
  endloop
endfacet
facet normal 0.991444861373811 -0.13052619222004797 -0.0
  outer loop
    vertex 63.71007498076949 43.85525331043293 2.0000000000000018
    vertex 63.40000000000002 41.49999999999999 2.999999999999995
    vertex 63.40000000000002 41.49999999999999 2.0000000000000018
  endloop
endfacet
facet normal 0.991444861373811 -0.13052619222004797 -0.0
  outer loop
    vertex 63.40000000000002 41.49999999999999 2.999999999999995
    vertex 63.71007498076949 43.85525331043293 2.0000000000000018
    vertex 63.71007498076949 43.85525331043293 2.999999999999995
  endloop
endfacet
facet normal 0.991444861373811 0.13052619222004797 0.0
  outer loop
    vertex 63.40000000000002 41.49999999999999 2.0000000000000018
    vertex 63.71007498076949 39.14474668956706 2.999999999999995
    vertex 63.71007498076949 39.14474668956706 2.0000000000000018
  endloop
endfacet
facet normal 0.991444861373811 0.13052619222004797 0.0
  outer loop
    vertex 63.71007498076949 39.14474668956706 2.999999999999995
    vertex 63.40000000000002 41.49999999999999 2.0000000000000018
    vertex 63.40000000000002 41.49999999999999 2.999999999999995
  endloop
endfacet
facet normal 0.9238795325112856 0.38268343236509245 0.0
  outer loop
    vertex 63.71007498076949 39.14474668956706 2.0000000000000018
    vertex 64.61916882556162 36.95 2.999999999999995
    vertex 64.61916882556162 36.95 2.0000000000000018
  endloop
endfacet
facet normal 0.9238795325112856 0.38268343236509245 0.0
  outer loop
    vertex 64.61916882556162 36.95 2.999999999999995
    vertex 63.71007498076949 39.14474668956706 2.0000000000000018
    vertex 63.71007498076949 39.14474668956706 2.999999999999995
  endloop
endfacet
facet normal 0.793353340291234 0.6087614290087223 0.0
  outer loop
    vertex 64.61916882556162 36.95 2.0000000000000018
    vertex 66.06532829120243 35.06532829120243 2.999999999999995
    vertex 66.06532829120243 35.06532829120243 2.0000000000000018
  endloop
endfacet
facet normal 0.793353340291234 0.6087614290087223 0.0
  outer loop
    vertex 66.06532829120243 35.06532829120243 2.999999999999995
    vertex 64.61916882556162 36.95 2.0000000000000018
    vertex 64.61916882556162 36.95 2.999999999999995
  endloop
endfacet
facet normal 0.6087614290087228 0.7933533402912336 0.0
  outer loop
    vertex 66.06532829120243 35.06532829120243 2.999999999999995
    vertex 67.95 33.61916882556162 2.0000000000000018
    vertex 66.06532829120243 35.06532829120243 2.0000000000000018
  endloop
endfacet
facet normal 0.6087614290087228 0.7933533402912336 0.0
  outer loop
    vertex 67.95 33.61916882556162 2.0000000000000018
    vertex 66.06532829120243 35.06532829120243 2.999999999999995
    vertex 67.95 33.61916882556162 2.999999999999995
  endloop
endfacet
facet normal 0.3826834323650879 0.9238795325112875 0.0
  outer loop
    vertex 67.95 33.61916882556162 2.999999999999995
    vertex 70.14474668956707 32.71007498076949 2.0000000000000018
    vertex 67.95 33.61916882556162 2.0000000000000018
  endloop
endfacet
facet normal 0.3826834323650879 0.9238795325112875 0.0
  outer loop
    vertex 70.14474668956707 32.71007498076949 2.0000000000000018
    vertex 67.95 33.61916882556162 2.999999999999995
    vertex 70.14474668956707 32.71007498076949 2.999999999999995
  endloop
endfacet
facet normal 0.13052619222005263 0.9914448613738104 0.0
  outer loop
    vertex 70.14474668956707 32.71007498076949 2.999999999999995
    vertex 72.5 32.40000000000001 2.0000000000000018
    vertex 70.14474668956707 32.71007498076949 2.0000000000000018
  endloop
endfacet
facet normal 0.13052619222005263 0.9914448613738104 0.0
  outer loop
    vertex 72.5 32.40000000000001 2.0000000000000018
    vertex 70.14474668956707 32.71007498076949 2.999999999999995
    vertex 72.5 32.40000000000001 2.999999999999995
  endloop
endfacet
facet normal -0.1305261922200509 0.9914448613738106 -0.0
  outer loop
    vertex 72.5 32.40000000000001 2.999999999999995
    vertex 74.85525331043293 32.71007498076949 2.0000000000000018
    vertex 72.5 32.40000000000001 2.0000000000000018
  endloop
endfacet
facet normal -0.1305261922200509 0.9914448613738106 -0.0
  outer loop
    vertex 74.85525331043293 32.71007498076949 2.0000000000000018
    vertex 72.5 32.40000000000001 2.999999999999995
    vertex 74.85525331043293 32.71007498076949 2.999999999999995
  endloop
endfacet
facet normal -0.3826834323650879 0.9238795325112875 -0.0
  outer loop
    vertex 74.85525331043293 32.71007498076949 2.999999999999995
    vertex 77.05 33.619168825561616 2.0000000000000018
    vertex 74.85525331043293 32.71007498076949 2.0000000000000018
  endloop
endfacet
facet normal -0.3826834323650879 0.9238795325112875 -0.0
  outer loop
    vertex 77.05 33.619168825561616 2.0000000000000018
    vertex 74.85525331043293 32.71007498076949 2.999999999999995
    vertex 77.05 33.619168825561616 2.999999999999995
  endloop
endfacet
facet normal -0.608761429008722 0.7933533402912343 -0.0
  outer loop
    vertex 77.05 33.619168825561616 2.999999999999995
    vertex 78.93467170879757 35.06532829120243 2.0000000000000018
    vertex 77.05 33.619168825561616 2.0000000000000018
  endloop
endfacet
facet normal -0.608761429008722 0.7933533402912343 -0.0
  outer loop
    vertex 78.93467170879757 35.06532829120243 2.0000000000000018
    vertex 77.05 33.619168825561616 2.999999999999995
    vertex 78.93467170879757 35.06532829120243 2.999999999999995
  endloop
endfacet
facet normal -0.793353340291234 0.6087614290087223 -0.0
  outer loop
    vertex 80.38083117443838 36.95 2.999999999999995
    vertex 78.93467170879757 35.06532829120243 2.0000000000000018
    vertex 78.93467170879757 35.06532829120243 2.999999999999995
  endloop
endfacet
facet normal -0.793353340291234 0.6087614290087223 -0.0
  outer loop
    vertex 78.93467170879757 35.06532829120243 2.0000000000000018
    vertex 80.38083117443838 36.95 2.999999999999995
    vertex 80.38083117443838 36.95 2.0000000000000018
  endloop
endfacet
facet normal -0.923879532511286 0.3826834323650916 -0.0
  outer loop
    vertex 81.28992501923052 39.144746689567064 2.999999999999995
    vertex 80.38083117443838 36.95 2.0000000000000018
    vertex 80.38083117443838 36.95 2.999999999999995
  endloop
endfacet
facet normal -0.923879532511286 0.3826834323650916 -0.0
  outer loop
    vertex 80.38083117443838 36.95 2.0000000000000018
    vertex 81.28992501923052 39.144746689567064 2.999999999999995
    vertex 81.28992501923052 39.144746689567064 2.0000000000000018
  endloop
endfacet
facet normal -0.9914448613738104 0.13052619222005263 -0.0
  outer loop
    vertex 81.6 41.5 2.999999999999995
    vertex 81.28992501923052 39.144746689567064 2.0000000000000018
    vertex 81.28992501923052 39.144746689567064 2.999999999999995
  endloop
endfacet
facet normal -0.9914448613738104 0.13052619222005263 -0.0
  outer loop
    vertex 81.28992501923052 39.144746689567064 2.0000000000000018
    vertex 81.6 41.5 2.999999999999995
    vertex 81.6 41.5 2.0000000000000018
  endloop
endfacet
facet normal -0.9914448613738105 -0.13052619222005232 -0.0
  outer loop
    vertex 81.28992501923052 43.855253310432936 2.999999999999995
    vertex 81.6 41.5 2.0000000000000018
    vertex 81.6 41.5 2.999999999999995
  endloop
endfacet
facet normal -0.9914448613738105 -0.13052619222005232 -0.0
  outer loop
    vertex 81.6 41.5 2.0000000000000018
    vertex 81.28992501923052 43.855253310432936 2.999999999999995
    vertex 81.28992501923052 43.855253310432936 2.0000000000000018
  endloop
endfacet
facet normal 0.0 0.0 1.0
  outer loop
    vertex 94.95 33.61916882556162 2.0000000000000133
    vertex 95.63629669484375 40.46472381958995 2.0000000000000133
    vertex 95.50000000000003 41.50000000000003 2.0000000000000133
  endloop
endfacet
facet normal 0.0 0.0 1.0
  outer loop
    vertex 95.63629669484375 40.46472381958995 2.0000000000000133
    vertex 94.95 33.61916882556162 2.0000000000000133
    vertex 97.14474668956707 32.71007498076949 2.0000000000000133
  endloop
endfacet
facet normal 0.0 0.0 1.0
  outer loop
    vertex 95.63629669484375 40.46472381958995 2.0000000000000133
    vertex 97.14474668956707 32.71007498076949 2.0000000000000133
    vertex 96.03589838486229 39.50000000000004 2.0000000000000133
  endloop
endfacet
facet normal 0.0 0.0 1.0
  outer loop
    vertex 96.03589838486229 39.50000000000004 2.0000000000000133
    vertex 97.14474668956707 32.71007498076949 2.0000000000000133
    vertex 96.67157287525384 38.671572875253865 2.0000000000000133
  endloop
endfacet
facet normal 0.0 0.0 1.0
  outer loop
    vertex 96.67157287525384 38.671572875253865 2.0000000000000133
    vertex 97.14474668956707 32.71007498076949 2.0000000000000133
    vertex 97.50000000000004 38.03589838486231 2.0000000000000133
  endloop
endfacet
facet normal 0.0 0.0 1.0
  outer loop
    vertex 97.50000000000004 38.03589838486231 2.0000000000000133
    vertex 97.14474668956707 32.71007498076949 2.0000000000000133
    vertex 99.50000000000001 32.400000000000006 2.0000000000000133
  endloop
endfacet
facet normal 0.0 0.0 1.0
  outer loop
    vertex 97.50000000000004 38.03589838486231 2.0000000000000133
    vertex 99.50000000000001 32.400000000000006 2.0000000000000133
    vertex 98.46472381958995 37.63629669484379 2.0000000000000133
  endloop
endfacet
facet normal 0.0 0.0 1.0
  outer loop
    vertex 98.46472381958995 37.63629669484379 2.0000000000000133
    vertex 99.50000000000001 32.400000000000006 2.0000000000000133
    vertex 99.50000000000003 37.50000000000007 2.0000000000000133
  endloop
endfacet
facet normal 0.0 0.0 1.0
  outer loop
    vertex 99.50000000000003 37.50000000000007 2.0000000000000133
    vertex 99.50000000000001 32.400000000000006 2.0000000000000133
    vertex 101.85525331043294 32.71007498076949 2.0000000000000133
  endloop
endfacet
facet normal 0.0 0.0 1.0
  outer loop
    vertex 99.50000000000003 37.50000000000007 2.0000000000000133
    vertex 101.85525331043294 32.71007498076949 2.0000000000000133
    vertex 100.53527618041011 37.63629669484381 2.0000000000000133
  endloop
endfacet
facet normal 0.0 0.0 1.0
  outer loop
    vertex 100.53527618041011 37.63629669484381 2.0000000000000133
    vertex 101.85525331043294 32.71007498076949 2.0000000000000133
    vertex 101.50000000000003 38.03589838486233 2.0000000000000133
  endloop
endfacet
facet normal 0.0 0.0 1.0
  outer loop
    vertex 101.50000000000003 38.03589838486233 2.0000000000000133
    vertex 101.85525331043294 32.71007498076949 2.0000000000000133
    vertex 102.32842712474621 38.671572875253894 2.0000000000000133
  endloop
endfacet
facet normal 0.0 0.0 1.0
  outer loop
    vertex 102.32842712474621 38.671572875253894 2.0000000000000133
    vertex 101.85525331043294 32.71007498076949 2.0000000000000133
    vertex 104.05 33.619168825561616 2.0000000000000133
  endloop
endfacet
facet normal 0.0 0.0 1.0
  outer loop
    vertex 102.32842712474621 38.671572875253894 2.0000000000000133
    vertex 104.05 33.619168825561616 2.0000000000000133
    vertex 102.96410161513778 39.500000000000085 2.0000000000000133
  endloop
endfacet
facet normal 0.0 0.0 1.0
  outer loop
    vertex 102.96410161513778 39.500000000000085 2.0000000000000133
    vertex 104.05 33.619168825561616 2.0000000000000133
    vertex 103.36370330515626 40.46472381959 2.0000000000000133
  endloop
endfacet
facet normal 0.0 0.0 1.0
  outer loop
    vertex 103.36370330515626 40.46472381959 2.0000000000000133
    vertex 104.05 33.619168825561616 2.0000000000000133
    vertex 103.49999999999999 41.500000000000085 2.0000000000000133
  endloop
endfacet
facet normal 0.0 0.0 1.0
  outer loop
    vertex 90.71007498076949 39.144746689567064 2.0000000000000133
    vertex 90.71007498076949 43.855253310432936 2.0000000000000133
    vertex 90.40000000000002 41.5 2.0000000000000133
  endloop
endfacet
facet normal 0.0 0.0 1.0
  outer loop
    vertex 90.71007498076949 43.855253310432936 2.0000000000000133
    vertex 90.71007498076949 39.144746689567064 2.0000000000000133
    vertex 91.61916882556162 36.95000000000001 2.0000000000000133
  endloop
endfacet
facet normal 0.0 0.0 1.0
  outer loop
    vertex 90.71007498076949 43.855253310432936 2.0000000000000133
    vertex 91.61916882556162 36.95000000000001 2.0000000000000133
    vertex 91.61916882556162 46.05 2.0000000000000133
  endloop
endfacet
facet normal 0.0 0.0 1.0
  outer loop
    vertex 91.61916882556162 46.05 2.0000000000000133
    vertex 91.61916882556162 36.95000000000001 2.0000000000000133
    vertex 93.06532829120243 35.065328291202434 2.0000000000000133
  endloop
endfacet
facet normal 0.0 0.0 1.0
  outer loop
    vertex 91.61916882556162 46.05 2.0000000000000133
    vertex 93.06532829120243 35.065328291202434 2.0000000000000133
    vertex 93.06532829120242 47.93467170879757 2.0000000000000133
  endloop
endfacet
facet normal 0.0 0.0 1.0
  outer loop
    vertex 93.06532829120242 47.93467170879757 2.0000000000000133
    vertex 93.06532829120243 35.065328291202434 2.0000000000000133
    vertex 94.94999999999999 49.380831174438384 2.0000000000000133
  endloop
endfacet
facet normal 0.0 0.0 1.0
  outer loop
    vertex 94.94999999999999 49.380831174438384 2.0000000000000133
    vertex 93.06532829120243 35.065328291202434 2.0000000000000133
    vertex 94.95 33.61916882556162 2.0000000000000133
  endloop
endfacet
facet normal 0.0 0.0 1.0
  outer loop
    vertex 94.94999999999999 49.380831174438384 2.0000000000000133
    vertex 94.95 33.61916882556162 2.0000000000000133
    vertex 95.50000000000003 41.50000000000003 2.0000000000000133
  endloop
endfacet
facet normal 0.0 0.0 1.0
  outer loop
    vertex 94.94999999999999 49.380831174438384 2.0000000000000133
    vertex 95.50000000000003 41.50000000000003 2.0000000000000133
    vertex 95.63629669484375 42.535276180410115 2.0000000000000133
  endloop
endfacet
facet normal 0.0 0.0 1.0
  outer loop
    vertex 94.94999999999999 49.380831174438384 2.0000000000000133
    vertex 95.63629669484375 42.535276180410115 2.0000000000000133
    vertex 97.14474668956706 50.289925019230516 2.0000000000000133
  endloop
endfacet
facet normal 0.0 0.0 1.0
  outer loop
    vertex 97.14474668956706 50.289925019230516 2.0000000000000133
    vertex 95.63629669484375 42.535276180410115 2.0000000000000133
    vertex 96.03589838486225 43.500000000000036 2.0000000000000133
  endloop
endfacet
facet normal 0.0 0.0 1.0
  outer loop
    vertex 97.14474668956706 50.289925019230516 2.0000000000000133
    vertex 96.03589838486225 43.500000000000036 2.0000000000000133
    vertex 96.67157287525382 44.32842712474622 2.0000000000000133
  endloop
endfacet
facet normal 0.0 0.0 1.0
  outer loop
    vertex 97.14474668956706 50.289925019230516 2.0000000000000133
    vertex 96.67157287525382 44.32842712474622 2.0000000000000133
    vertex 97.49999999999999 44.964101615137785 2.0000000000000133
  endloop
endfacet
facet normal 0.0 0.0 1.0
  outer loop
    vertex 97.14474668956706 50.289925019230516 2.0000000000000133
    vertex 97.49999999999999 44.964101615137785 2.0000000000000133
    vertex 99.50000000000001 50.599999999999994 2.0000000000000133
  endloop
endfacet
facet normal 0.0 0.0 1.0
  outer loop
    vertex 99.50000000000001 50.599999999999994 2.0000000000000133
    vertex 97.49999999999999 44.964101615137785 2.0000000000000133
    vertex 98.4647238195899 45.363703305156314 2.0000000000000133
  endloop
endfacet
facet normal 0.0 0.0 1.0
  outer loop
    vertex 99.50000000000001 50.599999999999994 2.0000000000000133
    vertex 98.4647238195899 45.363703305156314 2.0000000000000133
    vertex 99.49999999999999 45.50000000000005 2.0000000000000133
  endloop
endfacet
facet normal 0.0 0.0 1.0
  outer loop
    vertex 99.50000000000001 50.599999999999994 2.0000000000000133
    vertex 99.49999999999999 45.50000000000005 2.0000000000000133
    vertex 100.53527618041007 45.36370330515633 2.0000000000000133
  endloop
endfacet
facet normal 0.0 0.0 1.0
  outer loop
    vertex 99.50000000000001 50.599999999999994 2.0000000000000133
    vertex 100.53527618041007 45.36370330515633 2.0000000000000133
    vertex 101.85525331043294 50.289925019230516 2.0000000000000133
  endloop
endfacet
facet normal 0.0 0.0 1.0
  outer loop
    vertex 101.85525331043294 50.289925019230516 2.0000000000000133
    vertex 100.53527618041007 45.36370330515633 2.0000000000000133
    vertex 101.49999999999999 44.964101615137814 2.0000000000000133
  endloop
endfacet
facet normal 0.0 0.0 1.0
  outer loop
    vertex 101.85525331043294 50.289925019230516 2.0000000000000133
    vertex 101.49999999999999 44.964101615137814 2.0000000000000133
    vertex 102.32842712474617 44.328427124746256 2.0000000000000133
  endloop
endfacet
facet normal 0.0 0.0 1.0
  outer loop
    vertex 101.85525331043294 50.289925019230516 2.0000000000000133
    vertex 102.32842712474617 44.328427124746256 2.0000000000000133
    vertex 104.05 49.38083117443839 2.0000000000000133
  endloop
endfacet
facet normal 0.0 0.0 1.0
  outer loop
    vertex 104.05 49.38083117443839 2.0000000000000133
    vertex 102.32842712474617 44.328427124746256 2.0000000000000133
    vertex 102.96410161513775 43.50000000000007 2.0000000000000133
  endloop
endfacet
facet normal 0.0 0.0 1.0
  outer loop
    vertex 104.05 49.38083117443839 2.0000000000000133
    vertex 102.96410161513775 43.50000000000007 2.0000000000000133
    vertex 103.36370330515626 42.535276180410165 2.0000000000000133
  endloop
endfacet
facet normal 0.0 0.0 1.0
  outer loop
    vertex 104.05 49.38083117443839 2.0000000000000133
    vertex 103.36370330515626 42.535276180410165 2.0000000000000133
    vertex 103.49999999999999 41.500000000000085 2.0000000000000133
  endloop
endfacet
facet normal 0.0 0.0 1.0
  outer loop
    vertex 104.05 49.38083117443839 2.0000000000000133
    vertex 103.49999999999999 41.500000000000085 2.0000000000000133
    vertex 104.05 33.619168825561616 2.0000000000000133
  endloop
endfacet
facet normal 0.0 0.0 1.0
  outer loop
    vertex 104.05 49.38083117443839 2.0000000000000133
    vertex 104.05 33.619168825561616 2.0000000000000133
    vertex 105.9346717087976 35.06532829120243 2.0000000000000133
  endloop
endfacet
facet normal 0.0 0.0 1.0
  outer loop
    vertex 104.05 49.38083117443839 2.0000000000000133
    vertex 105.9346717087976 35.06532829120243 2.0000000000000133
    vertex 105.9346717087976 47.93467170879758 2.0000000000000133
  endloop
endfacet
facet normal 0.0 0.0 1.0
  outer loop
    vertex 105.9346717087976 47.93467170879758 2.0000000000000133
    vertex 105.9346717087976 35.06532829120243 2.0000000000000133
    vertex 107.3808311744384 36.95 2.0000000000000133
  endloop
endfacet
facet normal 0.0 0.0 1.0
  outer loop
    vertex 105.9346717087976 47.93467170879758 2.0000000000000133
    vertex 107.3808311744384 36.95 2.0000000000000133
    vertex 107.3808311744384 46.05 2.0000000000000133
  endloop
endfacet
facet normal 0.0 0.0 1.0
  outer loop
    vertex 107.3808311744384 46.05 2.0000000000000133
    vertex 107.3808311744384 36.95 2.0000000000000133
    vertex 108.28992501923054 39.144746689567064 2.0000000000000133
  endloop
endfacet
facet normal 0.0 0.0 1.0
  outer loop
    vertex 107.3808311744384 46.05 2.0000000000000133
    vertex 108.28992501923054 39.144746689567064 2.0000000000000133
    vertex 108.28992501923054 43.85525331043294 2.0000000000000133
  endloop
endfacet
facet normal 0.0 0.0 1.0
  outer loop
    vertex 108.28992501923054 43.85525331043294 2.0000000000000133
    vertex 108.28992501923054 39.144746689567064 2.0000000000000133
    vertex 108.60000000000001 41.5 2.0000000000000133
  endloop
endfacet
facet normal -0.6087614290087197 -0.7933533402912359 -0.0
  outer loop
    vertex 105.9346717087976 47.93467170879758 3.0000000000000124
    vertex 104.05 49.38083117443839 2.0000000000000133
    vertex 105.9346717087976 47.93467170879758 2.0000000000000133
  endloop
endfacet
facet normal -0.6087614290087197 -0.7933533402912359 -0.0
  outer loop
    vertex 104.05 49.38083117443839 2.0000000000000133
    vertex 105.9346717087976 47.93467170879758 3.0000000000000124
    vertex 104.05 49.38083117443839 3.0000000000000124
  endloop
endfacet
facet normal -0.38268343236508967 -0.923879532511287 -0.0
  outer loop
    vertex 104.05 49.38083117443839 3.0000000000000124
    vertex 101.85525331043294 50.289925019230516 2.0000000000000133
    vertex 104.05 49.38083117443839 2.0000000000000133
  endloop
endfacet
facet normal -0.38268343236508967 -0.923879532511287 -0.0
  outer loop
    vertex 101.85525331043294 50.289925019230516 2.0000000000000133
    vertex 104.05 49.38083117443839 3.0000000000000124
    vertex 101.85525331043294 50.289925019230516 3.0000000000000124
  endloop
endfacet
facet normal -0.13052619222005263 -0.9914448613738104 -0.0
  outer loop
    vertex 101.85525331043294 50.289925019230516 3.0000000000000124
    vertex 99.50000000000001 50.599999999999994 2.0000000000000133
    vertex 101.85525331043294 50.289925019230516 2.0000000000000133
  endloop
endfacet
facet normal -0.13052619222005263 -0.9914448613738104 -0.0
  outer loop
    vertex 99.50000000000001 50.599999999999994 2.0000000000000133
    vertex 101.85525331043294 50.289925019230516 3.0000000000000124
    vertex 99.50000000000001 50.599999999999994 3.0000000000000124
  endloop
endfacet
facet normal 0.130526192220052 -0.9914448613738104 -0.0
  outer loop
    vertex 99.50000000000001 50.599999999999994 3.0000000000000124
    vertex 97.14474668956706 50.289925019230516 2.0000000000000133
    vertex 99.50000000000001 50.599999999999994 2.0000000000000133
  endloop
endfacet
facet normal 0.130526192220052 -0.9914448613738104 -0.0
  outer loop
    vertex 97.14474668956706 50.289925019230516 2.0000000000000133
    vertex 99.50000000000001 50.599999999999994 3.0000000000000124
    vertex 97.14474668956706 50.289925019230516 3.0000000000000124
  endloop
endfacet
facet normal 0.38268343236508995 -0.9238795325112867 -0.0
  outer loop
    vertex 97.14474668956706 50.289925019230516 3.0000000000000124
    vertex 94.94999999999999 49.380831174438384 2.0000000000000133
    vertex 97.14474668956706 50.289925019230516 2.0000000000000133
  endloop
endfacet
facet normal 0.38268343236508995 -0.9238795325112867 -0.0
  outer loop
    vertex 94.94999999999999 49.380831174438384 2.0000000000000133
    vertex 97.14474668956706 50.289925019230516 3.0000000000000124
    vertex 94.94999999999999 49.380831174438384 3.0000000000000124
  endloop
endfacet
facet normal 0.608761429008722 -0.7933533402912343 -0.0
  outer loop
    vertex 94.94999999999999 49.380831174438384 3.0000000000000124
    vertex 93.06532829120242 47.93467170879757 2.0000000000000133
    vertex 94.94999999999999 49.380831174438384 2.0000000000000133
  endloop
endfacet
facet normal 0.608761429008722 -0.7933533402912343 -0.0
  outer loop
    vertex 93.06532829120242 47.93467170879757 2.0000000000000133
    vertex 94.94999999999999 49.380831174438384 3.0000000000000124
    vertex 93.06532829120242 47.93467170879757 3.0000000000000124
  endloop
endfacet
facet normal 0.7933533402912363 -0.6087614290087193 -0.0
  outer loop
    vertex 93.06532829120242 47.93467170879757 2.0000000000000133
    vertex 91.61916882556162 46.05 3.0000000000000124
    vertex 91.61916882556162 46.05 2.0000000000000133
  endloop
endfacet
facet normal 0.7933533402912363 -0.6087614290087193 -0.0
  outer loop
    vertex 91.61916882556162 46.05 3.0000000000000124
    vertex 93.06532829120242 47.93467170879757 2.0000000000000133
    vertex 93.06532829120242 47.93467170879757 3.0000000000000124
  endloop
endfacet
facet normal 0.9238795325112876 -0.38268343236508756 -0.0
  outer loop
    vertex 91.61916882556162 46.05 2.0000000000000133
    vertex 90.71007498076949 43.855253310432936 3.0000000000000124
    vertex 90.71007498076949 43.855253310432936 2.0000000000000133
  endloop
endfacet
facet normal 0.9238795325112876 -0.38268343236508756 -0.0
  outer loop
    vertex 90.71007498076949 43.855253310432936 3.0000000000000124
    vertex 91.61916882556162 46.05 2.0000000000000133
    vertex 91.61916882556162 46.05 3.0000000000000124
  endloop
endfacet
facet normal 0.9914448613738104 -0.13052619222005263 -0.0
  outer loop
    vertex 90.71007498076949 43.855253310432936 2.0000000000000133
    vertex 90.40000000000002 41.5 3.0000000000000124
    vertex 90.40000000000002 41.5 2.0000000000000133
  endloop
endfacet
facet normal 0.9914448613738104 -0.13052619222005263 -0.0
  outer loop
    vertex 90.40000000000002 41.5 3.0000000000000124
    vertex 90.71007498076949 43.855253310432936 2.0000000000000133
    vertex 90.71007498076949 43.855253310432936 3.0000000000000124
  endloop
endfacet
facet normal 0.9914448613738104 0.13052619222005263 0.0
  outer loop
    vertex 90.40000000000002 41.5 2.0000000000000133
    vertex 90.71007498076949 39.144746689567064 3.0000000000000124
    vertex 90.71007498076949 39.144746689567064 2.0000000000000133
  endloop
endfacet
facet normal 0.9914448613738104 0.13052619222005263 0.0
  outer loop
    vertex 90.71007498076949 39.144746689567064 3.0000000000000124
    vertex 90.40000000000002 41.5 2.0000000000000133
    vertex 90.40000000000002 41.5 3.0000000000000124
  endloop
endfacet
facet normal 0.9238795325112876 0.38268343236508756 0.0
  outer loop
    vertex 90.71007498076949 39.144746689567064 2.0000000000000133
    vertex 91.61916882556162 36.95000000000001 3.0000000000000124
    vertex 91.61916882556162 36.95000000000001 2.0000000000000133
  endloop
endfacet
facet normal 0.9238795325112876 0.38268343236508756 0.0
  outer loop
    vertex 91.61916882556162 36.95000000000001 3.0000000000000124
    vertex 90.71007498076949 39.144746689567064 2.0000000000000133
    vertex 90.71007498076949 39.144746689567064 3.0000000000000124
  endloop
endfacet
facet normal 0.793353340291234 0.6087614290087223 0.0
  outer loop
    vertex 91.61916882556162 36.95000000000001 2.0000000000000133
    vertex 93.06532829120243 35.065328291202434 3.0000000000000124
    vertex 93.06532829120243 35.065328291202434 2.0000000000000133
  endloop
endfacet
facet normal 0.793353340291234 0.6087614290087223 0.0
  outer loop
    vertex 93.06532829120243 35.065328291202434 3.0000000000000124
    vertex 91.61916882556162 36.95000000000001 2.0000000000000133
    vertex 91.61916882556162 36.95000000000001 3.0000000000000124
  endloop
endfacet
facet normal 0.608761429008722 0.7933533402912343 0.0
  outer loop
    vertex 93.06532829120243 35.065328291202434 3.0000000000000124
    vertex 94.95 33.61916882556162 2.0000000000000133
    vertex 93.06532829120243 35.065328291202434 2.0000000000000133
  endloop
endfacet
facet normal 0.608761429008722 0.7933533402912343 0.0
  outer loop
    vertex 94.95 33.61916882556162 2.0000000000000133
    vertex 93.06532829120243 35.065328291202434 3.0000000000000124
    vertex 94.95 33.61916882556162 3.0000000000000124
  endloop
endfacet
facet normal 0.38268343236508995 0.9238795325112867 0.0
  outer loop
    vertex 94.95 33.61916882556162 3.0000000000000124
    vertex 97.14474668956707 32.71007498076949 2.0000000000000133
    vertex 94.95 33.61916882556162 2.0000000000000133
  endloop
endfacet
facet normal 0.38268343236508995 0.9238795325112867 0.0
  outer loop
    vertex 97.14474668956707 32.71007498076949 2.0000000000000133
    vertex 94.95 33.61916882556162 3.0000000000000124
    vertex 97.14474668956707 32.71007498076949 3.0000000000000124
  endloop
endfacet
facet normal 0.13052619222005263 0.9914448613738104 0.0
  outer loop
    vertex 97.14474668956707 32.71007498076949 3.0000000000000124
    vertex 99.50000000000001 32.400000000000006 2.0000000000000133
    vertex 97.14474668956707 32.71007498076949 2.0000000000000133
  endloop
endfacet
facet normal 0.13052619222005263 0.9914448613738104 0.0
  outer loop
    vertex 99.50000000000001 32.400000000000006 2.0000000000000133
    vertex 97.14474668956707 32.71007498076949 3.0000000000000124
    vertex 99.50000000000001 32.400000000000006 3.0000000000000124
  endloop
endfacet
facet normal -0.13052619222005263 0.9914448613738104 -0.0
  outer loop
    vertex 99.50000000000001 32.400000000000006 3.0000000000000124
    vertex 101.85525331043294 32.71007498076949 2.0000000000000133
    vertex 99.50000000000001 32.400000000000006 2.0000000000000133
  endloop
endfacet
facet normal -0.13052619222005263 0.9914448613738104 -0.0
  outer loop
    vertex 101.85525331043294 32.71007498076949 2.0000000000000133
    vertex 99.50000000000001 32.400000000000006 3.0000000000000124
    vertex 101.85525331043294 32.71007498076949 3.0000000000000124
  endloop
endfacet
facet normal -0.38268343236508967 0.923879532511287 -0.0
  outer loop
    vertex 101.85525331043294 32.71007498076949 3.0000000000000124
    vertex 104.05 33.619168825561616 2.0000000000000133
    vertex 101.85525331043294 32.71007498076949 2.0000000000000133
  endloop
endfacet
facet normal -0.38268343236508967 0.923879532511287 -0.0
  outer loop
    vertex 104.05 33.619168825561616 2.0000000000000133
    vertex 101.85525331043294 32.71007498076949 3.0000000000000124
    vertex 104.05 33.619168825561616 3.0000000000000124
  endloop
endfacet
facet normal -0.6087614290087197 0.7933533402912359 -0.0
  outer loop
    vertex 104.05 33.619168825561616 3.0000000000000124
    vertex 105.9346717087976 35.06532829120243 2.0000000000000133
    vertex 104.05 33.619168825561616 2.0000000000000133
  endloop
endfacet
facet normal -0.6087614290087197 0.7933533402912359 -0.0
  outer loop
    vertex 105.9346717087976 35.06532829120243 2.0000000000000133
    vertex 104.05 33.619168825561616 3.0000000000000124
    vertex 105.9346717087976 35.06532829120243 3.0000000000000124
  endloop
endfacet
facet normal -0.793353340291234 0.6087614290087223 -0.0
  outer loop
    vertex 107.3808311744384 36.95 3.0000000000000124
    vertex 105.9346717087976 35.06532829120243 2.0000000000000133
    vertex 105.9346717087976 35.06532829120243 3.0000000000000124
  endloop
endfacet
facet normal -0.793353340291234 0.6087614290087223 -0.0
  outer loop
    vertex 105.9346717087976 35.06532829120243 2.0000000000000133
    vertex 107.3808311744384 36.95 3.0000000000000124
    vertex 107.3808311744384 36.95 2.0000000000000133
  endloop
endfacet
facet normal -0.9238795325112863 0.3826834323650908 -0.0
  outer loop
    vertex 108.28992501923054 39.144746689567064 3.0000000000000124
    vertex 107.3808311744384 36.95 2.0000000000000133
    vertex 107.3808311744384 36.95 3.0000000000000124
  endloop
endfacet
facet normal -0.9238795325112863 0.3826834323650908 -0.0
  outer loop
    vertex 107.3808311744384 36.95 2.0000000000000133
    vertex 108.28992501923054 39.144746689567064 3.0000000000000124
    vertex 108.28992501923054 39.144746689567064 2.0000000000000133
  endloop
endfacet
facet normal -0.991444861373811 0.13052619222004797 -0.0
  outer loop
    vertex 108.60000000000001 41.5 3.0000000000000124
    vertex 108.28992501923054 39.144746689567064 2.0000000000000133
    vertex 108.28992501923054 39.144746689567064 3.0000000000000124
  endloop
endfacet
facet normal -0.991444861373811 0.13052619222004797 -0.0
  outer loop
    vertex 108.28992501923054 39.144746689567064 2.0000000000000133
    vertex 108.60000000000001 41.5 3.0000000000000124
    vertex 108.60000000000001 41.5 2.0000000000000133
  endloop
endfacet
facet normal -0.991444861373811 -0.13052619222004763 -0.0
  outer loop
    vertex 108.28992501923054 43.85525331043294 3.0000000000000124
    vertex 108.60000000000001 41.5 2.0000000000000133
    vertex 108.60000000000001 41.5 3.0000000000000124
  endloop
endfacet
facet normal -0.991444861373811 -0.13052619222004763 -0.0
  outer loop
    vertex 108.60000000000001 41.5 2.0000000000000133
    vertex 108.28992501923054 43.85525331043294 3.0000000000000124
    vertex 108.28992501923054 43.85525331043294 2.0000000000000133
  endloop
endfacet
facet normal -0.923879532511286 -0.3826834323650916 -0.0
  outer loop
    vertex 107.3808311744384 46.05 3.0000000000000124
    vertex 108.28992501923054 43.85525331043294 2.0000000000000133
    vertex 108.28992501923054 43.85525331043294 3.0000000000000124
  endloop
endfacet
facet normal -0.923879532511286 -0.3826834323650916 -0.0
  outer loop
    vertex 108.28992501923054 43.85525331043294 2.0000000000000133
    vertex 107.3808311744384 46.05 3.0000000000000124
    vertex 107.3808311744384 46.05 2.0000000000000133
  endloop
endfacet
facet normal -0.793353340291234 -0.6087614290087223 -0.0
  outer loop
    vertex 105.9346717087976 47.93467170879758 3.0000000000000124
    vertex 107.3808311744384 46.05 2.0000000000000133
    vertex 107.3808311744384 46.05 3.0000000000000124
  endloop
endfacet
facet normal -0.793353340291234 -0.6087614290087223 -0.0
  outer loop
    vertex 107.3808311744384 46.05 2.0000000000000133
    vertex 105.9346717087976 47.93467170879758 3.0000000000000124
    vertex 105.9346717087976 47.93467170879758 2.0000000000000133
  endloop
endfacet
facet normal 6.273933698377567e-32 -1.254786739675513e-31 1.0
  outer loop
    vertex 15.360741064560518 40.65883810341681 8.999999999999996
    vertex 15.360741064560518 42.341161896583195 8.999999999999996
    vertex 15.249999999999991 41.5 8.999999999999996
  endloop
endfacet
facet normal 6.273933698377567e-32 -1.254786739675513e-31 1.0
  outer loop
    vertex 15.360741064560518 42.341161896583195 8.999999999999996
    vertex 15.360741064560518 40.65883810341681 8.999999999999996
    vertex 15.685417437700565 39.875 8.999999999999996
  endloop
endfacet
facet normal 6.273933698377567e-32 -1.254786739675513e-31 1.0
  outer loop
    vertex 15.360741064560518 42.341161896583195 8.999999999999996
    vertex 15.685417437700565 39.875 8.999999999999996
    vertex 15.685417437700565 43.125 8.999999999999996
  endloop
endfacet
facet normal 6.273933698377567e-32 -1.254786739675513e-31 1.0
  outer loop
    vertex 15.685417437700565 43.125 8.999999999999996
    vertex 15.685417437700565 39.875 8.999999999999996
    vertex 16.201902961143713 39.20190296114372 8.999999999999996
  endloop
endfacet
facet normal 6.273933698377567e-32 -1.254786739675513e-31 1.0
  outer loop
    vertex 15.685417437700565 43.125 8.999999999999996
    vertex 16.201902961143713 39.20190296114372 8.999999999999996
    vertex 16.201902961143713 43.798097038856284 8.999999999999996
  endloop
endfacet
facet normal 6.273933698377567e-32 -1.254786739675513e-31 1.0
  outer loop
    vertex 16.201902961143713 43.798097038856284 8.999999999999996
    vertex 16.201902961143713 39.20190296114372 8.999999999999996
    vertex 16.874999999999993 38.68541743770058 8.999999999999996
  endloop
endfacet
facet normal 6.273933698377567e-32 -1.254786739675513e-31 1.0
  outer loop
    vertex 16.201902961143713 43.798097038856284 8.999999999999996
    vertex 16.874999999999993 38.68541743770058 8.999999999999996
    vertex 16.874999999999993 44.31458256229943 8.999999999999996
  endloop
endfacet
facet normal 6.273933698377567e-32 -1.254786739675513e-31 1.0
  outer loop
    vertex 16.874999999999993 44.31458256229943 8.999999999999996
    vertex 16.874999999999993 38.68541743770058 8.999999999999996
    vertex 17.658838103416798 38.360741064560536 8.999999999999996
  endloop
endfacet
facet normal 6.273933698377567e-32 -1.254786739675513e-31 1.0
  outer loop
    vertex 16.874999999999993 44.31458256229943 8.999999999999996
    vertex 17.658838103416798 38.360741064560536 8.999999999999996
    vertex 17.658838103416798 44.63925893543947 8.999999999999996
  endloop
endfacet
facet normal 6.273933698377567e-32 -1.254786739675513e-31 1.0
  outer loop
    vertex 17.658838103416798 44.63925893543947 8.999999999999996
    vertex 17.658838103416798 38.360741064560536 8.999999999999996
    vertex 18.499999999999993 38.25 8.999999999999996
  endloop
endfacet
facet normal 6.273933698377567e-32 -1.254786739675513e-31 1.0
  outer loop
    vertex 17.658838103416798 44.63925893543947 8.999999999999996
    vertex 18.499999999999993 38.25 8.999999999999996
    vertex 18.499999999999993 44.75 8.999999999999996
  endloop
endfacet
facet normal 6.273933698377567e-32 -1.254786739675513e-31 1.0
  outer loop
    vertex 18.499999999999993 44.75 8.999999999999996
    vertex 18.499999999999993 38.25 8.999999999999996
    vertex 19.341161896583184 38.360741064560536 8.999999999999996
  endloop
endfacet
facet normal 6.273933698377567e-32 -1.254786739675513e-31 1.0
  outer loop
    vertex 18.499999999999993 44.75 8.999999999999996
    vertex 19.341161896583184 38.360741064560536 8.999999999999996
    vertex 19.34116189658318 44.63925893543947 8.999999999999996
  endloop
endfacet
facet normal 6.273933698377567e-32 -1.254786739675513e-31 1.0
  outer loop
    vertex 19.34116189658318 44.63925893543947 8.999999999999996
    vertex 19.341161896583184 38.360741064560536 8.999999999999996
    vertex 20.12499999999999 44.31458256229943 8.999999999999996
  endloop
endfacet
facet normal 6.273933698377567e-32 -1.254786739675513e-31 1.0
  outer loop
    vertex 20.12499999999999 44.31458256229943 8.999999999999996
    vertex 19.341161896583184 38.360741064560536 8.999999999999996
    vertex 20.124999999999993 38.68541743770058 8.999999999999996
  endloop
endfacet
facet normal 6.273933698377567e-32 -1.254786739675513e-31 1.0
  outer loop
    vertex 20.12499999999999 44.31458256229943 8.999999999999996
    vertex 20.124999999999993 38.68541743770058 8.999999999999996
    vertex 20.79809703885627 43.798097038856284 8.999999999999996
  endloop
endfacet
facet normal 6.273933698377567e-32 -1.254786739675513e-31 1.0
  outer loop
    vertex 20.79809703885627 43.798097038856284 8.999999999999996
    vertex 20.124999999999993 38.68541743770058 8.999999999999996
    vertex 20.79809703885627 39.20190296114372 8.999999999999996
  endloop
endfacet
facet normal 6.273933698377567e-32 -1.254786739675513e-31 1.0
  outer loop
    vertex 20.79809703885627 43.798097038856284 8.999999999999996
    vertex 20.79809703885627 39.20190296114372 8.999999999999996
    vertex 21.314582562299417 39.87500000000001 8.999999999999996
  endloop
endfacet
facet normal 6.273933698377567e-32 -1.254786739675513e-31 1.0
  outer loop
    vertex 20.79809703885627 43.798097038856284 8.999999999999996
    vertex 21.314582562299417 39.87500000000001 8.999999999999996
    vertex 21.314582562299414 43.12500000000001 8.999999999999996
  endloop
endfacet
facet normal 6.273933698377567e-32 -1.254786739675513e-31 1.0
  outer loop
    vertex 21.314582562299414 43.12500000000001 8.999999999999996
    vertex 21.314582562299417 39.87500000000001 8.999999999999996
    vertex 21.63925893543946 42.3411618965832 8.999999999999996
  endloop
endfacet
facet normal 6.273933698377567e-32 -1.254786739675513e-31 1.0
  outer loop
    vertex 21.63925893543946 42.3411618965832 8.999999999999996
    vertex 21.314582562299417 39.87500000000001 8.999999999999996
    vertex 21.639258935439464 40.65883810341681 8.999999999999996
  endloop
endfacet
facet normal 6.273933698377567e-32 -1.254786739675513e-31 1.0
  outer loop
    vertex 21.63925893543946 42.3411618965832 8.999999999999996
    vertex 21.639258935439464 40.65883810341681 8.999999999999996
    vertex 21.749999999999993 41.5 8.999999999999996
  endloop
endfacet
facet normal 0.7955994872855149 0.10474265958039239 0.5966996154641396
  outer loop
    vertex 22.499999999999993 41.50000000000002 7.999999999999996
    vertex 21.63925893543946 42.3411618965832 8.999999999999996
    vertex 21.749999999999993 41.5 8.999999999999996
  endloop
endfacet
facet normal 0.7955994872855149 0.10474265958039239 0.5966996154641396
  outer loop
    vertex 21.63925893543946 42.3411618965832 8.999999999999996
    vertex 22.499999999999993 41.50000000000002 7.999999999999996
    vertex 22.363703305156264 42.53527618041011 7.999999999999996
  endloop
endfacet
facet normal 0.7413806970173229 0.3070899395861992 0.5966996154641403
  outer loop
    vertex 22.363703305156264 42.53527618041011 7.999999999999996
    vertex 21.314582562299414 43.12500000000001 8.999999999999996
    vertex 21.63925893543946 42.3411618965832 8.999999999999996
  endloop
endfacet
facet normal 0.7413806970173229 0.3070899395861992 0.5966996154641403
  outer loop
    vertex 21.314582562299414 43.12500000000001 8.999999999999996
    vertex 22.363703305156264 42.53527618041011 7.999999999999996
    vertex 21.96410161513774 43.500000000000014 7.999999999999996
  endloop
endfacet
facet normal 0.6366380374369336 0.48850954769932076 0.5966996154641417
  outer loop
    vertex 21.96410161513774 43.500000000000014 7.999999999999996
    vertex 20.79809703885627 43.798097038856284 8.999999999999996
    vertex 21.314582562299414 43.12500000000001 8.999999999999996
  endloop
endfacet
facet normal 0.6366380374369336 0.48850954769932076 0.5966996154641417
  outer loop
    vertex 20.79809703885627 43.798097038856284 8.999999999999996
    vertex 21.96410161513774 43.500000000000014 7.999999999999996
    vertex 21.32842712474617 44.328427124746206 7.999999999999996
  endloop
endfacet
facet normal 0.48850954769931765 0.6366380374369375 0.5966996154641402
  outer loop
    vertex 20.12499999999999 44.31458256229943 8.999999999999996
    vertex 21.32842712474617 44.328427124746206 7.999999999999996
    vertex 20.499999999999975 44.96410161513777 7.999999999999996
  endloop
endfacet
facet normal 0.48850954769931765 0.6366380374369375 0.5966996154641402
  outer loop
    vertex 21.32842712474617 44.328427124746206 7.999999999999996
    vertex 20.12499999999999 44.31458256229943 8.999999999999996
    vertex 20.79809703885627 43.798097038856284 8.999999999999996
  endloop
endfacet
facet normal 0.3070899395861899 0.7413806970173277 0.5966996154641393
  outer loop
    vertex 19.34116189658318 44.63925893543947 8.999999999999996
    vertex 20.499999999999975 44.96410161513777 7.999999999999996
    vertex 19.535276180410055 45.363703305156285 7.999999999999996
  endloop
endfacet
facet normal 0.3070899395861899 0.7413806970173277 0.5966996154641393
  outer loop
    vertex 20.499999999999975 44.96410161513777 7.999999999999996
    vertex 19.34116189658318 44.63925893543947 8.999999999999996
    vertex 20.12499999999999 44.31458256229943 8.999999999999996
  endloop
endfacet
facet normal 0.10474265958038595 0.7955994872855158 0.5966996154641397
  outer loop
    vertex 18.499999999999993 44.75 8.999999999999996
    vertex 19.535276180410055 45.363703305156285 7.999999999999996
    vertex 18.49999999999997 45.50000000000001 7.999999999999996
  endloop
endfacet
facet normal 0.10474265958038595 0.7955994872855158 0.5966996154641397
  outer loop
    vertex 19.535276180410055 45.363703305156285 7.999999999999996
    vertex 18.499999999999993 44.75 8.999999999999996
    vertex 19.34116189658318 44.63925893543947 8.999999999999996
  endloop
endfacet
facet normal -0.10474265958039515 0.7955994872855141 0.5966996154641401
  outer loop
    vertex 17.658838103416798 44.63925893543947 8.999999999999996
    vertex 18.49999999999997 45.50000000000001 7.999999999999996
    vertex 17.46472381958989 45.36370330515627 7.999999999999996
  endloop
endfacet
facet normal -0.10474265958039515 0.7955994872855141 0.5966996154641401
  outer loop
    vertex 18.49999999999997 45.50000000000001 7.999999999999996
    vertex 17.658838103416798 44.63925893543947 8.999999999999996
    vertex 18.499999999999993 44.75 8.999999999999996
  endloop
endfacet
facet normal -0.3070899395861991 0.7413806970173236 0.5966996154641395
  outer loop
    vertex 16.874999999999993 44.31458256229943 8.999999999999996
    vertex 17.46472381958989 45.36370330515627 7.999999999999996
    vertex 16.499999999999975 44.96410161513775 7.999999999999996
  endloop
endfacet
facet normal -0.3070899395861991 0.7413806970173236 0.5966996154641395
  outer loop
    vertex 17.46472381958989 45.36370330515627 7.999999999999996
    vertex 16.874999999999993 44.31458256229943 8.999999999999996
    vertex 17.658838103416798 44.63925893543947 8.999999999999996
  endloop
endfacet
facet normal -0.4885095476993228 0.6366380374369359 0.5966996154641377
  outer loop
    vertex 16.201902961143713 43.798097038856284 8.999999999999996
    vertex 16.499999999999975 44.96410161513775 7.999999999999996
    vertex 15.671572875253789 44.328427124746185 7.999999999999996
  endloop
endfacet
facet normal -0.4885095476993228 0.6366380374369359 0.5966996154641377
  outer loop
    vertex 16.499999999999975 44.96410161513775 7.999999999999996
    vertex 16.201902961143713 43.798097038856284 8.999999999999996
    vertex 16.874999999999993 44.31458256229943 8.999999999999996
  endloop
endfacet
facet normal -0.6366380374369398 0.4885095476993171 0.5966996154641382
  outer loop
    vertex 16.201902961143713 43.798097038856284 8.999999999999996
    vertex 15.035898384862227 43.499999999999986 7.999999999999996
    vertex 15.685417437700565 43.125 8.999999999999996
  endloop
endfacet
facet normal -0.6366380374369398 0.4885095476993171 0.5966996154641382
  outer loop
    vertex 15.035898384862227 43.499999999999986 7.999999999999996
    vertex 16.201902961143713 43.798097038856284 8.999999999999996
    vertex 15.671572875253789 44.328427124746185 7.999999999999996
  endloop
endfacet
facet normal -0.7413806970173267 0.3070899395861928 0.596699615464139
  outer loop
    vertex 15.685417437700565 43.125 8.999999999999996
    vertex 14.636296694843711 42.53527618041007 7.999999999999996
    vertex 15.360741064560518 42.341161896583195 8.999999999999996
  endloop
endfacet
facet normal -0.7413806970173267 0.3070899395861928 0.596699615464139
  outer loop
    vertex 14.636296694843711 42.53527618041007 7.999999999999996
    vertex 15.685417437700565 43.125 8.999999999999996
    vertex 15.035898384862227 43.499999999999986 7.999999999999996
  endloop
endfacet
facet normal -0.795599487285516 0.104742659580386 0.5966996154641393
  outer loop
    vertex 15.249999999999991 41.5 8.999999999999996
    vertex 14.636296694843711 42.53527618041007 7.999999999999996
    vertex 14.499999999999991 41.49999999999999 7.999999999999996
  endloop
endfacet
facet normal -0.795599487285516 0.104742659580386 0.5966996154641393
  outer loop
    vertex 14.636296694843711 42.53527618041007 7.999999999999996
    vertex 15.249999999999991 41.5 8.999999999999996
    vertex 15.360741064560518 42.341161896583195 8.999999999999996
  endloop
endfacet
facet normal -0.7955994872855149 -0.10474265958039 0.5966996154641401
  outer loop
    vertex 15.360741064560518 40.65883810341681 8.999999999999996
    vertex 14.499999999999991 41.49999999999999 7.999999999999996
    vertex 14.636296694843717 40.464723819589906 7.999999999999996
  endloop
endfacet
facet normal -0.7955994872855149 -0.10474265958039 0.5966996154641401
  outer loop
    vertex 14.499999999999991 41.49999999999999 7.999999999999996
    vertex 15.360741064560518 40.65883810341681 8.999999999999996
    vertex 15.249999999999991 41.5 8.999999999999996
  endloop
endfacet
facet normal -0.7413806970173236 -0.3070899395861973 0.5966996154641406
  outer loop
    vertex 15.685417437700565 39.875 8.999999999999996
    vertex 14.636296694843717 40.464723819589906 7.999999999999996
    vertex 15.035898384862241 39.49999999999999 7.999999999999996
  endloop
endfacet
facet normal -0.7413806970173236 -0.3070899395861973 0.5966996154641406
  outer loop
    vertex 14.636296694843717 40.464723819589906 7.999999999999996
    vertex 15.685417437700565 39.875 8.999999999999996
    vertex 15.360741064560518 40.65883810341681 8.999999999999996
  endloop
endfacet
facet normal -0.6366380374369333 -0.48850954769932287 0.5966996154641405
  outer loop
    vertex 16.201902961143713 39.20190296114372 8.999999999999996
    vertex 15.035898384862241 39.49999999999999 7.999999999999996
    vertex 15.671572875253812 38.6715728752538 7.999999999999996
  endloop
endfacet
facet normal -0.6366380374369333 -0.48850954769932287 0.5966996154641405
  outer loop
    vertex 15.035898384862241 39.49999999999999 7.999999999999996
    vertex 16.201902961143713 39.20190296114372 8.999999999999996
    vertex 15.685417437700565 39.875 8.999999999999996
  endloop
endfacet
facet normal -0.48850954769931854 -0.6366380374369369 0.59669961546414
  outer loop
    vertex 16.874999999999993 38.68541743770058 8.999999999999996
    vertex 15.671572875253812 38.6715728752538 7.999999999999996
    vertex 16.500000000000004 38.03589838486224 7.999999999999996
  endloop
endfacet
facet normal -0.48850954769931854 -0.6366380374369369 0.59669961546414
  outer loop
    vertex 15.671572875253812 38.6715728752538 7.999999999999996
    vertex 16.874999999999993 38.68541743770058 8.999999999999996
    vertex 16.201902961143713 39.20190296114372 8.999999999999996
  endloop
endfacet
facet normal -0.30708993958619 -0.741380697017328 0.5966996154641387
  outer loop
    vertex 17.658838103416798 38.360741064560536 8.999999999999996
    vertex 16.500000000000004 38.03589838486224 7.999999999999996
    vertex 17.464723819589924 37.63629669484373 7.999999999999996
  endloop
endfacet
facet normal -0.30708993958619 -0.741380697017328 0.5966996154641387
  outer loop
    vertex 16.500000000000004 38.03589838486224 7.999999999999996
    vertex 17.658838103416798 38.360741064560536 8.999999999999996
    vertex 16.874999999999993 38.68541743770058 8.999999999999996
  endloop
endfacet
facet normal -0.10474265958038595 -0.7955994872855158 0.5966996154641397
  outer loop
    vertex 18.499999999999993 38.25 8.999999999999996
    vertex 17.464723819589924 37.63629669484373 7.999999999999996
    vertex 18.500000000000007 37.50000000000001 7.999999999999996
  endloop
endfacet
facet normal -0.10474265958038595 -0.7955994872855158 0.5966996154641397
  outer loop
    vertex 17.464723819589924 37.63629669484373 7.999999999999996
    vertex 18.499999999999993 38.25 8.999999999999996
    vertex 17.658838103416798 38.360741064560536 8.999999999999996
  endloop
endfacet
facet normal 0.1047426595803947 -0.7955994872855143 0.5966996154641399
  outer loop
    vertex 19.341161896583184 38.360741064560536 8.999999999999996
    vertex 18.500000000000007 37.50000000000001 7.999999999999996
    vertex 19.53527618041009 37.636296694843736 7.999999999999996
  endloop
endfacet
facet normal 0.1047426595803947 -0.7955994872855143 0.5966996154641399
  outer loop
    vertex 18.500000000000007 37.50000000000001 7.999999999999996
    vertex 19.341161896583184 38.360741064560536 8.999999999999996
    vertex 18.499999999999993 38.25 8.999999999999996
  endloop
endfacet
facet normal 0.3070899395861946 -0.7413806970173252 0.59669961546414
  outer loop
    vertex 20.124999999999993 38.68541743770058 8.999999999999996
    vertex 19.53527618041009 37.636296694843736 7.999999999999996
    vertex 20.500000000000007 38.03589838486226 7.999999999999996
  endloop
endfacet
facet normal 0.3070899395861946 -0.7413806970173252 0.59669961546414
  outer loop
    vertex 19.53527618041009 37.636296694843736 7.999999999999996
    vertex 20.124999999999993 38.68541743770058 8.999999999999996
    vertex 19.341161896583184 38.360741064560536 8.999999999999996
  endloop
endfacet
facet normal 0.48850954769932114 -0.6366380374369356 0.5966996154641394
  outer loop
    vertex 20.79809703885627 39.20190296114372 8.999999999999996
    vertex 20.500000000000007 38.03589838486226 7.999999999999996
    vertex 21.328427124746195 38.67157287525382 7.999999999999996
  endloop
endfacet
facet normal 0.48850954769932114 -0.6366380374369356 0.5966996154641394
  outer loop
    vertex 20.500000000000007 38.03589838486226 7.999999999999996
    vertex 20.79809703885627 39.20190296114372 8.999999999999996
    vertex 20.124999999999993 38.68541743770058 8.999999999999996
  endloop
endfacet
facet normal 0.636638037436937 -0.4885095476993186 0.59669961546414
  outer loop
    vertex 21.964101615137757 39.50000000000002 7.999999999999996
    vertex 20.79809703885627 39.20190296114372 8.999999999999996
    vertex 21.328427124746195 38.67157287525382 7.999999999999996
  endloop
endfacet
facet normal 0.636638037436937 -0.4885095476993186 0.59669961546414
  outer loop
    vertex 20.79809703885627 39.20190296114372 8.999999999999996
    vertex 21.964101615137757 39.50000000000002 7.999999999999996
    vertex 21.314582562299417 39.87500000000001 8.999999999999996
  endloop
endfacet
facet normal 0.7413806970173268 -0.30708993958619185 0.5966996154641395
  outer loop
    vertex 22.36370330515627 40.46472381958994 7.999999999999996
    vertex 21.314582562299417 39.87500000000001 8.999999999999996
    vertex 21.964101615137757 39.50000000000002 7.999999999999996
  endloop
endfacet
facet normal 0.7413806970173268 -0.30708993958619185 0.5966996154641395
  outer loop
    vertex 21.314582562299417 39.87500000000001 8.999999999999996
    vertex 22.36370330515627 40.46472381958994 7.999999999999996
    vertex 21.639258935439464 40.65883810341681 8.999999999999996
  endloop
endfacet
facet normal 0.795599487285516 -0.104742659580386 0.5966996154641393
  outer loop
    vertex 22.499999999999993 41.50000000000002 7.999999999999996
    vertex 21.639258935439464 40.65883810341681 8.999999999999996
    vertex 22.36370330515627 40.46472381958994 7.999999999999996
  endloop
endfacet
facet normal 0.795599487285516 -0.104742659580386 0.5966996154641393
  outer loop
    vertex 21.639258935439464 40.65883810341681 8.999999999999996
    vertex 22.499999999999993 41.50000000000002 7.999999999999996
    vertex 21.749999999999993 41.5 8.999999999999996
  endloop
endfacet
facet normal 0.3070899395861924 0.7413806970173223 0.5966996154641445
  outer loop
    vertex 46.34116189658318 44.639258935439486 9.000000000000005
    vertex 47.49999999999999 44.964101615137785 8.000000000000004
    vertex 46.53527618041007 45.3637033051563 8.000000000000004
  endloop
endfacet
facet normal 0.3070899395861924 0.7413806970173223 0.5966996154641445
  outer loop
    vertex 47.49999999999999 44.964101615137785 8.000000000000004
    vertex 46.34116189658318 44.639258935439486 9.000000000000005
    vertex 47.124999999999986 44.31458256229944 9.000000000000005
  endloop
endfacet
facet normal -0.7413806970173289 0.3070899395861937 0.5966996154641357
  outer loop
    vertex 42.68541743770056 43.125000000000014 9.000000000000005
    vertex 41.63629669484372 42.5352761804101 8.000000000000004
    vertex 42.360741064560514 42.3411618965832 9.000000000000005
  endloop
endfacet
facet normal -0.7413806970173289 0.3070899395861937 0.5966996154641357
  outer loop
    vertex 41.63629669484372 42.5352761804101 8.000000000000004
    vertex 42.68541743770056 43.125000000000014 9.000000000000005
    vertex 42.035898384862236 43.500000000000014 8.000000000000004
  endloop
endfacet
facet normal -0.6366380374369389 -0.4885095476993244 0.5966996154641333
  outer loop
    vertex 43.2019029611437 39.20190296114374 9.000000000000005
    vertex 42.035898384862236 39.500000000000014 8.000000000000004
    vertex 42.6715728752538 38.67157287525382 8.000000000000004
  endloop
endfacet
facet normal -0.6366380374369389 -0.4885095476993244 0.5966996154641333
  outer loop
    vertex 42.035898384862236 39.500000000000014 8.000000000000004
    vertex 43.2019029611437 39.20190296114374 9.000000000000005
    vertex 42.68541743770056 39.875000000000014 9.000000000000005
  endloop
endfacet
facet normal -0.10474265958038975 0.7955994872855129 0.5966996154641425
  outer loop
    vertex 44.65883810341679 44.639258935439486 9.000000000000005
    vertex 45.499999999999986 45.50000000000002 8.000000000000004
    vertex 44.464723819589906 45.3637033051563 8.000000000000004
  endloop
endfacet
facet normal -0.10474265958038975 0.7955994872855129 0.5966996154641425
  outer loop
    vertex 45.499999999999986 45.50000000000002 8.000000000000004
    vertex 44.65883810341679 44.639258935439486 9.000000000000005
    vertex 45.49999999999999 44.750000000000014 9.000000000000005
  endloop
endfacet
facet normal -0.7413806970173297 -0.3070899395861957 0.5966996154641337
  outer loop
    vertex 42.68541743770056 39.875000000000014 9.000000000000005
    vertex 41.63629669484372 40.46472381958993 8.000000000000004
    vertex 42.035898384862236 39.500000000000014 8.000000000000004
  endloop
endfacet
facet normal -0.7413806970173297 -0.3070899395861957 0.5966996154641337
  outer loop
    vertex 41.63629669484372 40.46472381958993 8.000000000000004
    vertex 42.68541743770056 39.875000000000014 9.000000000000005
    vertex 42.360741064560514 40.65883810341683 9.000000000000005
  endloop
endfacet
facet normal -0.6366380374369377 0.4885095476993217 0.5966996154641365
  outer loop
    vertex 43.2019029611437 43.79809703885629 9.000000000000005
    vertex 42.035898384862236 43.500000000000014 8.000000000000004
    vertex 42.68541743770056 43.125000000000014 9.000000000000005
  endloop
endfacet
facet normal -0.6366380374369377 0.4885095476993217 0.5966996154641365
  outer loop
    vertex 42.035898384862236 43.500000000000014 8.000000000000004
    vertex 43.2019029611437 43.79809703885629 9.000000000000005
    vertex 42.6715728752538 44.328427124746206 8.000000000000004
  endloop
endfacet
facet normal -0.7955994872855191 0.1047426595803908 0.596699615464134
  outer loop
    vertex 42.360741064560514 42.3411618965832 9.000000000000005
    vertex 41.49999999999999 41.500000000000014 8.000000000000004
    vertex 42.249999999999986 41.500000000000014 9.000000000000005
  endloop
endfacet
facet normal -0.7955994872855191 0.1047426595803908 0.596699615464134
  outer loop
    vertex 41.49999999999999 41.500000000000014 8.000000000000004
    vertex 42.360741064560514 42.3411618965832 9.000000000000005
    vertex 41.63629669484372 42.5352761804101 8.000000000000004
  endloop
endfacet
facet normal -0.30708993958619785 0.7413806970173242 0.5966996154641396
  outer loop
    vertex 43.874999999999986 44.31458256229944 9.000000000000005
    vertex 44.464723819589906 45.3637033051563 8.000000000000004
    vertex 43.499999999999986 44.96410161513777 8.000000000000004
  endloop
endfacet
facet normal -0.30708993958619785 0.7413806970173242 0.5966996154641396
  outer loop
    vertex 44.464723819589906 45.3637033051563 8.000000000000004
    vertex 43.874999999999986 44.31458256229944 9.000000000000005
    vertex 44.65883810341679 44.639258935439486 9.000000000000005
  endloop
endfacet
facet normal -0.7955994872855191 -0.1047426595803908 0.596699615464134
  outer loop
    vertex 42.360741064560514 40.65883810341683 9.000000000000005
    vertex 41.49999999999999 41.500000000000014 8.000000000000004
    vertex 41.63629669484372 40.46472381958993 8.000000000000004
  endloop
endfacet
facet normal -0.7955994872855191 -0.1047426595803908 0.596699615464134
  outer loop
    vertex 41.49999999999999 41.500000000000014 8.000000000000004
    vertex 42.360741064560514 40.65883810341683 9.000000000000005
    vertex 42.249999999999986 41.500000000000014 9.000000000000005
  endloop
endfacet
facet normal -0.48850954769932164 0.6366380374369374 0.596699615464137
  outer loop
    vertex 43.2019029611437 43.79809703885629 9.000000000000005
    vertex 43.499999999999986 44.96410161513777 8.000000000000004
    vertex 42.6715728752538 44.328427124746206 8.000000000000004
  endloop
endfacet
facet normal -0.48850954769932164 0.6366380374369374 0.596699615464137
  outer loop
    vertex 43.499999999999986 44.96410161513777 8.000000000000004
    vertex 43.2019029611437 43.79809703885629 9.000000000000005
    vertex 43.874999999999986 44.31458256229944 9.000000000000005
  endloop
endfacet
facet normal 0.4885095476993186 0.6366380374369337 0.5966996154641434
  outer loop
    vertex 47.124999999999986 44.31458256229944 9.000000000000005
    vertex 48.328427124746185 44.32842712474622 8.000000000000004
    vertex 47.49999999999999 44.964101615137785 8.000000000000004
  endloop
endfacet
facet normal 0.4885095476993186 0.6366380374369337 0.5966996154641434
  outer loop
    vertex 48.328427124746185 44.32842712474622 8.000000000000004
    vertex 47.124999999999986 44.31458256229944 9.000000000000005
    vertex 47.79809703885627 43.79809703885629 9.000000000000005
  endloop
endfacet
facet normal -0.10474265958039004 -0.795599487285518 0.5966996154641357
  outer loop
    vertex 45.49999999999999 38.250000000000014 9.000000000000005
    vertex 44.46472381958991 37.63629669484374 8.000000000000004
    vertex 45.5 37.500000000000014 8.000000000000004
  endloop
endfacet
facet normal -0.10474265958039004 -0.795599487285518 0.5966996154641357
  outer loop
    vertex 44.46472381958991 37.63629669484374 8.000000000000004
    vertex 45.49999999999999 38.250000000000014 9.000000000000005
    vertex 44.65883810341679 38.36074106456054 9.000000000000005
  endloop
endfacet
facet normal 0.10474265958038734 0.7955994872855126 0.5966996154641437
  outer loop
    vertex 45.49999999999999 44.750000000000014 9.000000000000005
    vertex 46.53527618041007 45.3637033051563 8.000000000000004
    vertex 45.499999999999986 45.50000000000002 8.000000000000004
  endloop
endfacet
facet normal 0.10474265958038734 0.7955994872855126 0.5966996154641437
  outer loop
    vertex 46.53527618041007 45.3637033051563 8.000000000000004
    vertex 45.49999999999999 44.750000000000014 9.000000000000005
    vertex 46.34116189658318 44.639258935439486 9.000000000000005
  endloop
endfacet
facet normal 0.10474265958039046 -0.7955994872855167 0.5966996154641377
  outer loop
    vertex 46.34116189658318 38.36074106456054 9.000000000000005
    vertex 45.5 37.500000000000014 8.000000000000004
    vertex 46.53527618041009 37.63629669484374 8.000000000000004
  endloop
endfacet
facet normal 0.10474265958039046 -0.7955994872855167 0.5966996154641377
  outer loop
    vertex 45.5 37.500000000000014 8.000000000000004
    vertex 46.34116189658318 38.36074106456054 9.000000000000005
    vertex 45.49999999999999 38.250000000000014 9.000000000000005
  endloop
endfacet
facet normal -0.48850954769932153 -0.6366380374369401 0.5966996154641343
  outer loop
    vertex 43.874999999999986 38.685417437700586 9.000000000000005
    vertex 42.6715728752538 38.67157287525382 8.000000000000004
    vertex 43.5 38.03589838486226 8.000000000000004
  endloop
endfacet
facet normal -0.48850954769932153 -0.6366380374369401 0.5966996154641343
  outer loop
    vertex 42.6715728752538 38.67157287525382 8.000000000000004
    vertex 43.874999999999986 38.685417437700586 9.000000000000005
    vertex 43.2019029611437 39.20190296114374 9.000000000000005
  endloop
endfacet
facet normal 0.488509547699327 -0.6366380374369359 0.5966996154641342
  outer loop
    vertex 47.79809703885627 39.20190296114374 9.000000000000005
    vertex 47.5 38.03589838486227 8.000000000000004
    vertex 48.32842712474619 38.67157287525384 8.000000000000004
  endloop
endfacet
facet normal 0.488509547699327 -0.6366380374369359 0.5966996154641342
  outer loop
    vertex 47.5 38.03589838486227 8.000000000000004
    vertex 47.79809703885627 39.20190296114374 9.000000000000005
    vertex 47.12500000000001 38.685417437700586 9.000000000000005
  endloop
endfacet
facet normal 0.6366380374369355 -0.4885095476993221 0.5966996154641387
  outer loop
    vertex 48.96410161513776 39.50000000000002 8.000000000000004
    vertex 47.79809703885627 39.20190296114374 9.000000000000005
    vertex 48.32842712474619 38.67157287525384 8.000000000000004
  endloop
endfacet
facet normal 0.6366380374369355 -0.4885095476993221 0.5966996154641387
  outer loop
    vertex 47.79809703885627 39.20190296114374 9.000000000000005
    vertex 48.96410161513776 39.50000000000002 8.000000000000004
    vertex 48.31458256229942 39.875000000000014 9.000000000000005
  endloop
endfacet
facet normal 0.7413806970173246 0.30708993958619707 0.5966996154641396
  outer loop
    vertex 49.36370330515627 42.53527618041011 8.000000000000004
    vertex 48.31458256229942 43.125000000000014 9.000000000000005
    vertex 48.639258935439464 42.34116189658321 9.000000000000005
  endloop
endfacet
facet normal 0.7413806970173246 0.30708993958619707 0.5966996154641396
  outer loop
    vertex 48.31458256229942 43.125000000000014 9.000000000000005
    vertex 49.36370330515627 42.53527618041011 8.000000000000004
    vertex 48.96410161513775 43.50000000000003 8.000000000000004
  endloop
endfacet
facet normal 0.7413806970173282 -0.30708993958620073 0.5966996154641331
  outer loop
    vertex 49.36370330515627 40.46472381958995 8.000000000000004
    vertex 48.31458256229942 39.875000000000014 9.000000000000005
    vertex 48.96410161513776 39.50000000000002 8.000000000000004
  endloop
endfacet
facet normal 0.7413806970173282 -0.30708993958620073 0.5966996154641331
  outer loop
    vertex 48.31458256229942 39.875000000000014 9.000000000000005
    vertex 49.36370330515627 40.46472381958995 8.000000000000004
    vertex 48.639258935439486 40.65883810341683 9.000000000000005
  endloop
endfacet
facet normal 0.795599487285516 0.1047426595803947 0.5966996154641377
  outer loop
    vertex 49.5 41.50000000000003 8.000000000000004
    vertex 48.639258935439464 42.34116189658321 9.000000000000005
    vertex 48.75000000000001 41.500000000000014 9.000000000000005
  endloop
endfacet
facet normal 0.795599487285516 0.1047426595803947 0.5966996154641377
  outer loop
    vertex 48.639258935439464 42.34116189658321 9.000000000000005
    vertex 49.5 41.50000000000003 8.000000000000004
    vertex 49.36370330515627 42.53527618041011 8.000000000000004
  endloop
endfacet
facet normal 0.6366380374369339 0.4885095476993224 0.5966996154641403
  outer loop
    vertex 48.96410161513775 43.50000000000003 8.000000000000004
    vertex 47.79809703885627 43.79809703885629 9.000000000000005
    vertex 48.31458256229942 43.125000000000014 9.000000000000005
  endloop
endfacet
facet normal 0.6366380374369339 0.4885095476993224 0.5966996154641403
  outer loop
    vertex 47.79809703885627 43.79809703885629 9.000000000000005
    vertex 48.96410161513775 43.50000000000003 8.000000000000004
    vertex 48.328427124746185 44.32842712474622 8.000000000000004
  endloop
endfacet
facet normal 0.3070899395861952 -0.7413806970173283 0.5966996154641359
  outer loop
    vertex 47.12500000000001 38.685417437700586 9.000000000000005
    vertex 46.53527618041009 37.63629669484374 8.000000000000004
    vertex 47.5 38.03589838486227 8.000000000000004
  endloop
endfacet
facet normal 0.3070899395861952 -0.7413806970173283 0.5966996154641359
  outer loop
    vertex 46.53527618041009 37.63629669484374 8.000000000000004
    vertex 47.12500000000001 38.685417437700586 9.000000000000005
    vertex 46.34116189658318 38.36074106456054 9.000000000000005
  endloop
endfacet
facet normal -0.30708993958619474 -0.7413806970173294 0.5966996154641345
  outer loop
    vertex 44.65883810341679 38.36074106456054 9.000000000000005
    vertex 43.5 38.03589838486226 8.000000000000004
    vertex 44.46472381958991 37.63629669484374 8.000000000000004
  endloop
endfacet
facet normal -0.30708993958619474 -0.7413806970173294 0.5966996154641345
  outer loop
    vertex 43.5 38.03589838486226 8.000000000000004
    vertex 44.65883810341679 38.36074106456054 9.000000000000005
    vertex 43.874999999999986 38.685417437700586 9.000000000000005
  endloop
endfacet
facet normal 0.7955994872855228 -0.104742659580387 0.59669961546413
  outer loop
    vertex 49.5 41.50000000000003 8.000000000000004
    vertex 48.639258935439486 40.65883810341683 9.000000000000005
    vertex 49.36370330515627 40.46472381958995 8.000000000000004
  endloop
endfacet
facet normal 0.7955994872855228 -0.104742659580387 0.59669961546413
  outer loop
    vertex 48.639258935439486 40.65883810341683 9.000000000000005
    vertex 49.5 41.50000000000003 8.000000000000004
    vertex 48.75000000000001 41.500000000000014 9.000000000000005
  endloop
endfacet
facet normal -0.0 -0.0 1.0
  outer loop
    vertex 42.360741064560514 40.65883810341683 9.000000000000005
    vertex 42.360741064560514 42.3411618965832 9.000000000000005
    vertex 42.249999999999986 41.500000000000014 9.000000000000005
  endloop
endfacet
facet normal -0.0 -0.0 1.0
  outer loop
    vertex 42.360741064560514 42.3411618965832 9.000000000000005
    vertex 42.360741064560514 40.65883810341683 9.000000000000005
    vertex 42.68541743770056 39.875000000000014 9.000000000000005
  endloop
endfacet
facet normal -0.0 -0.0 1.0
  outer loop
    vertex 42.360741064560514 42.3411618965832 9.000000000000005
    vertex 42.68541743770056 39.875000000000014 9.000000000000005
    vertex 42.68541743770056 43.125000000000014 9.000000000000005
  endloop
endfacet
facet normal -0.0 -0.0 1.0
  outer loop
    vertex 42.68541743770056 43.125000000000014 9.000000000000005
    vertex 42.68541743770056 39.875000000000014 9.000000000000005
    vertex 43.2019029611437 39.20190296114374 9.000000000000005
  endloop
endfacet
facet normal -0.0 -0.0 1.0
  outer loop
    vertex 42.68541743770056 43.125000000000014 9.000000000000005
    vertex 43.2019029611437 39.20190296114374 9.000000000000005
    vertex 43.2019029611437 43.79809703885629 9.000000000000005
  endloop
endfacet
facet normal -0.0 -0.0 1.0
  outer loop
    vertex 43.2019029611437 43.79809703885629 9.000000000000005
    vertex 43.2019029611437 39.20190296114374 9.000000000000005
    vertex 43.874999999999986 38.685417437700586 9.000000000000005
  endloop
endfacet
facet normal -0.0 -0.0 1.0
  outer loop
    vertex 43.2019029611437 43.79809703885629 9.000000000000005
    vertex 43.874999999999986 38.685417437700586 9.000000000000005
    vertex 43.874999999999986 44.31458256229944 9.000000000000005
  endloop
endfacet
facet normal -0.0 -0.0 1.0
  outer loop
    vertex 43.874999999999986 44.31458256229944 9.000000000000005
    vertex 43.874999999999986 38.685417437700586 9.000000000000005
    vertex 44.65883810341679 38.36074106456054 9.000000000000005
  endloop
endfacet
facet normal -0.0 -0.0 1.0
  outer loop
    vertex 43.874999999999986 44.31458256229944 9.000000000000005
    vertex 44.65883810341679 38.36074106456054 9.000000000000005
    vertex 44.65883810341679 44.639258935439486 9.000000000000005
  endloop
endfacet
facet normal -0.0 -0.0 1.0
  outer loop
    vertex 44.65883810341679 44.639258935439486 9.000000000000005
    vertex 44.65883810341679 38.36074106456054 9.000000000000005
    vertex 45.49999999999999 38.250000000000014 9.000000000000005
  endloop
endfacet
facet normal -0.0 -0.0 1.0
  outer loop
    vertex 44.65883810341679 44.639258935439486 9.000000000000005
    vertex 45.49999999999999 38.250000000000014 9.000000000000005
    vertex 45.49999999999999 44.750000000000014 9.000000000000005
  endloop
endfacet
facet normal -0.0 -0.0 1.0
  outer loop
    vertex 45.49999999999999 44.750000000000014 9.000000000000005
    vertex 45.49999999999999 38.250000000000014 9.000000000000005
    vertex 46.34116189658318 38.36074106456054 9.000000000000005
  endloop
endfacet
facet normal -0.0 -0.0 1.0
  outer loop
    vertex 45.49999999999999 44.750000000000014 9.000000000000005
    vertex 46.34116189658318 38.36074106456054 9.000000000000005
    vertex 46.34116189658318 44.639258935439486 9.000000000000005
  endloop
endfacet
facet normal -0.0 -0.0 1.0
  outer loop
    vertex 46.34116189658318 44.639258935439486 9.000000000000005
    vertex 46.34116189658318 38.36074106456054 9.000000000000005
    vertex 47.12500000000001 38.685417437700586 9.000000000000005
  endloop
endfacet
facet normal -0.0 -0.0 1.0
  outer loop
    vertex 46.34116189658318 44.639258935439486 9.000000000000005
    vertex 47.12500000000001 38.685417437700586 9.000000000000005
    vertex 47.124999999999986 44.31458256229944 9.000000000000005
  endloop
endfacet
facet normal -0.0 -0.0 1.0
  outer loop
    vertex 47.124999999999986 44.31458256229944 9.000000000000005
    vertex 47.12500000000001 38.685417437700586 9.000000000000005
    vertex 47.79809703885627 43.79809703885629 9.000000000000005
  endloop
endfacet
facet normal -0.0 -0.0 1.0
  outer loop
    vertex 47.79809703885627 43.79809703885629 9.000000000000005
    vertex 47.12500000000001 38.685417437700586 9.000000000000005
    vertex 47.79809703885627 39.20190296114374 9.000000000000005
  endloop
endfacet
facet normal -0.0 -0.0 1.0
  outer loop
    vertex 47.79809703885627 43.79809703885629 9.000000000000005
    vertex 47.79809703885627 39.20190296114374 9.000000000000005
    vertex 48.31458256229942 39.875000000000014 9.000000000000005
  endloop
endfacet
facet normal -0.0 -0.0 1.0
  outer loop
    vertex 47.79809703885627 43.79809703885629 9.000000000000005
    vertex 48.31458256229942 39.875000000000014 9.000000000000005
    vertex 48.31458256229942 43.125000000000014 9.000000000000005
  endloop
endfacet
facet normal -0.0 -0.0 1.0
  outer loop
    vertex 48.31458256229942 43.125000000000014 9.000000000000005
    vertex 48.31458256229942 39.875000000000014 9.000000000000005
    vertex 48.639258935439486 40.65883810341683 9.000000000000005
  endloop
endfacet
facet normal -0.0 -0.0 1.0
  outer loop
    vertex 48.31458256229942 43.125000000000014 9.000000000000005
    vertex 48.639258935439486 40.65883810341683 9.000000000000005
    vertex 48.639258935439464 42.34116189658321 9.000000000000005
  endloop
endfacet
facet normal -0.0 -0.0 1.0
  outer loop
    vertex 48.639258935439464 42.34116189658321 9.000000000000005
    vertex 48.639258935439486 40.65883810341683 9.000000000000005
    vertex 48.75000000000001 41.500000000000014 9.000000000000005
  endloop
endfacet
facet normal 0.7955994872855106 0.10474265958039493 0.596699615464145
  outer loop
    vertex 76.36370330515626 42.535276180410115 8.000000000000014
    vertex 75.74999999999997 41.50000000000004 9.000000000000016
    vertex 76.5 41.500000000000036 8.000000000000014
  endloop
endfacet
facet normal 0.7955994872855106 0.10474265958039493 0.596699615464145
  outer loop
    vertex 75.74999999999997 41.50000000000004 9.000000000000016
    vertex 76.36370330515626 42.535276180410115 8.000000000000014
    vertex 75.63925893543944 42.34116189658324 9.000000000000016
  endloop
endfacet
facet normal 0.7413806970173257 0.30708993958618974 0.596699615464142
  outer loop
    vertex 76.36370330515626 42.535276180410115 8.000000000000014
    vertex 75.3145825622994 43.12500000000004 9.000000000000016
    vertex 75.63925893543944 42.34116189658324 9.000000000000016
  endloop
endfacet
facet normal 0.7413806970173257 0.30708993958618974 0.596699615464142
  outer loop
    vertex 75.3145825622994 43.12500000000004 9.000000000000016
    vertex 76.36370330515626 42.535276180410115 8.000000000000014
    vertex 75.96410161513775 43.500000000000036 8.000000000000014
  endloop
endfacet
facet normal 0.6366380374369344 0.4885095476993201 0.5966996154641416
  outer loop
    vertex 75.96410161513775 43.500000000000036 8.000000000000014
    vertex 74.79809703885626 43.79809703885632 9.000000000000016
    vertex 75.3145825622994 43.12500000000004 9.000000000000016
  endloop
endfacet
facet normal 0.6366380374369344 0.4885095476993201 0.5966996154641416
  outer loop
    vertex 74.79809703885626 43.79809703885632 9.000000000000016
    vertex 75.96410161513775 43.500000000000036 8.000000000000014
    vertex 75.32842712474618 44.32842712474622 8.000000000000014
  endloop
endfacet
facet normal 0.7413806970173192 -0.30708993958619757 0.5966996154641457
  outer loop
    vertex 76.36370330515626 40.46472381958995 8.000000000000014
    vertex 75.3145825622994 39.87500000000004 9.000000000000016
    vertex 75.96410161513775 39.50000000000004 8.000000000000014
  endloop
endfacet
facet normal 0.7413806970173192 -0.30708993958619757 0.5966996154641457
  outer loop
    vertex 75.3145825622994 39.87500000000004 9.000000000000016
    vertex 76.36370330515626 40.46472381958995 8.000000000000014
    vertex 75.63925893543946 40.658838103416855 9.000000000000016
  endloop
endfacet
facet normal 0.795599487285511 -0.10474265958038548 0.5966996154641461
  outer loop
    vertex 76.5 41.500000000000036 8.000000000000014
    vertex 75.63925893543946 40.658838103416855 9.000000000000016
    vertex 76.36370330515626 40.46472381958995 8.000000000000014
  endloop
endfacet
facet normal 0.795599487285511 -0.10474265958038548 0.5966996154641461
  outer loop
    vertex 75.63925893543946 40.658838103416855 9.000000000000016
    vertex 76.5 41.500000000000036 8.000000000000014
    vertex 75.74999999999997 41.50000000000004 9.000000000000016
  endloop
endfacet
facet normal 0.6366380374369317 -0.48850954769931976 0.5966996154641445
  outer loop
    vertex 75.96410161513775 39.50000000000004 8.000000000000014
    vertex 74.79809703885626 39.201902961143766 9.000000000000016
    vertex 75.32842712474617 38.67157287525385 8.000000000000014
  endloop
endfacet
facet normal 0.6366380374369317 -0.48850954769931976 0.5966996154641445
  outer loop
    vertex 74.79809703885626 39.201902961143766 9.000000000000016
    vertex 75.96410161513775 39.50000000000004 8.000000000000014
    vertex 75.3145825622994 39.87500000000004 9.000000000000016
  endloop
endfacet
facet normal 0.1047426595803916 0.7955994872855225 0.5966996154641296
  outer loop
    vertex 72.49999999999999 44.75000000000004 9.000000000000016
    vertex 73.53527618041008 45.3637033051563 8.000000000000014
    vertex 72.5 45.50000000000002 8.000000000000014
  endloop
endfacet
facet normal 0.1047426595803916 0.7955994872855225 0.5966996154641296
  outer loop
    vertex 73.53527618041008 45.3637033051563 8.000000000000014
    vertex 72.49999999999999 44.75000000000004 9.000000000000016
    vertex 73.34116189658317 44.639258935439514 9.000000000000016
  endloop
endfacet
facet normal -0.3070899395861995 0.7413806970173357 0.5966996154641243
  outer loop
    vertex 70.87499999999997 44.31458256229947 9.000000000000016
    vertex 71.4647238195899 45.3637033051563 8.000000000000014
    vertex 70.5 44.964101615137785 8.000000000000014
  endloop
endfacet
facet normal -0.3070899395861995 0.7413806970173357 0.5966996154641243
  outer loop
    vertex 71.4647238195899 45.3637033051563 8.000000000000014
    vertex 70.87499999999997 44.31458256229947 9.000000000000016
    vertex 71.65883810341678 44.639258935439514 9.000000000000016
  endloop
endfacet
facet normal -0.7413806970173427 0.3070899395861979 0.5966996154641168
  outer loop
    vertex 69.68541743770055 43.12500000000004 9.000000000000016
    vertex 68.63629669484375 42.53527618041012 8.000000000000014
    vertex 69.3607410645605 42.34116189658323 9.000000000000016
  endloop
endfacet
facet normal -0.7413806970173427 0.3070899395861979 0.5966996154641168
  outer loop
    vertex 68.63629669484375 42.53527618041012 8.000000000000014
    vertex 69.68541743770055 43.12500000000004 9.000000000000016
    vertex 69.03589838486225 43.500000000000036 8.000000000000014
  endloop
endfacet
facet normal 0.4885095476993206 0.6366380374369364 0.5966996154641389
  outer loop
    vertex 74.12499999999997 44.31458256229947 9.000000000000016
    vertex 75.32842712474618 44.32842712474622 8.000000000000014
    vertex 74.5 44.964101615137785 8.000000000000014
  endloop
endfacet
facet normal 0.4885095476993206 0.6366380374369364 0.5966996154641389
  outer loop
    vertex 75.32842712474618 44.32842712474622 8.000000000000014
    vertex 74.12499999999997 44.31458256229947 9.000000000000016
    vertex 74.79809703885626 43.79809703885632 9.000000000000016
  endloop
endfacet
facet normal -0.10474265958039063 0.7955994872855248 0.5966996154641265
  outer loop
    vertex 71.65883810341678 44.639258935439514 9.000000000000016
    vertex 72.5 45.50000000000002 8.000000000000014
    vertex 71.4647238195899 45.3637033051563 8.000000000000014
  endloop
endfacet
facet normal -0.10474265958039063 0.7955994872855248 0.5966996154641265
  outer loop
    vertex 72.5 45.50000000000002 8.000000000000014
    vertex 71.65883810341678 44.639258935439514 9.000000000000016
    vertex 72.49999999999999 44.75000000000004 9.000000000000016
  endloop
endfacet
facet normal 0.3070899395861948 0.7413806970173297 0.5966996154641343
  outer loop
    vertex 73.34116189658317 44.639258935439514 9.000000000000016
    vertex 74.5 44.964101615137785 8.000000000000014
    vertex 73.53527618041008 45.3637033051563 8.000000000000014
  endloop
endfacet
facet normal 0.3070899395861948 0.7413806970173297 0.5966996154641343
  outer loop
    vertex 74.5 44.964101615137785 8.000000000000014
    vertex 73.34116189658317 44.639258935439514 9.000000000000016
    vertex 74.12499999999997 44.31458256229947 9.000000000000016
  endloop
endfacet
facet normal -0.48850954769932986 0.6366380374369466 0.5966996154641205
  outer loop
    vertex 70.20190296114369 43.79809703885632 9.000000000000016
    vertex 70.5 44.964101615137785 8.000000000000014
    vertex 69.67157287525383 44.32842712474622 8.000000000000014
  endloop
endfacet
facet normal -0.48850954769932986 0.6366380374369466 0.5966996154641205
  outer loop
    vertex 70.5 44.964101615137785 8.000000000000014
    vertex 70.20190296114369 43.79809703885632 9.000000000000016
    vertex 70.87499999999997 44.31458256229947 9.000000000000016
  endloop
endfacet
facet normal -0.10474265958039387 -0.795599487285519 0.5966996154641337
  outer loop
    vertex 72.49999999999999 38.25000000000004 9.000000000000016
    vertex 71.46472381958992 37.63629669484378 8.000000000000014
    vertex 72.49999999999999 37.50000000000004 8.000000000000014
  endloop
endfacet
facet normal -0.10474265958039387 -0.795599487285519 0.5966996154641337
  outer loop
    vertex 71.46472381958992 37.63629669484378 8.000000000000014
    vertex 72.49999999999999 38.25000000000004 9.000000000000016
    vertex 71.65883810341678 38.36074106456057 9.000000000000016
  endloop
endfacet
facet normal -0.48850954769932886 -0.6366380374369435 0.5966996154641248
  outer loop
    vertex 70.87499999999997 38.685417437700615 9.000000000000016
    vertex 69.67157287525382 38.671572875253865 8.000000000000014
    vertex 70.5 38.03589838486229 8.000000000000014
  endloop
endfacet
facet normal -0.48850954769932886 -0.6366380374369435 0.5966996154641248
  outer loop
    vertex 69.67157287525382 38.671572875253865 8.000000000000014
    vertex 70.87499999999997 38.685417437700615 9.000000000000016
    vertex 70.20190296114369 39.201902961143766 9.000000000000016
  endloop
endfacet
facet normal 0.48850954769932253 -0.6366380374369328 0.5966996154641411
  outer loop
    vertex 74.79809703885626 39.201902961143766 9.000000000000016
    vertex 74.5 38.03589838486229 8.000000000000014
    vertex 75.32842712474617 38.67157287525385 8.000000000000014
  endloop
endfacet
facet normal 0.48850954769932253 -0.6366380374369328 0.5966996154641411
  outer loop
    vertex 74.5 38.03589838486229 8.000000000000014
    vertex 74.79809703885626 39.201902961143766 9.000000000000016
    vertex 74.12499999999999 38.685417437700615 9.000000000000016
  endloop
endfacet
facet normal 0.10474265958039011 -0.7955994872855165 0.596699615464138
  outer loop
    vertex 73.34116189658317 38.36074106456057 9.000000000000016
    vertex 72.49999999999999 37.50000000000004 8.000000000000014
    vertex 73.53527618041008 37.63629669484377 8.000000000000014
  endloop
endfacet
facet normal 0.10474265958039011 -0.7955994872855165 0.596699615464138
  outer loop
    vertex 72.49999999999999 37.50000000000004 8.000000000000014
    vertex 73.34116189658317 38.36074106456057 9.000000000000016
    vertex 72.49999999999999 38.25000000000004 9.000000000000016
  endloop
endfacet
facet normal -0.6366380374369476 0.48850954769933186 0.5966996154641179
  outer loop
    vertex 70.20190296114369 43.79809703885632 9.000000000000016
    vertex 69.03589838486225 43.500000000000036 8.000000000000014
    vertex 69.68541743770055 43.12500000000004 9.000000000000016
  endloop
endfacet
facet normal -0.6366380374369476 0.48850954769933186 0.5966996154641179
  outer loop
    vertex 69.03589838486225 43.500000000000036 8.000000000000014
    vertex 70.20190296114369 43.79809703885632 9.000000000000016
    vertex 69.67157287525383 44.32842712474622 8.000000000000014
  endloop
endfacet
facet normal -0.636638037436947 -0.48850954769932986 0.5966996154641202
  outer loop
    vertex 70.20190296114369 39.201902961143766 9.000000000000016
    vertex 69.03589838486225 39.50000000000004 8.000000000000014
    vertex 69.67157287525382 38.671572875253865 8.000000000000014
  endloop
endfacet
facet normal -0.636638037436947 -0.48850954769932986 0.5966996154641202
  outer loop
    vertex 69.03589838486225 39.50000000000004 8.000000000000014
    vertex 70.20190296114369 39.201902961143766 9.000000000000016
    vertex 69.68541743770055 39.87500000000004 9.000000000000016
  endloop
endfacet
facet normal 0.307089939586194 -0.7413806970173255 0.59669961546414
  outer loop
    vertex 74.12499999999999 38.685417437700615 9.000000000000016
    vertex 73.53527618041008 37.63629669484377 8.000000000000014
    vertex 74.5 38.03589838486229 8.000000000000014
  endloop
endfacet
facet normal 0.307089939586194 -0.7413806970173255 0.59669961546414
  outer loop
    vertex 73.53527618041008 37.63629669484377 8.000000000000014
    vertex 74.12499999999999 38.685417437700615 9.000000000000016
    vertex 73.34116189658317 38.36074106456057 9.000000000000016
  endloop
endfacet
facet normal -0.7955994872855316 0.10474265958039768 0.5966996154641163
  outer loop
    vertex 69.24999999999997 41.50000000000004 9.000000000000016
    vertex 68.63629669484375 42.53527618041012 8.000000000000014
    vertex 68.50000000000001 41.500000000000036 8.000000000000014
  endloop
endfacet
facet normal -0.7955994872855316 0.10474265958039768 0.5966996154641163
  outer loop
    vertex 68.63629669484375 42.53527618041012 8.000000000000014
    vertex 69.24999999999997 41.50000000000004 9.000000000000016
    vertex 69.3607410645605 42.34116189658323 9.000000000000016
  endloop
endfacet
facet normal -0.0 -0.0 1.0
  outer loop
    vertex 69.3607410645605 40.658838103416855 9.000000000000016
    vertex 69.3607410645605 42.34116189658323 9.000000000000016
    vertex 69.24999999999997 41.50000000000004 9.000000000000016
  endloop
endfacet
facet normal -0.0 -0.0 1.0
  outer loop
    vertex 69.3607410645605 42.34116189658323 9.000000000000016
    vertex 69.3607410645605 40.658838103416855 9.000000000000016
    vertex 69.68541743770055 39.87500000000004 9.000000000000016
  endloop
endfacet
facet normal -0.0 -0.0 1.0
  outer loop
    vertex 69.3607410645605 42.34116189658323 9.000000000000016
    vertex 69.68541743770055 39.87500000000004 9.000000000000016
    vertex 69.68541743770055 43.12500000000004 9.000000000000016
  endloop
endfacet
facet normal -0.0 -0.0 1.0
  outer loop
    vertex 69.68541743770055 43.12500000000004 9.000000000000016
    vertex 69.68541743770055 39.87500000000004 9.000000000000016
    vertex 70.20190296114369 39.201902961143766 9.000000000000016
  endloop
endfacet
facet normal -0.0 -0.0 1.0
  outer loop
    vertex 69.68541743770055 43.12500000000004 9.000000000000016
    vertex 70.20190296114369 39.201902961143766 9.000000000000016
    vertex 70.20190296114369 43.79809703885632 9.000000000000016
  endloop
endfacet
facet normal -0.0 -0.0 1.0
  outer loop
    vertex 70.20190296114369 43.79809703885632 9.000000000000016
    vertex 70.20190296114369 39.201902961143766 9.000000000000016
    vertex 70.87499999999997 38.685417437700615 9.000000000000016
  endloop
endfacet
facet normal -0.0 -0.0 1.0
  outer loop
    vertex 70.20190296114369 43.79809703885632 9.000000000000016
    vertex 70.87499999999997 38.685417437700615 9.000000000000016
    vertex 70.87499999999997 44.31458256229947 9.000000000000016
  endloop
endfacet
facet normal -0.0 -0.0 1.0
  outer loop
    vertex 70.87499999999997 44.31458256229947 9.000000000000016
    vertex 70.87499999999997 38.685417437700615 9.000000000000016
    vertex 71.65883810341678 38.36074106456057 9.000000000000016
  endloop
endfacet
facet normal -0.0 -0.0 1.0
  outer loop
    vertex 70.87499999999997 44.31458256229947 9.000000000000016
    vertex 71.65883810341678 38.36074106456057 9.000000000000016
    vertex 71.65883810341678 44.639258935439514 9.000000000000016
  endloop
endfacet
facet normal -0.0 -0.0 1.0
  outer loop
    vertex 71.65883810341678 44.639258935439514 9.000000000000016
    vertex 71.65883810341678 38.36074106456057 9.000000000000016
    vertex 72.49999999999999 38.25000000000004 9.000000000000016
  endloop
endfacet
facet normal -0.0 -0.0 1.0
  outer loop
    vertex 71.65883810341678 44.639258935439514 9.000000000000016
    vertex 72.49999999999999 38.25000000000004 9.000000000000016
    vertex 72.49999999999999 44.75000000000004 9.000000000000016
  endloop
endfacet
facet normal -0.0 -0.0 1.0
  outer loop
    vertex 72.49999999999999 44.75000000000004 9.000000000000016
    vertex 72.49999999999999 38.25000000000004 9.000000000000016
    vertex 73.34116189658317 38.36074106456057 9.000000000000016
  endloop
endfacet
facet normal -0.0 -0.0 1.0
  outer loop
    vertex 72.49999999999999 44.75000000000004 9.000000000000016
    vertex 73.34116189658317 38.36074106456057 9.000000000000016
    vertex 73.34116189658317 44.639258935439514 9.000000000000016
  endloop
endfacet
facet normal -0.0 -0.0 1.0
  outer loop
    vertex 73.34116189658317 44.639258935439514 9.000000000000016
    vertex 73.34116189658317 38.36074106456057 9.000000000000016
    vertex 74.12499999999999 38.685417437700615 9.000000000000016
  endloop
endfacet
facet normal -0.0 -0.0 1.0
  outer loop
    vertex 73.34116189658317 44.639258935439514 9.000000000000016
    vertex 74.12499999999999 38.685417437700615 9.000000000000016
    vertex 74.12499999999997 44.31458256229947 9.000000000000016
  endloop
endfacet
facet normal -0.0 -0.0 1.0
  outer loop
    vertex 74.12499999999997 44.31458256229947 9.000000000000016
    vertex 74.12499999999999 38.685417437700615 9.000000000000016
    vertex 74.79809703885626 43.79809703885632 9.000000000000016
  endloop
endfacet
facet normal -0.0 -0.0 1.0
  outer loop
    vertex 74.79809703885626 43.79809703885632 9.000000000000016
    vertex 74.12499999999999 38.685417437700615 9.000000000000016
    vertex 74.79809703885626 39.201902961143766 9.000000000000016
  endloop
endfacet
facet normal -0.0 -0.0 1.0
  outer loop
    vertex 74.79809703885626 43.79809703885632 9.000000000000016
    vertex 74.79809703885626 39.201902961143766 9.000000000000016
    vertex 75.3145825622994 39.87500000000004 9.000000000000016
  endloop
endfacet
facet normal -0.0 -0.0 1.0
  outer loop
    vertex 74.79809703885626 43.79809703885632 9.000000000000016
    vertex 75.3145825622994 39.87500000000004 9.000000000000016
    vertex 75.3145825622994 43.12500000000004 9.000000000000016
  endloop
endfacet
facet normal -0.0 -0.0 1.0
  outer loop
    vertex 75.3145825622994 43.12500000000004 9.000000000000016
    vertex 75.3145825622994 39.87500000000004 9.000000000000016
    vertex 75.63925893543946 40.658838103416855 9.000000000000016
  endloop
endfacet
facet normal -0.0 -0.0 1.0
  outer loop
    vertex 75.3145825622994 43.12500000000004 9.000000000000016
    vertex 75.63925893543946 40.658838103416855 9.000000000000016
    vertex 75.63925893543944 42.34116189658324 9.000000000000016
  endloop
endfacet
facet normal -0.0 -0.0 1.0
  outer loop
    vertex 75.63925893543944 42.34116189658324 9.000000000000016
    vertex 75.63925893543946 40.658838103416855 9.000000000000016
    vertex 75.74999999999997 41.50000000000004 9.000000000000016
  endloop
endfacet
facet normal -0.30708993958619646 -0.7413806970173337 0.5966996154641284
  outer loop
    vertex 71.65883810341678 38.36074106456057 9.000000000000016
    vertex 70.5 38.03589838486229 8.000000000000014
    vertex 71.46472381958992 37.63629669484378 8.000000000000014
  endloop
endfacet
facet normal -0.30708993958619646 -0.7413806970173337 0.5966996154641284
  outer loop
    vertex 70.5 38.03589838486229 8.000000000000014
    vertex 71.65883810341678 38.36074106456057 9.000000000000016
    vertex 70.87499999999997 38.685417437700615 9.000000000000016
  endloop
endfacet
facet normal -0.7413806970173397 -0.30708993958619984 0.5966996154641193
  outer loop
    vertex 69.68541743770055 39.87500000000004 9.000000000000016
    vertex 68.63629669484374 40.46472381958996 8.000000000000014
    vertex 69.03589838486225 39.50000000000004 8.000000000000014
  endloop
endfacet
facet normal -0.7413806970173397 -0.30708993958619984 0.5966996154641193
  outer loop
    vertex 68.63629669484374 40.46472381958996 8.000000000000014
    vertex 69.68541743770055 39.87500000000004 9.000000000000016
    vertex 69.3607410645605 40.658838103416855 9.000000000000016
  endloop
endfacet
facet normal -0.7955994872855298 -0.10474265958039286 0.5966996154641195
  outer loop
    vertex 69.3607410645605 40.658838103416855 9.000000000000016
    vertex 68.50000000000001 41.500000000000036 8.000000000000014
    vertex 68.63629669484374 40.46472381958996 8.000000000000014
  endloop
endfacet
facet normal -0.7955994872855298 -0.10474265958039286 0.5966996154641195
  outer loop
    vertex 68.50000000000001 41.500000000000036 8.000000000000014
    vertex 69.3607410645605 40.658838103416855 9.000000000000016
    vertex 69.24999999999997 41.50000000000004 9.000000000000016
  endloop
endfacet
facet normal 0.9914448613738105 0.13052619222005216 -0.0
  outer loop
    vertex 103.36370330515626 42.535276180410165 2.0000000000000133
    vertex 103.49999999999999 41.500000000000085 8.000000000000007
    vertex 103.49999999999999 41.500000000000085 2.0000000000000133
  endloop
endfacet
facet normal 0.9914448613738105 0.13052619222005216 -0.0
  outer loop
    vertex 103.49999999999999 41.500000000000085 8.000000000000007
    vertex 103.36370330515626 42.535276180410165 2.0000000000000133
    vertex 103.36370330515626 42.535276180410165 8.000000000000007
  endloop
endfacet
facet normal 0.9238795325112892 0.382683432365084 -0.0
  outer loop
    vertex 102.96410161513775 43.50000000000007 2.0000000000000133
    vertex 103.36370330515626 42.535276180410165 8.000000000000007
    vertex 103.36370330515626 42.535276180410165 2.0000000000000133
  endloop
endfacet
facet normal 0.9238795325112892 0.382683432365084 -0.0
  outer loop
    vertex 103.36370330515626 42.535276180410165 8.000000000000007
    vertex 102.96410161513775 43.50000000000007 2.0000000000000133
    vertex 102.96410161513775 43.50000000000007 8.000000000000007
  endloop
endfacet
facet normal 0.3070899395861973 0.7413806970173388 0.5966996154641219
  outer loop
    vertex 100.3411618965832 44.63925893543955 9.000000000000009
    vertex 101.49999999999999 44.964101615137814 8.000000000000007
    vertex 100.53527618041007 45.36370330515633 8.000000000000007
  endloop
endfacet
facet normal 0.3070899395861973 0.7413806970173388 0.5966996154641219
  outer loop
    vertex 101.49999999999999 44.964101615137814 8.000000000000007
    vertex 100.3411618965832 44.63925893543955 9.000000000000009
    vertex 101.12500000000003 44.3145825622995 9.000000000000009
  endloop
endfacet
facet normal -0.3070899395862038 0.7413806970173334 0.596699615464125
  outer loop
    vertex 97.87500000000001 44.3145825622995 9.000000000000009
    vertex 98.4647238195899 45.363703305156314 8.000000000000007
    vertex 97.49999999999999 44.964101615137785 8.000000000000007
  endloop
endfacet
facet normal -0.3070899395862038 0.7413806970173334 0.596699615464125
  outer loop
    vertex 98.4647238195899 45.363703305156314 8.000000000000007
    vertex 97.87500000000001 44.3145825622995 9.000000000000009
    vertex 98.65883810341681 44.63925893543955 9.000000000000009
  endloop
endfacet
facet normal -0.636638037436943 0.48850954769932325 0.5966996154641299
  outer loop
    vertex 97.20190296114373 43.79809703885635 9.000000000000009
    vertex 96.03589838486225 43.500000000000036 8.000000000000007
    vertex 96.6854174377006 43.12500000000007 9.000000000000009
  endloop
endfacet
facet normal -0.636638037436943 0.48850954769932325 0.5966996154641299
  outer loop
    vertex 96.03589838486225 43.500000000000036 8.000000000000007
    vertex 97.20190296114373 43.79809703885635 9.000000000000009
    vertex 96.67157287525382 44.32842712474622 8.000000000000007
  endloop
endfacet
facet normal -0.6366380374369375 -0.48850954769932453 0.5966996154641345
  outer loop
    vertex 97.20190296114373 39.201902961143794 9.000000000000009
    vertex 96.03589838486229 39.50000000000004 8.000000000000007
    vertex 96.67157287525384 38.671572875253865 8.000000000000007
  endloop
endfacet
facet normal -0.6366380374369375 -0.48850954769932453 0.5966996154641345
  outer loop
    vertex 96.03589838486229 39.50000000000004 8.000000000000007
    vertex 97.20190296114373 39.201902961143794 9.000000000000009
    vertex 96.6854174377006 39.87500000000007 9.000000000000009
  endloop
endfacet
facet normal 0.10474265958039346 -0.7955994872855168 0.5966996154641369
  outer loop
    vertex 100.3411618965832 38.3607410645606 9.000000000000009
    vertex 99.50000000000003 37.50000000000007 8.000000000000007
    vertex 100.53527618041011 37.63629669484381 8.000000000000007
  endloop
endfacet
facet normal 0.10474265958039346 -0.7955994872855168 0.5966996154641369
  outer loop
    vertex 99.50000000000003 37.50000000000007 8.000000000000007
    vertex 100.3411618965832 38.3607410645606 9.000000000000009
    vertex 99.50000000000001 38.25000000000007 9.000000000000009
  endloop
endfacet
facet normal -0.7955994872855179 -0.10474265958038673 0.5966996154641365
  outer loop
    vertex 96.36074106456054 40.65883810341688 9.000000000000009
    vertex 95.50000000000003 41.50000000000003 8.000000000000007
    vertex 95.63629669484375 40.46472381958995 8.000000000000007
  endloop
endfacet
facet normal -0.7955994872855179 -0.10474265958038673 0.5966996154641365
  outer loop
    vertex 95.50000000000003 41.50000000000003 8.000000000000007
    vertex 96.36074106456054 40.65883810341688 9.000000000000009
    vertex 96.25000000000003 41.50000000000007 9.000000000000009
  endloop
endfacet
facet normal 0.10474265958038753 0.7955994872855274 0.5966996154641236
  outer loop
    vertex 99.50000000000001 44.75000000000007 9.000000000000009
    vertex 100.53527618041007 45.36370330515633 8.000000000000007
    vertex 99.49999999999999 45.50000000000005 8.000000000000007
  endloop
endfacet
facet normal 0.10474265958038753 0.7955994872855274 0.5966996154641236
  outer loop
    vertex 100.53527618041007 45.36370330515633 8.000000000000007
    vertex 99.50000000000001 44.75000000000007 9.000000000000009
    vertex 100.3411618965832 44.63925893543955 9.000000000000009
  endloop
endfacet
facet normal -0.30708993958619446 -0.7413806970173283 0.5966996154641363
  outer loop
    vertex 98.65883810341681 38.3607410645606 9.000000000000009
    vertex 97.50000000000004 38.03589838486231 8.000000000000007
    vertex 98.46472381958995 37.63629669484379 8.000000000000007
  endloop
endfacet
facet normal -0.30708993958619446 -0.7413806970173283 0.5966996154641363
  outer loop
    vertex 97.50000000000004 38.03589838486231 8.000000000000007
    vertex 98.65883810341681 38.3607410645606 9.000000000000009
    vertex 97.87500000000001 38.68541743770064 9.000000000000009
  endloop
endfacet
facet normal -0.7955994872855203 0.10474265958038151 0.5966996154641343
  outer loop
    vertex 96.25000000000003 41.50000000000007 9.000000000000009
    vertex 95.63629669484375 42.535276180410115 8.000000000000007
    vertex 95.50000000000003 41.50000000000003 8.000000000000007
  endloop
endfacet
facet normal -0.7955994872855203 0.10474265958038151 0.5966996154641343
  outer loop
    vertex 95.63629669484375 42.535276180410115 8.000000000000007
    vertex 96.25000000000003 41.50000000000007 9.000000000000009
    vertex 96.36074106456054 42.34116189658326 9.000000000000009
  endloop
endfacet
facet normal -0.0 -0.0 1.0
  outer loop
    vertex 96.36074106456054 40.65883810341688 9.000000000000009
    vertex 96.36074106456054 42.34116189658326 9.000000000000009
    vertex 96.25000000000003 41.50000000000007 9.000000000000009
  endloop
endfacet
facet normal -0.0 -0.0 1.0
  outer loop
    vertex 96.36074106456054 42.34116189658326 9.000000000000009
    vertex 96.36074106456054 40.65883810341688 9.000000000000009
    vertex 96.6854174377006 39.87500000000007 9.000000000000009
  endloop
endfacet
facet normal -0.0 -0.0 1.0
  outer loop
    vertex 96.36074106456054 42.34116189658326 9.000000000000009
    vertex 96.6854174377006 39.87500000000007 9.000000000000009
    vertex 96.6854174377006 43.12500000000007 9.000000000000009
  endloop
endfacet
facet normal -0.0 -0.0 1.0
  outer loop
    vertex 96.6854174377006 43.12500000000007 9.000000000000009
    vertex 96.6854174377006 39.87500000000007 9.000000000000009
    vertex 97.20190296114373 39.201902961143794 9.000000000000009
  endloop
endfacet
facet normal -0.0 -0.0 1.0
  outer loop
    vertex 96.6854174377006 43.12500000000007 9.000000000000009
    vertex 97.20190296114373 39.201902961143794 9.000000000000009
    vertex 97.20190296114373 43.79809703885635 9.000000000000009
  endloop
endfacet
facet normal -0.0 -0.0 1.0
  outer loop
    vertex 97.20190296114373 43.79809703885635 9.000000000000009
    vertex 97.20190296114373 39.201902961143794 9.000000000000009
    vertex 97.87500000000001 38.68541743770064 9.000000000000009
  endloop
endfacet
facet normal -0.0 -0.0 1.0
  outer loop
    vertex 97.20190296114373 43.79809703885635 9.000000000000009
    vertex 97.87500000000001 38.68541743770064 9.000000000000009
    vertex 97.87500000000001 44.3145825622995 9.000000000000009
  endloop
endfacet
facet normal -0.0 -0.0 1.0
  outer loop
    vertex 97.87500000000001 44.3145825622995 9.000000000000009
    vertex 97.87500000000001 38.68541743770064 9.000000000000009
    vertex 98.65883810341681 38.3607410645606 9.000000000000009
  endloop
endfacet
facet normal -0.0 -0.0 1.0
  outer loop
    vertex 97.87500000000001 44.3145825622995 9.000000000000009
    vertex 98.65883810341681 38.3607410645606 9.000000000000009
    vertex 98.65883810341681 44.63925893543955 9.000000000000009
  endloop
endfacet
facet normal -0.0 -0.0 1.0
  outer loop
    vertex 98.65883810341681 44.63925893543955 9.000000000000009
    vertex 98.65883810341681 38.3607410645606 9.000000000000009
    vertex 99.50000000000001 38.25000000000007 9.000000000000009
  endloop
endfacet
facet normal -0.0 -0.0 1.0
  outer loop
    vertex 98.65883810341681 44.63925893543955 9.000000000000009
    vertex 99.50000000000001 38.25000000000007 9.000000000000009
    vertex 99.50000000000001 44.75000000000007 9.000000000000009
  endloop
endfacet
facet normal -0.0 -0.0 1.0
  outer loop
    vertex 99.50000000000001 44.75000000000007 9.000000000000009
    vertex 99.50000000000001 38.25000000000007 9.000000000000009
    vertex 100.3411618965832 38.3607410645606 9.000000000000009
  endloop
endfacet
facet normal -0.0 -0.0 1.0
  outer loop
    vertex 99.50000000000001 44.75000000000007 9.000000000000009
    vertex 100.3411618965832 38.3607410645606 9.000000000000009
    vertex 100.3411618965832 44.63925893543955 9.000000000000009
  endloop
endfacet
facet normal -0.0 -0.0 1.0
  outer loop
    vertex 100.3411618965832 44.63925893543955 9.000000000000009
    vertex 100.3411618965832 38.3607410645606 9.000000000000009
    vertex 101.12500000000003 38.68541743770064 9.000000000000009
  endloop
endfacet
facet normal -0.0 -0.0 1.0
  outer loop
    vertex 100.3411618965832 44.63925893543955 9.000000000000009
    vertex 101.12500000000003 38.68541743770064 9.000000000000009
    vertex 101.12500000000003 44.3145825622995 9.000000000000009
  endloop
endfacet
facet normal -0.0 -0.0 1.0
  outer loop
    vertex 101.12500000000003 44.3145825622995 9.000000000000009
    vertex 101.12500000000003 38.68541743770064 9.000000000000009
    vertex 101.79809703885631 39.201902961143794 9.000000000000009
  endloop
endfacet
facet normal -0.0 -0.0 1.0
  outer loop
    vertex 101.12500000000003 44.3145825622995 9.000000000000009
    vertex 101.79809703885631 39.201902961143794 9.000000000000009
    vertex 101.79809703885631 43.79809703885635 9.000000000000009
  endloop
endfacet
facet normal -0.0 -0.0 1.0
  outer loop
    vertex 101.79809703885631 43.79809703885635 9.000000000000009
    vertex 101.79809703885631 39.201902961143794 9.000000000000009
    vertex 102.31458256229946 39.87500000000007 9.000000000000009
  endloop
endfacet
facet normal -0.0 -0.0 1.0
  outer loop
    vertex 101.79809703885631 43.79809703885635 9.000000000000009
    vertex 102.31458256229946 39.87500000000007 9.000000000000009
    vertex 102.31458256229946 43.12500000000007 9.000000000000009
  endloop
endfacet
facet normal -0.0 -0.0 1.0
  outer loop
    vertex 102.31458256229946 43.12500000000007 9.000000000000009
    vertex 102.31458256229946 39.87500000000007 9.000000000000009
    vertex 102.63925893543946 40.65883810341688 9.000000000000009
  endloop
endfacet
facet normal -0.0 -0.0 1.0
  outer loop
    vertex 102.31458256229946 43.12500000000007 9.000000000000009
    vertex 102.63925893543946 40.65883810341688 9.000000000000009
    vertex 102.63925893543946 42.341161896583266 9.000000000000009
  endloop
endfacet
facet normal -0.0 -0.0 1.0
  outer loop
    vertex 102.63925893543946 42.341161896583266 9.000000000000009
    vertex 102.63925893543946 40.65883810341688 9.000000000000009
    vertex 102.75 41.50000000000007 9.000000000000009
  endloop
endfacet
facet normal -0.10474265958039261 0.7955994872855268 0.5966996154641239
  outer loop
    vertex 98.65883810341681 44.63925893543955 9.000000000000009
    vertex 99.49999999999999 45.50000000000005 8.000000000000007
    vertex 98.4647238195899 45.363703305156314 8.000000000000007
  endloop
endfacet
facet normal -0.10474265958039261 0.7955994872855268 0.5966996154641239
  outer loop
    vertex 99.49999999999999 45.50000000000005 8.000000000000007
    vertex 98.65883810341681 44.63925893543955 9.000000000000009
    vertex 99.50000000000001 44.75000000000007 9.000000000000009
  endloop
endfacet
facet normal 0.4885095476993237 -0.6366380374369411 0.5966996154641312
  outer loop
    vertex 101.79809703885631 39.201902961143794 9.000000000000009
    vertex 101.50000000000003 38.03589838486233 8.000000000000007
    vertex 102.32842712474621 38.671572875253894 8.000000000000007
  endloop
endfacet
facet normal 0.4885095476993237 -0.6366380374369411 0.5966996154641312
  outer loop
    vertex 101.50000000000003 38.03589838486233 8.000000000000007
    vertex 101.79809703885631 39.201902961143794 9.000000000000009
    vertex 101.12500000000003 38.68541743770064 9.000000000000009
  endloop
endfacet
facet normal -0.7413806970173326 0.3070899395861925 0.596699615464132
  outer loop
    vertex 96.6854174377006 43.12500000000007 9.000000000000009
    vertex 95.63629669484375 42.535276180410115 8.000000000000007
    vertex 96.36074106456054 42.34116189658326 9.000000000000009
  endloop
endfacet
facet normal -0.7413806970173326 0.3070899395861925 0.596699615464132
  outer loop
    vertex 95.63629669484375 42.535276180410115 8.000000000000007
    vertex 96.6854174377006 43.12500000000007 9.000000000000009
    vertex 96.03589838486225 43.500000000000036 8.000000000000007
  endloop
endfacet
facet normal -0.48850954769932814 0.6366380374369409 0.5966996154641279
  outer loop
    vertex 97.20190296114373 43.79809703885635 9.000000000000009
    vertex 97.49999999999999 44.964101615137785 8.000000000000007
    vertex 96.67157287525382 44.32842712474622 8.000000000000007
  endloop
endfacet
facet normal -0.48850954769932814 0.6366380374369409 0.5966996154641279
  outer loop
    vertex 97.49999999999999 44.964101615137785 8.000000000000007
    vertex 97.20190296114373 43.79809703885635 9.000000000000009
    vertex 97.87500000000001 44.3145825622995 9.000000000000009
  endloop
endfacet
facet normal 0.4885095476993246 0.6366380374369528 0.5966996154641181
  outer loop
    vertex 101.12500000000003 44.3145825622995 9.000000000000009
    vertex 102.32842712474617 44.328427124746256 8.000000000000007
    vertex 101.49999999999999 44.964101615137814 8.000000000000007
  endloop
endfacet
facet normal 0.4885095476993246 0.6366380374369528 0.5966996154641181
  outer loop
    vertex 102.32842712474617 44.328427124746256 8.000000000000007
    vertex 101.12500000000003 44.3145825622995 9.000000000000009
    vertex 101.79809703885631 43.79809703885635 9.000000000000009
  endloop
endfacet
facet normal -0.7413806970173268 -0.3070899395862008 0.5966996154641346
  outer loop
    vertex 96.6854174377006 39.87500000000007 9.000000000000009
    vertex 95.63629669484375 40.46472381958995 8.000000000000007
    vertex 96.03589838486229 39.50000000000004 8.000000000000007
  endloop
endfacet
facet normal -0.7413806970173268 -0.3070899395862008 0.5966996154641346
  outer loop
    vertex 95.63629669484375 40.46472381958995 8.000000000000007
    vertex 96.6854174377006 39.87500000000007 9.000000000000009
    vertex 96.36074106456054 40.65883810341688 9.000000000000009
  endloop
endfacet
facet normal -0.4885095476993185 -0.6366380374369405 0.5966996154641363
  outer loop
    vertex 97.87500000000001 38.68541743770064 9.000000000000009
    vertex 96.67157287525384 38.671572875253865 8.000000000000007
    vertex 97.50000000000004 38.03589838486231 8.000000000000007
  endloop
endfacet
facet normal -0.4885095476993185 -0.6366380374369405 0.5966996154641363
  outer loop
    vertex 96.67157287525384 38.671572875253865 8.000000000000007
    vertex 97.87500000000001 38.68541743770064 9.000000000000009
    vertex 97.20190296114373 39.201902961143794 9.000000000000009
  endloop
endfacet
facet normal -0.10474265958038831 -0.7955994872855175 0.5966996154641366
  outer loop
    vertex 99.50000000000001 38.25000000000007 9.000000000000009
    vertex 98.46472381958995 37.63629669484379 8.000000000000007
    vertex 99.50000000000003 37.50000000000007 8.000000000000007
  endloop
endfacet
facet normal -0.10474265958038831 -0.7955994872855175 0.5966996154641366
  outer loop
    vertex 98.46472381958995 37.63629669484379 8.000000000000007
    vertex 99.50000000000001 38.25000000000007 9.000000000000009
    vertex 98.65883810341681 38.3607410645606 9.000000000000009
  endloop
endfacet
facet normal 0.7955994872855192 -0.10474265958039541 0.5966996154641332
  outer loop
    vertex 103.49999999999999 41.500000000000085 8.000000000000007
    vertex 102.63925893543946 40.65883810341688 9.000000000000009
    vertex 103.36370330515626 40.46472381959 8.000000000000007
  endloop
endfacet
facet normal 0.7955994872855192 -0.10474265958039541 0.5966996154641332
  outer loop
    vertex 102.63925893543946 40.65883810341688 9.000000000000009
    vertex 103.49999999999999 41.500000000000085 8.000000000000007
    vertex 102.75 41.50000000000007 9.000000000000009
  endloop
endfacet
facet normal 0.7413806970173404 0.30708993958617997 0.5966996154641285
  outer loop
    vertex 103.36370330515626 42.535276180410165 8.000000000000007
    vertex 102.31458256229946 43.12500000000007 9.000000000000009
    vertex 102.63925893543946 42.341161896583266 9.000000000000009
  endloop
endfacet
facet normal 0.7413806970173404 0.30708993958617997 0.5966996154641285
  outer loop
    vertex 102.31458256229946 43.12500000000007 9.000000000000009
    vertex 103.36370330515626 42.535276180410165 8.000000000000007
    vertex 102.96410161513775 43.50000000000007 8.000000000000007
  endloop
endfacet
facet normal 0.7413806970173428 -0.30708993958616937 0.5966996154641311
  outer loop
    vertex 103.36370330515626 40.46472381959 8.000000000000007
    vertex 102.31458256229946 39.87500000000007 9.000000000000009
    vertex 102.96410161513778 39.500000000000085 8.000000000000007
  endloop
endfacet
facet normal 0.7413806970173428 -0.30708993958616937 0.5966996154641311
  outer loop
    vertex 102.31458256229946 39.87500000000007 9.000000000000009
    vertex 103.36370330515626 40.46472381959 8.000000000000007
    vertex 102.63925893543946 40.65883810341688 9.000000000000009
  endloop
endfacet
facet normal 0.6366380374369435 0.4885095476993377 0.5966996154641173
  outer loop
    vertex 102.96410161513775 43.50000000000007 8.000000000000007
    vertex 101.79809703885631 43.79809703885635 9.000000000000009
    vertex 102.31458256229946 43.12500000000007 9.000000000000009
  endloop
endfacet
facet normal 0.6366380374369435 0.4885095476993377 0.5966996154641173
  outer loop
    vertex 101.79809703885631 43.79809703885635 9.000000000000009
    vertex 102.96410161513775 43.50000000000007 8.000000000000007
    vertex 102.32842712474617 44.328427124746256 8.000000000000007
  endloop
endfacet
facet normal 0.3070899395861935 -0.7413806970173287 0.5966996154641361
  outer loop
    vertex 101.12500000000003 38.68541743770064 9.000000000000009
    vertex 100.53527618041011 37.63629669484381 8.000000000000007
    vertex 101.50000000000003 38.03589838486233 8.000000000000007
  endloop
endfacet
facet normal 0.3070899395861935 -0.7413806970173287 0.5966996154641361
  outer loop
    vertex 100.53527618041011 37.63629669484381 8.000000000000007
    vertex 101.12500000000003 38.68541743770064 9.000000000000009
    vertex 100.3411618965832 38.3607410645606 9.000000000000009
  endloop
endfacet
facet normal 0.6366380374369444 -0.48850954769932414 0.5966996154641276
  outer loop
    vertex 102.96410161513778 39.500000000000085 8.000000000000007
    vertex 101.79809703885631 39.201902961143794 9.000000000000009
    vertex 102.32842712474621 38.671572875253894 8.000000000000007
  endloop
endfacet
facet normal 0.6366380374369444 -0.48850954769932414 0.5966996154641276
  outer loop
    vertex 101.79809703885631 39.201902961143794 9.000000000000009
    vertex 102.96410161513778 39.500000000000085 8.000000000000007
    vertex 102.31458256229946 39.87500000000007 9.000000000000009
  endloop
endfacet
facet normal 0.7955994872855182 0.10474265958039497 0.5966996154641344
  outer loop
    vertex 103.49999999999999 41.500000000000085 8.000000000000007
    vertex 102.63925893543946 42.341161896583266 9.000000000000009
    vertex 102.75 41.50000000000007 9.000000000000009
  endloop
endfacet
facet normal 0.7955994872855182 0.10474265958039497 0.5966996154641344
  outer loop
    vertex 102.63925893543946 42.341161896583266 9.000000000000009
    vertex 103.49999999999999 41.500000000000085 8.000000000000007
    vertex 103.36370330515626 42.535276180410165 8.000000000000007
  endloop
endfacet
endsolid Tooth brush holder
